timestamp,temperature,light,wind_speed,risk_level,source
2026-03-18 21:16:34,25.0,0,15.0,LOW,sensor
2026-03-18 21:16:36,25.0,0,15.0,LOW,sensor
2026-03-18 21:16:38,25.0,0,15.0,LOW,sensor
2026-03-18 21:16:40,25.0,0,15.0,LOW,sensor
2026-03-18 21:16:42,25.0,0,15.0,LOW,sensor
2026-03-18 21:16:44,25.0,0,15.0,LOW,sensor
2026-03-18 21:16:47,25.0,0,15.0,LOW,sensor
2026-03-18 21:16:49,25.0,0,15.0,LOW,sensor
2026-03-18 21:16:51,25.0,0,15.0,LOW,sensor
2026-03-18 21:16:53,25.0,0,15.0,LOW,sensor
2026-03-18 21:16:55,25.0,0,15.0,LOW,sensor
2026-03-18 21:16:57,25.0,0,15.0,LOW,sensor
2026-03-18 21:16:59,25.0,0,15.0,LOW,sensor
2026-03-18 21:17:01,25.0,0,15.0,LOW,sensor
2026-03-18 21:17:03,25.0,0,15.0,LOW,sensor
2026-03-18 21:17:05,25.0,0,15.0,LOW,sensor
2026-03-18 21:17:07,25.0,0,15.0,LOW,sensor
2026-03-18 21:17:09,25.0,0,15.0,LOW,sensor
2026-03-18 21:17:11,25.0,0,15.0,LOW,sensor
2026-03-18 21:17:13,25.0,0,15.0,LOW,sensor
2026-03-18 21:17:15,25.0,0,15.0,LOW,sensor
2026-03-18 21:17:17,25.0,0,15.0,LOW,sensor
2026-03-18 21:17:19,25.0,0,15.0,LOW,sensor
2026-03-18 21:17:21,25.0,0,15.0,LOW,sensor
2026-03-18 21:17:23,25.0,0,15.0,LOW,sensor
2026-03-18 21:17:25,25.0,0,15.0,LOW,sensor
2026-03-18 21:17:28,25.0,0,15.0,LOW,sensor
2026-03-18 21:17:30,25.0,0,15.0,LOW,sensor
2026-03-18 21:17:32,25.0,0,15.0,LOW,sensor
2026-03-18 21:17:34,25.0,0,15.0,LOW,sensor
2026-03-18 21:17:36,25.0,0,15.0,LOW,sensor
2026-03-18 21:17:36,25.0,0,15.0,LOW,sensor
2026-03-18 21:17:38,25.0,0,15.0,LOW,sensor
2026-03-18 21:17:40,25.0,0,15.0,LOW,sensor
2026-03-18 21:17:42,25.0,0,15.0,LOW,sensor
2026-03-18 21:17:44,25.0,0,15.0,LOW,sensor
2026-03-18 21:17:46,25.0,0,15.0,LOW,sensor
2026-03-18 21:17:48,25.0,0,15.0,LOW,sensor
2026-03-18 21:17:50,25.0,0,15.0,LOW,sensor
2026-03-18 21:17:52,25.0,0,15.0,LOW,sensor
2026-03-18 21:17:54,25.0,0,15.0,LOW,sensor
2026-03-18 21:17:56,25.0,0,15.0,LOW,sensor
2026-03-18 21:17:58,25.0,0,15.0,LOW,sensor
2026-03-18 21:18:00,25.0,0,15.0,LOW,sensor
2026-03-18 21:18:02,25.0,0,15.0,LOW,sensor
2026-03-18 21:18:04,25.0,0,15.0,LOW,sensor
2026-03-18 21:18:06,25.0,0,15.0,LOW,sensor
2026-03-18 21:18:08,25.0,0,15.0,LOW,sensor
2026-03-18 21:18:11,25.0,0,15.0,LOW,sensor
2026-03-18 21:18:13,25.0,0,15.0,LOW,sensor
2026-03-18 21:18:15,25.0,0,15.0,LOW,sensor
2026-03-18 21:18:17,25.0,0,15.0,LOW,sensor
2026-03-18 21:18:19,25.0,0,15.0,LOW,sensor
2026-03-18 21:18:21,25.0,0,15.0,LOW,sensor
2026-03-18 21:18:23,25.0,0,15.0,LOW,sensor
2026-03-18 21:18:25,25.0,0,15.0,LOW,sensor
2026-03-18 21:18:27,25.0,0,15.0,LOW,sensor
2026-03-18 21:18:29,25.0,0,15.0,LOW,sensor
2026-03-18 21:18:31,25.0,0,15.0,LOW,sensor
2026-03-18 21:18:33,25.0,0,15.0,LOW,sensor
2026-03-18 21:18:35,25.0,0,15.0,LOW,sensor
2026-03-18 21:18:37,25.0,0,15.0,LOW,sensor
2026-03-18 21:18:39,25.0,0,15.0,LOW,sensor
2026-03-18 21:18:41,25.0,0,15.0,LOW,sensor
2026-03-18 21:18:43,25.0,0,15.0,LOW,sensor
2026-03-18 21:18:46,25.0,0,15.0,LOW,sensor
2026-03-18 21:18:48,25.0,0,15.0,LOW,sensor
2026-03-18 21:18:50,25.0,0,15.0,LOW,sensor
2026-03-18 21:18:52,25.0,0,15.0,LOW,sensor
2026-03-18 21:18:54,25.0,0,15.0,LOW,sensor
2026-03-18 21:18:56,25.0,0,15.0,LOW,sensor
2026-03-18 21:18:58,25.0,0,15.0,LOW,sensor
2026-03-18 21:19:00,25.0,0,15.0,LOW,sensor
2026-03-18 21:19:00,25.0,0,15.0,LOW,sensor
2026-03-18 21:19:02,25.0,0,15.0,LOW,sensor
2026-03-18 21:19:04,25.0,0,15.0,LOW,sensor
2026-03-18 21:19:06,25.0,0,15.0,LOW,sensor
2026-03-18 21:19:08,25.0,0,15.0,LOW,sensor
2026-03-18 21:19:10,25.0,0,15.0,LOW,sensor
2026-03-18 21:19:12,25.0,0,15.0,LOW,sensor
2026-03-18 21:19:14,25.0,0,15.0,LOW,sensor
2026-03-18 21:19:17,25.0,0,15.0,LOW,sensor
2026-03-18 21:19:19,25.0,0,15.0,LOW,sensor
2026-03-18 21:19:21,25.0,0,15.0,LOW,sensor
2026-03-18 21:19:23,25.0,0,15.0,LOW,sensor
2026-03-18 21:19:25,25.0,0,15.0,LOW,sensor
2026-03-18 21:19:27,25.0,0,15.0,LOW,sensor
2026-03-18 21:19:29,25.0,0,15.0,LOW,sensor
2026-03-18 21:19:31,25.0,0,15.0,LOW,sensor
2026-03-18 21:19:33,25.0,0,15.0,LOW,sensor
2026-03-18 21:19:35,25.0,0,15.0,LOW,sensor
2026-03-18 21:19:37,25.0,0,15.0,LOW,sensor
2026-03-18 21:19:39,25.0,0,15.0,LOW,sensor
2026-03-18 21:19:41,25.0,0,15.0,LOW,sensor
2026-03-18 21:19:43,25.0,0,15.0,LOW,sensor
2026-03-18 21:19:45,25.0,0,15.0,LOW,sensor
2026-03-18 21:19:47,25.0,0,15.0,LOW,sensor
2026-03-18 21:19:49,25.0,0,15.0,LOW,sensor
2026-03-18 21:19:52,25.0,0,15.0,LOW,sensor
2026-03-18 21:19:54,25.0,0,15.0,LOW,sensor
2026-03-18 21:19:56,25.0,0,15.0,LOW,sensor
2026-03-18 21:19:58,25.0,0,15.0,LOW,sensor
2026-03-18 21:20:00,25.0,0,15.0,LOW,sensor
2026-03-18 21:20:02,25.0,0,15.0,LOW,sensor
2026-03-18 21:20:02,25.0,0,15.0,LOW,sensor
2026-03-18 21:20:05,25.0,0,15.0,LOW,sensor
2026-03-18 21:20:08,25.0,0,15.0,LOW,sensor
2026-03-18 21:20:10,25.0,0,15.0,LOW,sensor
2026-03-18 21:20:10,25.0,0,15.0,LOW,sensor
2026-03-18 21:20:13,25.0,0,15.0,LOW,sensor
2026-03-18 21:20:16,25.0,0,15.0,LOW,sensor
2026-03-18 21:20:18,25.0,0,15.0,LOW,sensor
2026-03-18 21:20:18,25.0,0,15.0,LOW,sensor
2026-03-18 21:20:21,25.0,0,15.0,LOW,sensor
2026-03-18 21:20:24,25.0,0,15.0,LOW,sensor
2026-03-18 21:20:26,25.0,0,15.0,LOW,sensor
2026-03-18 21:20:26,25.0,0,15.0,LOW,sensor
2026-03-18 21:20:29,25.0,0,15.0,LOW,sensor
2026-03-18 21:20:32,25.0,0,15.0,LOW,sensor
2026-03-18 21:20:34,25.0,0,15.0,LOW,sensor
2026-03-18 21:20:34,25.0,0,15.0,LOW,sensor
2026-03-18 21:20:37,25.0,0,15.0,LOW,sensor
2026-03-18 21:20:40,25.0,0,15.0,LOW,sensor
2026-03-18 21:20:42,25.0,0,15.0,LOW,sensor
2026-03-18 21:20:42,25.0,0,15.0,LOW,sensor
2026-03-18 21:20:45,25.0,0,15.0,LOW,sensor
2026-03-18 21:20:48,25.0,0,15.0,LOW,sensor
2026-03-18 21:20:50,25.0,0,15.0,LOW,sensor
2026-03-18 21:20:50,25.0,0,15.0,LOW,sensor
2026-03-18 21:20:53,25.0,0,15.0,LOW,sensor
2026-03-18 21:20:56,25.0,0,15.0,LOW,sensor
2026-03-18 21:20:58,25.0,0,15.0,LOW,sensor
2026-03-18 21:21:01,25.0,0,15.0,LOW,sensor
2026-03-18 21:21:01,25.0,0,15.0,LOW,sensor
2026-03-18 21:21:03,25.0,0,15.0,LOW,sensor
2026-03-18 21:21:06,25.0,0,15.0,LOW,sensor
2026-03-18 21:21:09,25.0,0,15.0,LOW,sensor
2026-03-18 21:21:09,25.0,0,15.0,LOW,sensor
2026-03-18 21:21:11,25.0,0,15.0,LOW,sensor
2026-03-18 21:21:14,25.0,0,15.0,LOW,sensor
2026-03-18 21:21:17,25.0,0,15.0,LOW,sensor
2026-03-18 21:21:17,25.0,0,15.0,LOW,sensor
2026-03-18 21:21:19,25.0,0,15.0,LOW,sensor
2026-03-18 21:21:22,25.0,0,15.0,LOW,sensor
2026-03-18 21:21:25,25.0,0,15.0,LOW,sensor
2026-03-18 21:21:25,25.0,0,15.0,LOW,sensor
2026-03-18 21:21:27,25.0,0,15.0,LOW,sensor
2026-03-18 21:21:30,25.0,0,15.0,LOW,sensor
2026-03-18 21:21:33,25.0,0,15.0,LOW,sensor
2026-03-18 21:21:33,25.0,0,15.0,LOW,sensor
2026-03-18 21:21:35,25.0,0,15.0,LOW,sensor
2026-03-18 21:21:38,25.0,0,15.0,LOW,sensor
2026-03-18 21:21:41,25.0,0,15.0,LOW,sensor
2026-03-18 21:21:41,25.0,0,15.0,LOW,sensor
2026-03-18 21:21:43,25.0,0,15.0,LOW,sensor
2026-03-18 21:21:46,25.0,0,15.0,LOW,sensor
2026-03-18 21:21:49,25.0,0,15.0,LOW,sensor
2026-03-18 21:21:49,25.0,0,15.0,LOW,sensor
2026-03-18 21:21:51,25.0,0,15.0,LOW,sensor
2026-03-18 21:21:54,25.0,0,15.0,LOW,sensor
2026-03-18 21:21:56,25.0,0,15.0,LOW,sensor
2026-03-18 21:21:56,25.0,0,15.0,LOW,sensor
2026-03-18 21:21:59,25.0,0,15.0,LOW,sensor
2026-03-18 21:22:02,25.0,0,15.0,LOW,sensor
2026-03-18 21:22:04,25.0,0,15.0,LOW,sensor
2026-03-18 21:22:07,25.0,0,15.0,LOW,sensor
2026-03-18 21:22:07,25.0,0,15.0,LOW,sensor
2026-03-18 21:22:10,25.0,0,15.0,LOW,sensor
2026-03-18 21:22:12,25.0,0,15.0,LOW,sensor
2026-03-18 21:22:15,25.0,0,15.0,LOW,sensor
2026-03-18 21:22:15,25.0,0,15.0,LOW,sensor
2026-03-18 21:22:18,25.0,0,15.0,LOW,sensor
2026-03-18 21:22:20,25.0,0,15.0,LOW,sensor
2026-03-18 21:22:23,25.0,0,15.0,LOW,sensor
2026-03-18 21:22:23,25.0,0,15.0,LOW,sensor
2026-03-18 21:22:26,25.0,0,15.0,LOW,sensor
2026-03-18 21:22:28,25.0,0,15.0,LOW,sensor
2026-03-18 21:22:31,25.0,0,15.0,LOW,sensor
2026-03-18 21:22:31,25.0,0,15.0,LOW,sensor
2026-03-18 21:22:34,25.0,0,15.0,LOW,sensor
2026-03-18 21:22:36,25.0,0,15.0,LOW,sensor
2026-03-18 21:22:39,25.0,0,15.0,LOW,sensor
2026-03-18 21:22:39,25.0,0,15.0,LOW,sensor
2026-03-18 21:22:42,25.0,0,15.0,LOW,sensor
2026-03-18 21:22:44,25.0,0,15.0,LOW,sensor
2026-03-18 21:22:47,25.0,0,15.0,LOW,sensor
2026-03-18 21:22:47,25.0,0,15.0,LOW,sensor
2026-03-18 21:22:50,25.0,0,15.0,LOW,sensor
2026-03-18 21:22:52,25.0,0,15.0,LOW,sensor
2026-03-18 21:22:55,25.0,0,15.0,LOW,sensor
2026-03-18 21:22:55,25.0,0,15.0,LOW,sensor
2026-03-18 21:22:58,25.0,0,15.0,LOW,sensor
2026-03-18 21:23:00,25.0,0,15.0,LOW,sensor
2026-03-18 21:23:03,25.0,0,15.0,LOW,sensor
2026-03-18 21:23:03,25.0,0,15.0,LOW,sensor
2026-03-18 21:23:05,25.0,0,15.0,LOW,sensor
2026-03-18 21:23:08,25.0,0,15.0,LOW,sensor
2026-03-18 21:23:11,25.0,0,15.0,LOW,sensor
2026-03-18 21:23:11,25.0,0,15.0,LOW,sensor
2026-03-18 21:23:13,25.0,0,15.0,LOW,sensor
2026-03-18 21:23:16,25.0,0,15.0,LOW,sensor
2026-03-18 21:23:19,25.0,0,15.0,LOW,sensor
2026-03-18 21:23:19,25.0,0,15.0,LOW,sensor
2026-03-18 21:23:21,25.0,0,15.0,LOW,sensor
2026-03-18 21:23:24,25.0,0,15.0,LOW,sensor
2026-03-18 21:23:27,25.0,0,15.0,LOW,sensor
2026-03-18 21:23:29,25.0,0,15.0,LOW,sensor
2026-03-18 21:23:29,25.0,0,15.0,LOW,sensor
2026-03-18 21:23:32,25.0,0,15.0,LOW,sensor
2026-03-18 21:23:35,25.0,0,15.0,LOW,sensor
2026-03-18 21:23:37,25.0,0,15.0,LOW,sensor
2026-03-18 21:23:37,25.0,0,15.0,LOW,sensor
2026-03-18 21:23:40,25.0,0,15.0,LOW,sensor
2026-03-18 21:23:43,25.0,0,15.0,LOW,sensor
2026-03-18 21:23:45,25.0,0,15.0,LOW,sensor
2026-03-18 21:23:45,25.0,0,15.0,LOW,sensor
2026-03-18 21:23:48,25.0,0,15.0,LOW,sensor
2026-03-18 21:23:51,25.0,0,15.0,LOW,sensor
2026-03-18 21:23:53,25.0,0,15.0,LOW,sensor
2026-03-18 21:23:53,25.0,0,15.0,LOW,sensor
2026-03-18 21:23:56,25.0,0,15.0,LOW,sensor
2026-03-18 21:23:58,25.0,0,15.0,LOW,sensor
2026-03-18 21:24:01,25.0,0,15.0,LOW,sensor
2026-03-18 21:24:01,25.0,0,15.0,LOW,sensor
2026-03-18 21:24:04,25.0,0,15.0,LOW,sensor
2026-03-18 21:24:06,25.0,0,15.0,LOW,sensor
2026-03-18 21:24:09,25.0,0,15.0,LOW,sensor
2026-03-18 21:24:09,25.0,0,15.0,LOW,sensor
2026-03-18 21:24:12,25.0,0,15.0,LOW,sensor
2026-03-18 21:24:14,25.0,0,15.0,LOW,sensor
2026-03-18 21:24:17,25.0,0,15.0,LOW,sensor
2026-03-18 21:24:17,25.0,0,15.0,LOW,sensor
2026-03-18 21:24:20,25.0,0,15.0,LOW,sensor
2026-03-18 21:24:22,25.0,0,15.0,LOW,sensor
2026-03-18 21:24:25,25.0,0,15.0,LOW,sensor
2026-03-18 21:24:25,25.0,0,15.0,LOW,sensor
2026-03-18 21:24:28,25.0,0,15.0,LOW,sensor
2026-03-18 21:24:30,25.0,0,15.0,LOW,sensor
2026-03-18 21:24:33,25.0,0,15.0,LOW,sensor
2026-03-18 21:24:33,25.0,0,15.0,LOW,sensor
2026-03-18 21:24:36,25.0,0,15.0,LOW,sensor
2026-03-18 21:24:38,25.0,0,15.0,LOW,sensor
2026-03-18 21:24:41,25.0,0,15.0,LOW,sensor
2026-03-18 21:24:43,25.0,0,15.0,LOW,sensor
2026-03-18 21:24:44,25.0,0,15.0,LOW,sensor
2026-03-18 21:24:46,25.0,0,15.0,LOW,sensor
2026-03-18 21:24:49,25.0,0,15.0,LOW,sensor
2026-03-18 21:24:51,25.0,0,15.0,LOW,sensor
2026-03-18 21:24:52,25.0,0,15.0,LOW,sensor
2026-03-18 21:24:54,25.0,0,15.0,LOW,sensor
2026-03-18 21:24:57,25.0,0,15.0,LOW,sensor
2026-03-18 21:24:59,25.0,0,15.0,LOW,sensor
2026-03-18 21:24:59,25.0,0,15.0,LOW,sensor
2026-03-18 21:25:02,25.0,0,15.0,LOW,sensor
2026-03-18 21:25:05,25.0,0,15.0,LOW,sensor
2026-03-18 21:25:07,25.0,0,15.0,LOW,sensor
2026-03-18 21:25:07,25.0,0,15.0,LOW,sensor
2026-03-18 21:25:10,25.0,0,15.0,LOW,sensor
2026-03-18 21:25:13,25.0,0,15.0,LOW,sensor
2026-03-18 21:25:15,25.0,0,15.0,LOW,sensor
2026-03-18 21:25:15,25.0,0,15.0,LOW,sensor
2026-03-18 21:25:18,25.0,0,15.0,LOW,sensor
2026-03-18 21:25:21,25.0,0,15.0,LOW,sensor
2026-03-18 21:25:23,25.0,0,15.0,LOW,sensor
2026-03-18 21:25:23,25.0,0,15.0,LOW,sensor
2026-03-18 21:25:26,25.0,0,15.0,LOW,sensor
2026-03-18 21:25:29,25.0,0,15.0,LOW,sensor
2026-03-18 21:25:31,25.0,0,15.0,LOW,sensor
2026-03-18 21:25:31,25.0,0,15.0,LOW,sensor
2026-03-18 21:25:34,25.0,0,15.0,LOW,sensor
2026-03-18 21:25:37,25.0,0,15.0,LOW,sensor
2026-03-18 21:25:39,25.0,0,15.0,LOW,sensor
2026-03-18 21:25:39,25.0,0,15.0,LOW,sensor
2026-03-18 21:25:42,25.0,0,15.0,LOW,sensor
2026-03-18 21:25:45,25.0,0,15.0,LOW,sensor
2026-03-18 21:25:47,25.0,0,15.0,LOW,sensor
2026-03-18 21:25:47,25.0,0,15.0,LOW,sensor
2026-03-18 21:25:50,25.0,0,15.0,LOW,sensor
2026-03-18 21:25:53,25.0,0,15.0,LOW,sensor
2026-03-18 21:25:55,25.0,0,15.0,LOW,sensor
2026-03-18 21:25:55,25.0,0,15.0,LOW,sensor
2026-03-18 21:25:58,25.0,0,15.0,LOW,sensor
2026-03-18 21:26:00,25.0,0,15.0,LOW,sensor
2026-03-18 21:26:03,25.0,0,15.0,LOW,sensor
2026-03-18 21:26:06,25.0,0,15.0,LOW,sensor
2026-03-18 21:26:06,25.0,0,15.0,LOW,sensor
2026-03-18 21:26:08,25.0,0,15.0,LOW,sensor
2026-03-18 21:26:11,25.0,0,15.0,LOW,sensor
2026-03-18 21:26:14,25.0,0,15.0,LOW,sensor
2026-03-18 21:26:14,25.0,0,15.0,LOW,sensor
2026-03-18 21:26:16,25.0,0,15.0,LOW,sensor
2026-03-18 21:26:19,25.0,0,15.0,LOW,sensor
2026-03-18 21:26:22,25.0,0,15.0,LOW,sensor
2026-03-18 21:26:22,25.0,0,15.0,LOW,sensor
2026-03-18 21:26:24,25.0,0,15.0,LOW,sensor
2026-03-18 21:26:27,25.0,0,15.0,LOW,sensor
2026-03-18 21:26:30,25.0,0,15.0,LOW,sensor
2026-03-18 21:26:30,25.0,0,15.0,LOW,sensor
2026-03-18 21:26:32,25.0,0,15.0,LOW,sensor
2026-03-18 21:26:35,25.0,0,15.0,LOW,sensor
2026-03-18 21:26:38,25.0,0,15.0,LOW,sensor
2026-03-18 21:26:38,25.0,0,15.0,LOW,sensor
2026-03-18 21:26:40,25.0,0,15.0,LOW,sensor
2026-03-18 21:26:43,25.0,0,15.0,LOW,sensor
2026-03-18 21:26:46,25.0,0,15.0,LOW,sensor
2026-03-18 21:26:46,25.0,0,15.0,LOW,sensor
2026-03-18 21:26:48,25.0,0,15.0,LOW,sensor
2026-03-18 21:26:51,25.0,0,15.0,LOW,sensor
2026-03-18 21:26:53,25.0,0,15.0,LOW,sensor
2026-03-18 21:26:53,25.0,0,15.0,LOW,sensor
2026-03-18 21:26:56,25.0,0,15.0,LOW,sensor
2026-03-18 21:26:59,25.0,0,15.0,LOW,sensor
2026-03-18 21:27:01,25.0,0,15.0,LOW,sensor
2026-03-18 21:27:01,25.0,0,15.0,LOW,sensor
2026-03-18 21:27:04,25.0,0,15.0,LOW,sensor
2026-03-18 21:27:07,25.0,0,15.0,LOW,sensor
2026-03-18 21:27:09,25.0,0,15.0,LOW,sensor
2026-03-18 21:27:09,25.0,0,15.0,LOW,sensor
2026-03-18 21:27:12,25.0,0,15.0,LOW,sensor
2026-03-18 21:27:15,25.0,0,15.0,LOW,sensor
2026-03-18 21:27:17,25.0,0,15.0,LOW,sensor
2026-03-18 21:27:17,25.0,0,15.0,LOW,sensor
2026-03-18 21:27:20,25.0,0,15.0,LOW,sensor
2026-03-18 21:27:23,25.0,0,15.0,LOW,sensor
2026-03-18 21:27:25,25.0,0,15.0,LOW,sensor
2026-03-18 21:27:28,25.0,0,15.0,LOW,sensor
2026-03-18 21:27:28,25.0,0,15.0,LOW,sensor
2026-03-18 21:27:31,25.0,0,15.0,LOW,sensor
2026-03-18 21:27:33,25.0,0,15.0,LOW,sensor
2026-03-18 21:27:36,25.0,0,15.0,LOW,sensor
2026-03-18 21:27:36,25.0,0,15.0,LOW,sensor
2026-03-18 21:27:39,25.0,0,15.0,LOW,sensor
2026-03-18 21:27:41,25.0,0,15.0,LOW,sensor
2026-03-18 21:27:44,25.0,0,15.0,LOW,sensor
2026-03-18 21:27:44,25.0,0,15.0,LOW,sensor
2026-03-18 21:27:47,25.0,0,15.0,LOW,sensor
2026-03-18 21:27:49,25.0,0,15.0,LOW,sensor
2026-03-18 21:27:52,25.0,0,15.0,LOW,sensor
2026-03-18 21:27:52,25.0,0,15.0,LOW,sensor
2026-03-18 21:27:54,25.0,0,15.0,LOW,sensor
2026-03-18 21:27:57,25.0,0,15.0,LOW,sensor
2026-03-18 21:28:00,25.0,0,15.0,LOW,sensor
2026-03-18 21:28:00,25.0,0,15.0,LOW,sensor
2026-03-18 21:28:02,25.0,0,15.0,LOW,sensor
2026-03-18 21:28:05,25.0,0,15.0,LOW,sensor
2026-03-18 21:28:08,25.0,0,15.0,LOW,sensor
2026-03-18 21:28:08,25.0,0,15.0,LOW,sensor
2026-03-18 21:28:10,25.0,0,15.0,LOW,sensor
2026-03-18 21:28:13,25.0,0,15.0,LOW,sensor
2026-03-18 21:28:16,25.0,0,15.0,LOW,sensor
2026-03-18 21:28:16,25.0,0,15.0,LOW,sensor
2026-03-18 21:28:18,25.0,0,15.0,LOW,sensor
2026-03-18 21:28:21,25.0,0,15.0,LOW,sensor
2026-03-18 21:28:24,25.0,0,15.0,LOW,sensor
2026-03-18 21:28:24,25.0,0,15.0,LOW,sensor
2026-03-18 21:28:26,25.0,0,15.0,LOW,sensor
2026-03-18 21:28:29,25.0,0,15.0,LOW,sensor
2026-03-18 21:28:32,25.0,0,15.0,LOW,sensor
2026-03-18 21:28:32,25.0,0,15.0,LOW,sensor
2026-03-18 21:28:34,25.0,0,15.0,LOW,sensor
2026-03-18 21:28:37,25.0,0,15.0,LOW,sensor
2026-03-18 21:28:40,25.0,0,15.0,LOW,sensor
2026-03-18 21:28:40,25.0,0,15.0,LOW,sensor
2026-03-18 21:28:42,25.0,0,15.0,LOW,sensor
2026-03-18 21:28:45,25.0,0,15.0,LOW,sensor
2026-03-18 21:28:48,25.0,0,15.0,LOW,sensor
2026-03-18 21:28:50,25.0,0,15.0,LOW,sensor
2026-03-18 21:28:50,25.0,0,15.0,LOW,sensor
2026-03-18 21:28:53,25.0,0,15.0,LOW,sensor
2026-03-18 21:28:56,25.0,0,15.0,LOW,sensor
2026-03-18 21:28:58,25.0,0,15.0,LOW,sensor
2026-03-18 21:28:58,25.0,0,15.0,LOW,sensor
2026-03-18 21:29:01,25.0,0,15.0,LOW,sensor
2026-03-18 21:29:04,25.0,0,15.0,LOW,sensor
2026-03-18 21:29:06,25.0,0,15.0,LOW,sensor
2026-03-18 21:29:06,25.0,0,15.0,LOW,sensor
2026-03-18 21:29:09,25.0,0,15.0,LOW,sensor
2026-03-18 21:29:11,25.0,0,15.0,LOW,sensor
2026-03-18 21:29:14,25.0,0,15.0,LOW,sensor
2026-03-18 21:29:14,25.0,0,15.0,LOW,sensor
2026-03-18 21:29:17,25.0,0,15.0,LOW,sensor
2026-03-18 21:29:19,25.0,0,15.0,LOW,sensor
2026-03-18 21:29:22,25.0,0,15.0,LOW,sensor
2026-03-18 21:29:22,25.0,0,15.0,LOW,sensor
2026-03-18 21:29:25,25.0,0,15.0,LOW,sensor
2026-03-18 21:29:27,25.0,0,15.0,LOW,sensor
2026-03-18 21:29:30,25.0,0,15.0,LOW,sensor
2026-03-18 21:29:30,25.0,0,15.0,LOW,sensor
2026-03-18 21:29:33,25.0,0,15.0,LOW,sensor
2026-03-18 21:29:35,25.0,0,15.0,LOW,sensor
2026-03-18 21:29:38,25.0,0,15.0,LOW,sensor
2026-03-18 21:29:38,25.0,0,15.0,LOW,sensor
2026-03-18 21:29:41,25.0,0,15.0,LOW,sensor
2026-03-18 21:29:43,25.0,0,15.0,LOW,sensor
2026-03-18 21:29:46,25.0,0,15.0,LOW,sensor
2026-03-18 21:29:46,25.0,0,15.0,LOW,sensor
2026-03-18 21:29:49,25.0,0,15.0,LOW,sensor
2026-03-18 21:29:51,25.0,0,15.0,LOW,sensor
2026-03-18 21:29:54,25.0,0,15.0,LOW,sensor
2026-03-18 21:29:54,25.0,0,15.0,LOW,sensor
2026-03-18 21:29:57,25.0,0,15.0,LOW,sensor
2026-03-18 21:29:59,25.0,0,15.0,LOW,sensor
2026-03-18 21:30:02,25.0,0,15.0,LOW,sensor
2026-03-18 21:30:02,25.0,0,15.0,LOW,sensor
2026-03-18 21:30:05,25.0,0,15.0,LOW,sensor
2026-03-18 21:30:07,25.0,0,15.0,LOW,sensor
2026-03-18 21:30:10,25.0,0,15.0,LOW,sensor
2026-03-18 21:30:10,25.0,0,15.0,LOW,sensor
2026-03-18 21:30:13,25.0,0,15.0,LOW,sensor
2026-03-18 21:30:15,25.0,0,15.0,LOW,sensor
2026-03-18 21:30:18,25.0,0,15.0,LOW,sensor
2026-03-18 21:30:18,25.0,0,15.0,LOW,sensor
2026-03-18 21:30:21,25.0,0,15.0,LOW,sensor
2026-03-18 21:30:23,25.0,0,15.0,LOW,sensor
2026-03-18 21:30:26,25.0,0,15.0,LOW,sensor
2026-03-18 21:30:26,25.0,0,15.0,LOW,sensor
2026-03-18 21:30:29,25.0,0,15.0,LOW,sensor
2026-03-18 21:30:31,25.0,0,15.0,LOW,sensor
2026-03-18 21:30:34,25.0,0,15.0,LOW,sensor
2026-03-18 21:30:37,25.0,0,15.0,LOW,sensor
2026-03-18 21:30:37,25.0,0,15.0,LOW,sensor
2026-03-18 21:30:39,25.0,0,15.0,LOW,sensor
2026-03-18 21:30:42,25.0,0,15.0,LOW,sensor
2026-03-18 21:30:45,25.0,0,15.0,LOW,sensor
2026-03-18 21:30:45,25.0,0,15.0,LOW,sensor
2026-03-18 21:30:47,25.0,0,15.0,LOW,sensor
2026-03-18 21:30:50,25.0,0,15.0,LOW,sensor
2026-03-18 21:30:52,25.0,0,15.0,LOW,sensor
2026-03-18 21:30:53,25.0,0,15.0,LOW,sensor
2026-03-18 21:30:55,25.0,0,15.0,LOW,sensor
2026-03-18 21:30:58,25.0,0,15.0,LOW,sensor
2026-03-18 21:31:00,25.0,0,15.0,LOW,sensor
2026-03-18 21:31:01,25.0,0,15.0,LOW,sensor
2026-03-18 21:31:03,25.0,0,15.0,LOW,sensor
2026-03-18 21:31:06,25.0,0,15.0,LOW,sensor
2026-03-18 21:31:08,25.0,0,15.0,LOW,sensor
2026-03-18 21:31:08,25.0,0,15.0,LOW,sensor
2026-03-18 21:31:11,25.0,0,15.0,LOW,sensor
2026-03-18 21:31:14,25.0,0,15.0,LOW,sensor
2026-03-18 21:31:16,25.0,0,15.0,LOW,sensor
2026-03-18 21:31:16,25.0,0,15.0,LOW,sensor
2026-03-18 21:31:19,25.0,0,15.0,LOW,sensor
2026-03-18 21:31:22,25.0,0,15.0,LOW,sensor
2026-03-18 21:31:24,25.0,0,15.0,LOW,sensor
2026-03-18 21:31:24,25.0,0,15.0,LOW,sensor
2026-03-18 21:31:27,25.0,0,15.0,LOW,sensor
2026-03-18 21:31:30,25.0,0,15.0,LOW,sensor
2026-03-18 21:31:32,25.0,0,15.0,LOW,sensor
2026-03-18 21:31:32,25.0,0,15.0,LOW,sensor
2026-03-18 21:31:35,25.0,0,15.0,LOW,sensor
2026-03-18 21:31:38,25.0,0,15.0,LOW,sensor
2026-03-18 21:31:40,25.0,0,15.0,LOW,sensor
2026-03-18 21:31:40,25.0,0,15.0,LOW,sensor
2026-03-18 21:31:43,25.0,0,15.0,LOW,sensor
2026-03-18 21:31:46,25.0,0,15.0,LOW,sensor
2026-03-18 21:31:48,25.0,0,15.0,LOW,sensor
2026-03-18 21:31:48,25.0,0,15.0,LOW,sensor
2026-03-18 21:31:51,25.0,0,15.0,LOW,sensor
2026-03-18 21:31:54,25.0,0,15.0,LOW,sensor
2026-03-18 21:31:56,25.0,0,15.0,LOW,sensor
2026-03-18 21:31:56,25.0,0,15.0,LOW,sensor
2026-03-18 21:31:59,25.0,0,15.0,LOW,sensor
2026-03-18 21:32:02,25.0,0,15.0,LOW,sensor
2026-03-18 21:32:04,25.0,0,15.0,LOW,sensor
2026-03-18 21:32:04,25.0,0,15.0,LOW,sensor
2026-03-18 21:32:07,25.0,0,15.0,LOW,sensor
2026-03-18 21:32:10,25.0,0,15.0,LOW,sensor
2026-03-18 21:32:12,25.0,0,15.0,LOW,sensor
2026-03-18 21:32:12,25.0,0,15.0,LOW,sensor
2026-03-18 21:32:15,25.0,0,15.0,LOW,sensor
2026-03-18 21:32:18,25.0,0,15.0,LOW,sensor
2026-03-18 21:32:20,25.0,0,15.0,LOW,sensor
2026-03-18 21:32:20,25.0,0,15.0,LOW,sensor
2026-03-18 21:32:23,25.0,0,15.0,LOW,sensor
2026-03-18 21:32:26,25.0,0,15.0,LOW,sensor
2026-03-18 21:32:28,25.0,0,15.0,LOW,sensor
2026-03-18 21:32:31,25.0,0,15.0,LOW,sensor
2026-03-18 21:32:31,25.0,0,15.0,LOW,sensor
2026-03-18 21:32:34,25.0,0,15.0,LOW,sensor
2026-03-18 21:32:36,25.0,0,15.0,LOW,sensor
2026-03-18 21:32:39,25.0,0,15.0,LOW,sensor
2026-03-18 21:32:39,25.0,0,15.0,LOW,sensor
2026-03-18 21:32:42,25.0,0,15.0,LOW,sensor
2026-03-18 21:32:44,25.0,0,15.0,LOW,sensor
2026-03-18 21:32:47,25.0,0,15.0,LOW,sensor
2026-03-18 21:32:47,25.0,0,15.0,LOW,sensor
2026-03-18 21:32:50,25.0,0,15.0,LOW,sensor
2026-03-18 21:32:52,25.0,0,15.0,LOW,sensor
2026-03-18 21:32:55,25.0,0,15.0,LOW,sensor
2026-03-18 21:32:55,25.0,0,15.0,LOW,sensor
2026-03-18 21:32:58,25.0,0,15.0,LOW,sensor
2026-03-18 21:33:00,25.0,0,15.0,LOW,sensor
2026-03-18 21:33:03,25.0,0,15.0,LOW,sensor
2026-03-18 21:33:03,25.0,0,15.0,LOW,sensor
2026-03-18 21:33:06,25.0,0,15.0,LOW,sensor
2026-03-18 21:33:08,25.0,0,15.0,LOW,sensor
2026-03-18 21:33:11,25.0,0,15.0,LOW,sensor
2026-03-18 21:33:11,25.0,0,15.0,LOW,sensor
2026-03-18 21:33:14,25.0,0,15.0,LOW,sensor
2026-03-18 21:33:16,25.0,0,15.0,LOW,sensor
2026-03-18 21:33:19,25.0,0,15.0,LOW,sensor
2026-03-18 21:33:19,25.0,0,15.0,LOW,sensor
2026-03-18 21:33:22,25.0,0,15.0,LOW,sensor
2026-03-18 21:33:24,25.0,0,15.0,LOW,sensor
2026-03-18 21:33:27,25.0,0,15.0,LOW,sensor
2026-03-18 21:33:27,25.0,0,15.0,LOW,sensor
2026-03-18 21:33:30,25.0,0,15.0,LOW,sensor
2026-03-18 21:33:32,25.0,0,15.0,LOW,sensor
2026-03-18 21:33:35,25.0,0,15.0,LOW,sensor
2026-03-18 21:33:35,25.0,0,15.0,LOW,sensor
2026-03-18 21:33:38,25.0,0,15.0,LOW,sensor
2026-03-18 21:33:40,25.0,0,15.0,LOW,sensor
2026-03-18 21:33:43,25.0,0,15.0,LOW,sensor
2026-03-18 21:33:43,25.0,0,15.0,LOW,sensor
2026-03-18 21:33:46,25.0,0,15.0,LOW,sensor
2026-03-18 21:33:48,25.0,0,15.0,LOW,sensor
2026-03-18 21:33:51,25.0,0,15.0,LOW,sensor
2026-03-18 21:33:51,25.0,0,15.0,LOW,sensor
2026-03-18 21:33:54,25.0,0,15.0,LOW,sensor
2026-03-18 21:33:56,25.0,0,15.0,LOW,sensor
2026-03-18 21:33:59,25.0,0,15.0,LOW,sensor
2026-03-18 21:33:59,25.0,0,15.0,LOW,sensor
2026-03-18 21:34:01,25.0,0,15.0,LOW,sensor
2026-03-18 21:34:04,25.0,0,15.0,LOW,sensor
2026-03-18 21:34:07,25.0,0,15.0,LOW,sensor
2026-03-18 21:34:07,25.0,0,15.0,LOW,sensor
2026-03-18 21:34:09,25.0,0,15.0,LOW,sensor
2026-03-18 21:34:12,25.0,0,15.0,LOW,sensor
2026-03-18 21:34:15,25.0,0,15.0,LOW,sensor
2026-03-18 21:34:15,25.0,0,15.0,LOW,sensor
2026-03-18 21:34:17,25.0,0,15.0,LOW,sensor
2026-03-18 21:34:20,25.0,0,15.0,LOW,sensor
2026-03-18 21:34:23,25.0,0,15.0,LOW,sensor
2026-03-18 21:34:23,25.0,0,15.0,LOW,sensor
2026-03-18 21:34:25,25.0,0,15.0,LOW,sensor
2026-03-18 21:34:28,25.0,0,15.0,LOW,sensor
2026-03-18 21:34:31,25.0,0,15.0,LOW,sensor
2026-03-18 21:34:31,25.0,0,15.0,LOW,sensor
2026-03-18 21:34:33,25.0,0,15.0,LOW,sensor
2026-03-18 21:34:36,25.0,0,15.0,LOW,sensor
2026-03-18 21:34:39,25.0,0,15.0,LOW,sensor
2026-03-18 21:34:39,25.0,0,15.0,LOW,sensor
2026-03-18 21:34:41,25.0,0,15.0,LOW,sensor
2026-03-18 21:34:44,25.0,0,15.0,LOW,sensor
2026-03-18 21:34:47,25.0,0,15.0,LOW,sensor
2026-03-18 21:34:49,25.0,0,15.0,LOW,sensor
2026-03-18 21:34:49,25.0,0,15.0,LOW,sensor
2026-03-18 21:34:52,25.0,0,15.0,LOW,sensor
2026-03-18 21:34:55,25.0,0,15.0,LOW,sensor
2026-03-18 21:34:57,25.0,0,15.0,LOW,sensor
2026-03-18 21:34:57,25.0,0,15.0,LOW,sensor
2026-03-18 21:35:00,25.0,0,15.0,LOW,sensor
2026-03-18 21:35:03,25.0,0,15.0,LOW,sensor
2026-03-18 21:35:05,25.0,0,15.0,LOW,sensor
2026-03-18 21:35:05,25.0,0,15.0,LOW,sensor
2026-03-18 21:35:08,25.0,0,15.0,LOW,sensor
2026-03-18 21:35:11,25.0,0,15.0,LOW,sensor
2026-03-18 21:35:13,25.0,0,15.0,LOW,sensor
2026-03-18 21:35:13,25.0,0,15.0,LOW,sensor
2026-03-18 21:35:16,25.0,0,15.0,LOW,sensor
2026-03-18 21:35:19,25.0,0,15.0,LOW,sensor
2026-03-18 21:35:21,25.0,0,15.0,LOW,sensor
2026-03-18 21:35:21,25.0,0,15.0,LOW,sensor
2026-03-18 21:35:24,25.0,0,15.0,LOW,sensor
2026-03-18 21:35:27,25.0,0,15.0,LOW,sensor
2026-03-18 21:35:29,25.0,0,15.0,LOW,sensor
2026-03-18 21:35:29,25.0,0,15.0,LOW,sensor
2026-03-18 21:35:32,25.0,0,15.0,LOW,sensor
2026-03-18 21:35:35,25.0,0,15.0,LOW,sensor
2026-03-18 21:35:37,25.0,0,15.0,LOW,sensor
2026-03-18 21:35:37,25.0,0,15.0,LOW,sensor
2026-03-18 21:35:40,25.0,0,15.0,LOW,sensor
2026-03-18 21:35:42,25.0,0,15.0,LOW,sensor
2026-03-18 21:35:45,25.0,0,15.0,LOW,sensor
2026-03-18 21:35:45,25.0,0,15.0,LOW,sensor
2026-03-18 21:35:48,25.0,0,15.0,LOW,sensor
2026-03-18 21:35:51,25.0,0,15.0,LOW,sensor
2026-03-18 21:35:53,25.0,0,15.0,LOW,sensor
2026-03-18 21:35:53,25.0,0,15.0,LOW,sensor
2026-03-18 21:35:56,25.0,0,15.0,LOW,sensor
2026-03-18 21:35:58,25.0,0,15.0,LOW,sensor
2026-03-18 21:36:01,25.0,0,15.0,LOW,sensor
2026-03-18 21:36:01,25.0,0,15.0,LOW,sensor
2026-03-18 21:36:04,25.0,0,15.0,LOW,sensor
2026-03-18 21:36:06,25.0,0,15.0,LOW,sensor
2026-03-18 21:36:09,25.0,0,15.0,LOW,sensor
2026-03-18 21:36:09,25.0,0,15.0,LOW,sensor
2026-03-18 21:36:12,25.0,0,15.0,LOW,sensor
2026-03-18 21:36:14,25.0,0,15.0,LOW,sensor
2026-03-18 21:36:17,25.0,0,15.0,LOW,sensor
2026-03-18 21:36:17,25.0,0,15.0,LOW,sensor
2026-03-18 21:36:20,25.0,0,15.0,LOW,sensor
2026-03-18 21:36:22,25.0,0,15.0,LOW,sensor
2026-03-18 21:36:25,25.0,0,15.0,LOW,sensor
2026-03-18 21:36:25,25.0,0,15.0,LOW,sensor
2026-03-18 21:36:28,25.0,0,15.0,LOW,sensor
2026-03-18 21:36:30,25.0,0,15.0,LOW,sensor
2026-03-18 21:36:33,25.0,0,15.0,LOW,sensor
2026-03-18 21:36:33,25.0,0,15.0,LOW,sensor
2026-03-18 21:36:36,25.0,0,15.0,LOW,sensor
2026-03-18 21:36:38,25.0,0,15.0,LOW,sensor
2026-03-18 21:36:41,25.0,0,15.0,LOW,sensor
2026-03-18 21:36:44,25.0,0,15.0,LOW,sensor
2026-03-18 21:36:44,25.0,0,15.0,LOW,sensor
2026-03-18 21:36:46,25.0,0,15.0,LOW,sensor
2026-03-18 21:36:49,25.0,0,15.0,LOW,sensor
2026-03-18 21:36:52,25.0,0,15.0,LOW,sensor
2026-03-18 21:36:52,25.0,0,15.0,LOW,sensor
2026-03-18 21:36:54,25.0,0,15.0,LOW,sensor
2026-03-18 21:36:57,25.0,0,15.0,LOW,sensor
2026-03-18 21:37:00,25.0,0,15.0,LOW,sensor
2026-03-18 21:37:00,25.0,0,15.0,LOW,sensor
2026-03-18 21:37:02,25.0,0,15.0,LOW,sensor
2026-03-18 21:37:05,25.0,0,15.0,LOW,sensor
2026-03-18 21:37:08,25.0,0,15.0,LOW,sensor
2026-03-18 21:37:08,25.0,0,15.0,LOW,sensor
2026-03-18 21:37:10,25.0,0,15.0,LOW,sensor
2026-03-18 21:37:13,25.0,0,15.0,LOW,sensor
2026-03-18 21:37:16,25.0,0,15.0,LOW,sensor
2026-03-18 21:37:16,25.0,0,15.0,LOW,sensor
2026-03-18 21:37:18,25.0,0,15.0,LOW,sensor
2026-03-18 21:37:21,25.0,0,15.0,LOW,sensor
2026-03-18 21:37:24,25.0,0,15.0,LOW,sensor
2026-03-18 21:37:24,25.0,0,15.0,LOW,sensor
2026-03-18 21:37:26,25.0,0,15.0,LOW,sensor
2026-03-18 21:37:29,25.0,0,15.0,LOW,sensor
2026-03-18 21:37:32,25.0,0,15.0,LOW,sensor
2026-03-18 21:37:32,25.0,0,15.0,LOW,sensor
2026-03-18 21:37:34,25.0,0,15.0,LOW,sensor
2026-03-18 21:37:37,25.0,0,15.0,LOW,sensor
2026-03-18 21:37:40,25.0,0,15.0,LOW,sensor
2026-03-18 21:37:40,25.0,0,15.0,LOW,sensor
2026-03-18 21:37:42,25.0,0,15.0,LOW,sensor
2026-03-18 21:37:45,25.0,0,15.0,LOW,sensor
2026-03-18 21:37:48,25.0,0,15.0,LOW,sensor
2026-03-18 21:37:48,25.0,0,15.0,LOW,sensor
2026-03-18 21:37:50,25.0,0,15.0,LOW,sensor
2026-03-18 21:37:53,25.0,0,15.0,LOW,sensor
2026-03-18 21:37:56,25.0,0,15.0,LOW,sensor
2026-03-18 21:37:56,25.0,0,15.0,LOW,sensor
2026-03-18 21:37:58,25.0,0,15.0,LOW,sensor
2026-03-18 21:38:01,25.0,0,15.0,LOW,sensor
2026-03-18 21:38:04,25.0,0,15.0,LOW,sensor
2026-03-18 21:38:04,25.0,0,15.0,LOW,sensor
2026-03-18 21:38:06,25.0,0,15.0,LOW,sensor
2026-03-18 21:38:09,25.0,0,15.0,LOW,sensor
2026-03-18 21:38:12,25.0,0,15.0,LOW,sensor
2026-03-18 21:38:12,25.0,0,15.0,LOW,sensor
2026-03-18 21:38:14,25.0,0,15.0,LOW,sensor
2026-03-18 21:38:17,25.0,0,15.0,LOW,sensor
2026-03-18 21:38:19,25.0,0,15.0,LOW,sensor
2026-03-18 21:38:20,25.0,0,15.0,LOW,sensor
2026-03-18 21:38:22,25.0,0,15.0,LOW,sensor
2026-03-18 21:38:25,25.0,0,15.0,LOW,sensor
2026-03-18 21:38:27,25.0,0,15.0,LOW,sensor
2026-03-18 21:38:28,25.0,0,15.0,LOW,sensor
2026-03-18 21:38:30,25.0,0,15.0,LOW,sensor
2026-03-18 21:38:33,25.0,0,15.0,LOW,sensor
2026-03-18 21:38:35,25.0,0,15.0,LOW,sensor
2026-03-18 21:38:38,25.0,0,15.0,LOW,sensor
2026-03-18 21:38:38,25.0,0,15.0,LOW,sensor
2026-03-18 21:38:41,25.0,0,15.0,LOW,sensor
2026-03-18 21:38:43,25.0,0,15.0,LOW,sensor
2026-03-18 21:38:46,25.0,0,15.0,LOW,sensor
2026-03-18 21:38:46,25.0,0,15.0,LOW,sensor
2026-03-18 21:38:49,25.0,0,15.0,LOW,sensor
2026-03-18 21:38:51,25.0,0,15.0,LOW,sensor
2026-03-18 21:38:54,25.0,0,15.0,LOW,sensor
2026-03-18 21:38:54,25.0,0,15.0,LOW,sensor
2026-03-18 21:38:57,25.0,0,15.0,LOW,sensor
2026-03-18 21:38:59,25.0,0,15.0,LOW,sensor
2026-03-18 21:39:02,25.0,0,15.0,LOW,sensor
2026-03-18 21:39:02,25.0,0,15.0,LOW,sensor
2026-03-18 21:39:05,25.0,0,15.0,LOW,sensor
2026-03-18 21:39:07,25.0,0,15.0,LOW,sensor
2026-03-18 21:39:10,25.0,0,15.0,LOW,sensor
2026-03-18 21:39:10,25.0,0,15.0,LOW,sensor
2026-03-18 21:39:13,25.0,0,15.0,LOW,sensor
2026-03-18 21:39:15,25.0,0,15.0,LOW,sensor
2026-03-18 21:39:18,25.0,0,15.0,LOW,sensor
2026-03-18 21:39:18,25.0,0,15.0,LOW,sensor
2026-03-18 21:39:21,25.0,0,15.0,LOW,sensor
2026-03-18 21:39:23,25.0,0,15.0,LOW,sensor
2026-03-18 21:39:26,25.0,0,15.0,LOW,sensor
2026-03-18 21:39:26,25.0,0,15.0,LOW,sensor
2026-03-18 21:39:29,25.0,0,15.0,LOW,sensor
2026-03-18 21:39:31,25.0,0,15.0,LOW,sensor
2026-03-18 21:39:34,25.0,0,15.0,LOW,sensor
2026-03-18 21:39:34,25.0,0,15.0,LOW,sensor
2026-03-18 21:39:37,25.0,0,15.0,LOW,sensor
2026-03-18 21:39:39,25.0,0,15.0,LOW,sensor
2026-03-18 21:39:42,25.0,0,15.0,LOW,sensor
2026-03-18 21:39:42,25.0,0,15.0,LOW,sensor
2026-03-18 21:39:45,25.0,0,15.0,LOW,sensor
2026-03-18 21:39:47,25.0,0,15.0,LOW,sensor
2026-03-18 21:39:50,25.0,0,15.0,LOW,sensor
2026-03-18 21:39:50,25.0,0,15.0,LOW,sensor
2026-03-18 21:39:52,25.0,0,15.0,LOW,sensor
2026-03-18 21:39:55,25.0,0,15.0,LOW,sensor
2026-03-18 21:39:58,25.0,0,15.0,LOW,sensor
2026-03-18 21:39:58,25.0,0,15.0,LOW,sensor
2026-03-18 21:40:00,25.0,0,15.0,LOW,sensor
2026-03-18 21:40:03,25.0,0,15.0,LOW,sensor
2026-03-18 21:40:06,25.0,0,15.0,LOW,sensor
2026-03-18 21:40:06,25.0,0,15.0,LOW,sensor
2026-03-18 21:40:08,25.0,0,15.0,LOW,sensor
2026-03-18 21:40:11,25.0,0,15.0,LOW,sensor
2026-03-18 21:40:14,25.0,0,15.0,LOW,sensor
2026-03-18 21:40:14,25.0,0,15.0,LOW,sensor
2026-03-18 21:40:16,25.0,0,15.0,LOW,sensor
2026-03-18 21:40:19,25.0,0,15.0,LOW,sensor
2026-03-18 21:40:22,25.0,0,15.0,LOW,sensor
2026-03-18 21:40:22,25.0,0,15.0,LOW,sensor
2026-03-18 21:40:24,25.0,0,15.0,LOW,sensor
2026-03-18 21:40:27,25.0,0,15.0,LOW,sensor
2026-03-18 21:40:30,25.0,0,15.0,LOW,sensor
2026-03-18 21:40:32,25.0,0,15.0,LOW,sensor
2026-03-18 21:40:32,25.0,0,15.0,LOW,sensor
2026-03-18 21:40:35,25.0,0,15.0,LOW,sensor
2026-03-18 21:40:38,25.0,0,15.0,LOW,sensor
2026-03-18 21:40:40,25.0,0,15.0,LOW,sensor
2026-03-18 21:40:40,25.0,0,15.0,LOW,sensor
2026-03-18 21:40:43,25.0,0,15.0,LOW,sensor
2026-03-18 21:40:46,25.0,0,15.0,LOW,sensor
2026-03-18 21:40:48,25.0,0,15.0,LOW,sensor
2026-03-18 21:40:48,25.0,0,15.0,LOW,sensor
2026-03-18 21:40:51,25.0,0,15.0,LOW,sensor
2026-03-18 21:40:54,25.0,0,15.0,LOW,sensor
2026-03-18 21:40:56,25.0,0,15.0,LOW,sensor
2026-03-18 21:40:56,25.0,0,15.0,LOW,sensor
2026-03-18 21:40:59,25.0,0,15.0,LOW,sensor
2026-03-18 21:41:02,25.0,0,15.0,LOW,sensor
2026-03-18 21:41:04,25.0,0,15.0,LOW,sensor
2026-03-18 21:41:04,25.0,0,15.0,LOW,sensor
2026-03-18 21:41:07,25.0,0,15.0,LOW,sensor
2026-03-18 21:41:10,25.0,0,15.0,LOW,sensor
2026-03-18 21:41:12,25.0,0,15.0,LOW,sensor
2026-03-18 21:41:12,25.0,0,15.0,LOW,sensor
2026-03-18 21:41:15,25.0,0,15.0,LOW,sensor
2026-03-18 21:41:18,25.0,0,15.0,LOW,sensor
2026-03-18 21:41:20,25.0,0,15.0,LOW,sensor
2026-03-18 21:41:20,25.0,0,15.0,LOW,sensor
2026-03-18 21:41:23,25.0,0,15.0,LOW,sensor
2026-03-18 21:41:26,25.0,0,15.0,LOW,sensor
2026-03-18 21:41:28,25.0,0,15.0,LOW,sensor
2026-03-18 21:41:28,25.0,0,15.0,LOW,sensor
2026-03-18 21:41:31,25.0,0,15.0,LOW,sensor
2026-03-18 21:41:34,25.0,0,15.0,LOW,sensor
2026-03-18 21:41:36,25.0,0,15.0,LOW,sensor
2026-03-18 21:41:36,25.0,0,15.0,LOW,sensor
2026-03-18 21:41:39,25.0,0,15.0,LOW,sensor
2026-03-18 21:41:42,25.0,0,15.0,LOW,sensor
2026-03-18 21:41:44,25.0,0,15.0,LOW,sensor
2026-03-18 21:41:44,25.0,0,15.0,LOW,sensor
2026-03-18 21:41:47,25.0,0,15.0,LOW,sensor
2026-03-18 21:41:50,25.0,0,15.0,LOW,sensor
2026-03-18 21:41:52,25.0,0,15.0,LOW,sensor
2026-03-18 21:41:52,25.0,0,15.0,LOW,sensor
2026-03-18 21:41:55,25.0,0,15.0,LOW,sensor
2026-03-18 21:41:57,25.0,0,15.0,LOW,sensor
2026-03-18 21:42:00,25.0,0,15.0,LOW,sensor
2026-03-18 21:42:00,25.0,0,15.0,LOW,sensor
2026-03-18 21:42:03,25.0,0,15.0,LOW,sensor
2026-03-18 21:42:05,25.0,0,15.0,LOW,sensor
2026-03-18 21:42:08,25.0,0,15.0,LOW,sensor
2026-03-18 21:42:08,25.0,0,15.0,LOW,sensor
2026-03-18 21:42:11,25.0,0,15.0,LOW,sensor
2026-03-18 21:42:13,25.0,0,15.0,LOW,sensor
2026-03-18 21:42:16,25.0,0,15.0,LOW,sensor
2026-03-18 21:42:19,25.0,0,15.0,LOW,sensor
2026-03-18 21:42:19,25.0,0,15.0,LOW,sensor
2026-03-18 21:42:21,25.0,0,15.0,LOW,sensor
2026-03-18 21:42:24,25.0,0,15.0,LOW,sensor
2026-03-18 21:42:27,25.0,0,15.0,LOW,sensor
2026-03-18 21:42:27,25.0,0,15.0,LOW,sensor
2026-03-18 21:42:29,25.0,0,15.0,LOW,sensor
2026-03-18 21:42:32,25.0,0,15.0,LOW,sensor
2026-03-18 21:42:35,25.0,0,15.0,LOW,sensor
2026-03-18 21:42:35,25.0,0,15.0,LOW,sensor
2026-03-18 21:42:37,25.0,0,15.0,LOW,sensor
2026-03-18 21:42:40,25.0,0,15.0,LOW,sensor
2026-03-18 21:42:43,25.0,0,15.0,LOW,sensor
2026-03-18 21:42:43,25.0,0,15.0,LOW,sensor
2026-03-18 21:42:45,25.0,0,15.0,LOW,sensor
2026-03-18 21:42:48,25.0,0,15.0,LOW,sensor
2026-03-18 21:42:51,25.0,0,15.0,LOW,sensor
2026-03-18 21:42:51,25.0,0,15.0,LOW,sensor
2026-03-18 21:42:53,25.0,0,15.0,LOW,sensor
2026-03-18 21:42:56,25.0,0,15.0,LOW,sensor
2026-03-18 21:42:59,25.0,0,15.0,LOW,sensor
2026-03-18 21:42:59,25.0,0,15.0,LOW,sensor
2026-03-18 21:43:01,25.0,0,15.0,LOW,sensor
2026-03-18 21:43:04,25.0,0,15.0,LOW,sensor
2026-03-18 21:43:07,25.0,0,15.0,LOW,sensor
2026-03-18 21:43:07,25.0,0,15.0,LOW,sensor
2026-03-18 21:43:09,25.0,0,15.0,LOW,sensor
2026-03-18 21:43:12,25.0,0,15.0,LOW,sensor
2026-03-18 21:43:15,25.0,0,15.0,LOW,sensor
2026-03-18 21:43:15,25.0,0,15.0,LOW,sensor
2026-03-18 21:43:17,25.0,0,15.0,LOW,sensor
2026-03-18 21:43:20,25.0,0,15.0,LOW,sensor
2026-03-18 21:43:23,25.0,0,15.0,LOW,sensor
2026-03-18 21:43:23,25.0,0,15.0,LOW,sensor
2026-03-18 21:43:25,25.0,0,15.0,LOW,sensor
2026-03-18 21:43:28,25.0,0,15.0,LOW,sensor
2026-03-18 21:43:30,25.0,0,15.0,LOW,sensor
2026-03-18 21:43:31,25.0,0,15.0,LOW,sensor
2026-03-18 21:43:33,25.0,0,15.0,LOW,sensor
2026-03-18 21:43:36,25.0,0,15.0,LOW,sensor
2026-03-18 21:43:39,25.0,0,15.0,LOW,sensor
2026-03-18 21:43:39,25.0,0,15.0,LOW,sensor
2026-03-18 21:43:41,25.0,0,15.0,LOW,sensor
2026-03-18 21:43:44,25.0,0,15.0,LOW,sensor
2026-03-18 21:43:46,25.0,0,15.0,LOW,sensor
2026-03-18 21:43:47,25.0,0,15.0,LOW,sensor
2026-03-18 21:43:49,25.0,0,15.0,LOW,sensor
2026-03-18 21:43:52,25.0,0,15.0,LOW,sensor
2026-03-18 21:43:54,25.0,0,15.0,LOW,sensor
2026-03-18 21:43:55,25.0,0,15.0,LOW,sensor
2026-03-18 21:43:57,25.0,0,15.0,LOW,sensor
2026-03-18 21:44:00,25.0,0,15.0,LOW,sensor
2026-03-18 21:44:02,25.0,0,15.0,LOW,sensor
2026-03-18 21:44:02,25.0,0,15.0,LOW,sensor
2026-03-18 21:44:05,25.0,0,15.0,LOW,sensor
2026-03-18 21:44:08,25.0,0,15.0,LOW,sensor
2026-03-18 21:44:10,25.0,0,15.0,LOW,sensor
2026-03-18 21:44:10,25.0,0,15.0,LOW,sensor
2026-03-18 21:44:13,25.0,0,15.0,LOW,sensor
2026-03-18 21:44:16,25.0,0,15.0,LOW,sensor
2026-03-18 21:44:18,25.0,0,15.0,LOW,sensor
2026-03-18 21:44:21,25.0,0,15.0,LOW,sensor
2026-03-18 21:44:21,25.0,0,15.0,LOW,sensor
2026-03-18 21:44:24,25.0,0,15.0,LOW,sensor
2026-03-18 21:44:26,25.0,0,15.0,LOW,sensor
2026-03-18 21:44:29,25.0,0,15.0,LOW,sensor
2026-03-18 21:44:29,25.0,0,15.0,LOW,sensor
2026-03-18 21:44:32,25.0,0,15.0,LOW,sensor
2026-03-18 21:44:34,25.0,0,15.0,LOW,sensor
2026-03-18 21:44:37,25.0,0,15.0,LOW,sensor
2026-03-18 21:44:37,25.0,0,15.0,LOW,sensor
2026-03-18 21:44:40,25.0,0,15.0,LOW,sensor
2026-03-18 21:44:42,25.0,0,15.0,LOW,sensor
2026-03-18 21:44:45,25.0,0,15.0,LOW,sensor
2026-03-18 21:44:45,25.0,0,15.0,LOW,sensor
2026-03-18 21:44:48,25.0,0,15.0,LOW,sensor
2026-03-18 21:44:50,25.0,0,15.0,LOW,sensor
2026-03-18 21:44:53,25.0,0,15.0,LOW,sensor
2026-03-18 21:44:53,25.0,0,15.0,LOW,sensor
2026-03-18 21:44:56,25.0,0,15.0,LOW,sensor
2026-03-18 21:44:58,25.0,0,15.0,LOW,sensor
2026-03-18 21:45:01,25.0,0,15.0,LOW,sensor
2026-03-18 21:45:01,25.0,0,15.0,LOW,sensor
2026-03-18 21:45:04,25.0,0,15.0,LOW,sensor
2026-03-18 21:45:06,25.0,0,15.0,LOW,sensor
2026-03-18 21:45:09,25.0,0,15.0,LOW,sensor
2026-03-18 21:45:09,25.0,0,15.0,LOW,sensor
2026-03-18 21:45:12,25.0,0,15.0,LOW,sensor
2026-03-18 21:45:14,25.0,0,15.0,LOW,sensor
2026-03-18 21:45:17,25.0,0,15.0,LOW,sensor
2026-03-18 21:45:17,25.0,0,15.0,LOW,sensor
2026-03-18 21:45:19,25.0,0,15.0,LOW,sensor
2026-03-18 21:45:22,25.0,0,15.0,LOW,sensor
2026-03-18 21:45:25,25.0,0,15.0,LOW,sensor
2026-03-18 21:45:25,25.0,0,15.0,LOW,sensor
2026-03-18 21:45:27,25.0,0,15.0,LOW,sensor
2026-03-18 21:45:30,25.0,0,15.0,LOW,sensor
2026-03-18 21:45:33,25.0,0,15.0,LOW,sensor
2026-03-18 21:45:33,25.0,0,15.0,LOW,sensor
2026-03-18 21:45:35,25.0,0,15.0,LOW,sensor
2026-03-18 21:45:38,25.0,0,15.0,LOW,sensor
2026-03-18 21:45:41,25.0,0,15.0,LOW,sensor
2026-03-18 21:45:41,25.0,0,15.0,LOW,sensor
2026-03-18 21:45:43,25.0,0,15.0,LOW,sensor
2026-03-18 21:45:46,25.0,0,15.0,LOW,sensor
2026-03-18 21:45:49,25.0,0,15.0,LOW,sensor
2026-03-18 21:45:49,25.0,0,15.0,LOW,sensor
2026-03-18 21:45:51,25.0,0,15.0,LOW,sensor
2026-03-18 21:45:54,25.0,0,15.0,LOW,sensor
2026-03-18 21:45:57,25.0,0,15.0,LOW,sensor
2026-03-18 21:45:57,25.0,0,15.0,LOW,sensor
2026-03-18 21:45:59,25.0,0,15.0,LOW,sensor
2026-03-18 21:46:02,25.0,0,15.0,LOW,sensor
2026-03-18 21:46:05,25.0,0,15.0,LOW,sensor
2026-03-18 21:46:07,25.0,0,15.0,LOW,sensor
2026-03-18 21:46:07,25.0,0,15.0,LOW,sensor
2026-03-18 21:46:10,24.0,0,15.0,LOW,sensor
2026-03-18 21:46:13,25.0,0,15.0,MODERATE,sensor
2026-03-18 21:46:15,25.0,0,15.0,MODERATE,sensor
2026-03-18 21:46:15,25.0,0,15.0,MODERATE,sensor
2026-03-18 21:46:18,25.0,0,15.0,MODERATE,sensor
2026-03-18 21:46:21,25.0,0,15.0,MODERATE,sensor
2026-03-18 21:46:23,25.0,0,15.0,MODERATE,sensor
2026-03-18 21:46:23,24.0,0,15.0,LOW,sensor
2026-03-18 21:46:26,24.0,0,15.0,LOW,sensor
2026-03-18 21:46:29,25.0,0,15.0,MODERATE,sensor
2026-03-18 21:46:31,25.0,0,15.0,MODERATE,sensor
2026-03-18 21:46:34,24.0,0,15.0,LOW,sensor
2026-03-18 21:46:34,25.0,0,15.0,MODERATE,sensor
2026-03-18 21:46:37,25.0,0,15.0,MODERATE,sensor
2026-03-18 21:46:39,25.0,0,15.0,MODERATE,sensor
2026-03-18 21:46:42,25.0,0,15.0,MODERATE,sensor
2026-03-18 21:46:42,25.0,0,15.0,MODERATE,sensor
2026-03-18 21:46:45,24.0,0,15.0,LOW,sensor
2026-03-18 21:46:47,25.0,0,15.0,MODERATE,sensor
2026-03-18 21:46:50,24.0,0,15.0,LOW,sensor
2026-03-18 21:46:53,24.0,0,15.0,LOW,sensor
2026-03-18 21:46:55,24.0,0,15.0,LOW,sensor
2026-03-18 21:46:55,24.0,0,15.0,LOW,sensor
2026-03-18 21:46:58,24.0,0,15.0,LOW,sensor
2026-03-18 21:47:01,24.0,0,15.0,LOW,sensor
2026-03-18 21:47:03,24.0,0,15.0,LOW,sensor
2026-03-18 21:47:03,25.0,0,15.0,MODERATE,sensor
2026-03-18 21:47:06,25.0,0,15.0,MODERATE,sensor
2026-03-18 21:47:09,24.0,0,15.0,LOW,sensor
2026-03-18 21:47:11,25.0,0,15.0,MODERATE,sensor
2026-03-18 21:47:14,25.0,0,15.0,MODERATE,sensor
2026-03-18 21:47:14,24.0,0,15.0,LOW,sensor
2026-03-18 21:47:17,24.0,0,15.0,LOW,sensor
2026-03-18 21:47:19,25.0,0,15.0,MODERATE,sensor
2026-03-18 21:47:22,25.0,0,15.0,MODERATE,sensor
2026-03-18 21:47:24,24.0,0,15.0,LOW,sensor
2026-03-18 21:47:24,24.0,0,15.0,LOW,sensor
2026-03-18 21:47:27,24.0,0,15.0,LOW,sensor
2026-03-18 21:47:30,24.0,0,15.0,LOW,sensor
2026-03-18 21:47:32,25.0,0,15.0,MODERATE,sensor
2026-03-18 21:47:35,24.0,0,15.0,LOW,sensor
2026-03-18 21:47:35,24.0,0,15.0,LOW,sensor
2026-03-18 21:47:38,24.0,0,15.0,LOW,sensor
2026-03-18 21:47:40,24.0,0,15.0,LOW,sensor
2026-03-18 21:47:43,24.0,0,15.0,LOW,sensor
2026-03-18 21:47:46,24.0,0,15.0,LOW,sensor
2026-03-18 21:47:46,25.0,0,15.0,MODERATE,sensor
2026-03-18 21:47:48,24.0,0,15.0,LOW,sensor
2026-03-18 21:47:51,24.0,0,15.0,LOW,sensor
2026-03-18 21:47:54,24.0,0,15.0,LOW,sensor
2026-03-18 21:47:54,24.0,0,15.0,LOW,sensor
2026-03-18 21:47:56,24.0,0,15.0,LOW,sensor
2026-03-18 21:47:59,25.0,0,15.0,MODERATE,sensor
2026-03-18 21:48:02,25.0,0,15.0,MODERATE,sensor
2026-03-18 21:48:04,25.0,0,15.0,MODERATE,sensor
2026-03-18 21:48:04,24.0,0,15.0,LOW,sensor
2026-03-18 21:48:07,25.0,0,15.0,MODERATE,sensor
2026-03-18 21:48:10,25.0,0,15.0,MODERATE,sensor
2026-03-18 21:48:12,24.0,0,15.0,LOW,sensor
2026-03-18 21:48:15,25.0,0,15.0,MODERATE,sensor
2026-03-18 21:48:15,25.0,0,15.0,MODERATE,sensor
2026-03-18 21:48:18,25.0,0,15.0,MODERATE,sensor
2026-03-18 21:48:20,25.0,0,15.0,MODERATE,sensor
2026-03-18 21:48:23,25.0,0,15.0,MODERATE,sensor
2026-03-18 21:48:26,25.0,0,15.0,MODERATE,sensor
2026-03-18 21:48:26,24.0,0,15.0,LOW,sensor
2026-03-18 21:48:28,24.0,0,15.0,LOW,sensor
2026-03-18 21:48:31,24.0,0,15.0,LOW,sensor
2026-03-18 21:48:34,24.0,0,15.0,LOW,sensor
2026-03-18 21:48:34,24.0,0,15.0,LOW,sensor
2026-03-18 21:48:36,24.0,0,15.0,LOW,sensor
2026-03-18 21:48:39,24.0,0,15.0,LOW,sensor
2026-03-18 21:48:42,24.0,0,15.0,LOW,sensor
2026-03-18 21:48:42,24.0,0,15.0,LOW,sensor
2026-03-18 21:48:44,24.0,0,15.0,LOW,sensor
2026-03-18 21:48:47,24.0,0,15.0,LOW,sensor
2026-03-18 21:48:50,24.0,0,15.0,LOW,sensor
2026-03-18 21:48:50,25.0,0,15.0,MODERATE,sensor
2026-03-18 21:48:52,24.0,0,15.0,LOW,sensor
2026-03-18 21:48:55,24.0,0,15.0,LOW,sensor
2026-03-18 21:48:58,24.0,0,15.0,LOW,sensor
2026-03-18 21:49:00,24.0,0,15.0,LOW,sensor
2026-03-18 21:49:00,25.0,0,15.0,MODERATE,sensor
2026-03-18 21:49:03,25.0,0,15.0,MODERATE,sensor
2026-03-18 21:49:06,24.0,0,15.0,LOW,sensor
2026-03-18 21:49:08,24.0,0,15.0,LOW,sensor
2026-03-18 21:49:11,24.0,0,15.0,LOW,sensor
2026-03-18 21:49:11,24.0,0,15.0,LOW,sensor
2026-03-18 21:49:14,24.0,0,15.0,LOW,sensor
2026-03-18 21:49:16,24.0,0,15.0,LOW,sensor
2026-03-18 21:49:19,24.0,0,15.0,LOW,sensor
2026-03-18 21:49:19,24.0,0,15.0,LOW,sensor
2026-03-18 21:49:22,24.0,0,15.0,LOW,sensor
2026-03-18 21:49:24,24.0,0,15.0,LOW,sensor
2026-03-18 21:49:27,24.0,0,15.0,LOW,sensor
2026-03-18 21:49:27,24.0,0,15.0,LOW,sensor
2026-03-18 21:49:30,24.0,0,15.0,LOW,sensor
2026-03-18 21:49:32,24.0,0,15.0,LOW,sensor
2026-03-18 21:49:35,24.0,0,15.0,LOW,sensor
2026-03-18 21:49:35,24.0,0,15.0,LOW,sensor
2026-03-18 21:49:38,24.0,0,15.0,LOW,sensor
2026-03-18 21:49:40,24.0,0,15.0,LOW,sensor
2026-03-18 21:49:43,24.0,0,15.0,LOW,sensor
2026-03-18 21:49:43,24.0,0,15.0,LOW,sensor
2026-03-18 21:49:46,24.0,0,15.0,LOW,sensor
2026-03-18 21:49:48,24.0,0,15.0,LOW,sensor
2026-03-18 21:49:51,24.0,0,15.0,LOW,sensor
2026-03-18 21:49:51,24.0,0,15.0,LOW,sensor
2026-03-18 21:49:54,24.0,0,15.0,LOW,sensor
2026-03-18 21:49:56,24.0,0,15.0,LOW,sensor
2026-03-18 21:49:59,24.0,0,15.0,LOW,sensor
2026-03-18 21:49:59,24.0,0,15.0,LOW,sensor
2026-03-18 21:50:02,24.0,0,15.0,LOW,sensor
2026-03-18 21:50:04,24.0,0,15.0,LOW,sensor
2026-03-18 21:50:07,24.0,0,15.0,LOW,sensor
2026-03-18 21:50:07,24.0,0,15.0,LOW,sensor
2026-03-18 21:50:10,24.0,0,15.0,LOW,sensor
2026-03-18 21:50:12,24.0,0,15.0,LOW,sensor
2026-03-18 21:50:15,24.0,0,15.0,LOW,sensor
2026-03-18 21:50:15,24.0,0,15.0,LOW,sensor
2026-03-18 21:50:18,24.0,0,15.0,LOW,sensor
2026-03-18 21:50:20,24.0,0,15.0,LOW,sensor
2026-03-18 21:50:23,24.0,0,15.0,LOW,sensor
2026-03-18 21:50:23,24.0,0,15.0,LOW,sensor
2026-03-18 21:50:26,24.0,0,15.0,LOW,sensor
2026-03-18 21:50:28,24.0,0,15.0,LOW,sensor
2026-03-18 21:50:31,24.0,0,15.0,LOW,sensor
2026-03-18 21:50:34,24.0,0,15.0,LOW,sensor
2026-03-18 21:50:34,24.0,0,15.0,LOW,sensor
2026-03-18 21:50:36,24.0,0,15.0,LOW,sensor
2026-03-18 21:50:39,24.0,0,15.0,LOW,sensor
2026-03-18 21:50:42,24.0,0,15.0,LOW,sensor
2026-03-18 21:50:42,24.0,0,15.0,LOW,sensor
2026-03-18 21:50:44,24.0,0,15.0,LOW,sensor
2026-03-18 21:50:47,24.0,0,15.0,LOW,sensor
2026-03-18 21:50:50,25.0,0,15.0,MODERATE,sensor
2026-03-18 21:50:50,24.0,0,15.0,LOW,sensor
2026-03-18 21:50:52,25.0,0,15.0,MODERATE,sensor
2026-03-18 21:50:55,24.0,0,15.0,LOW,sensor
2026-03-18 21:50:58,24.0,0,15.0,LOW,sensor
2026-03-18 21:51:00,25.0,0,15.0,MODERATE,sensor
2026-03-18 21:51:00,24.0,0,15.0,LOW,sensor
2026-03-18 21:51:03,25.0,0,15.0,MODERATE,sensor
2026-03-18 21:51:06,24.0,0,15.0,LOW,sensor
2026-03-18 21:51:08,24.0,0,15.0,LOW,sensor
2026-03-18 21:51:08,24.0,0,15.0,LOW,sensor
2026-03-18 21:51:11,24.0,0,15.0,LOW,sensor
2026-03-18 21:51:14,24.0,0,15.0,LOW,sensor
2026-03-18 21:51:16,24.0,0,15.0,LOW,sensor
2026-03-18 21:51:16,24.0,0,15.0,LOW,sensor
2026-03-18 21:51:19,24.0,0,15.0,LOW,sensor
2026-03-18 21:51:22,24.0,0,15.0,LOW,sensor
2026-03-18 21:51:24,24.0,0,15.0,LOW,sensor
2026-03-18 21:51:24,24.0,0,15.0,LOW,sensor
2026-03-18 21:51:27,24.0,0,15.0,LOW,sensor
2026-03-18 21:51:30,24.0,0,15.0,LOW,sensor
2026-03-18 21:51:32,24.0,0,15.0,LOW,sensor
2026-03-18 21:51:35,24.0,0,15.0,LOW,sensor
2026-03-18 21:51:35,24.0,0,15.0,LOW,sensor
2026-03-18 21:51:38,24.0,0,15.0,LOW,sensor
2026-03-18 21:51:40,24.0,0,15.0,LOW,sensor
2026-03-18 21:51:43,24.0,0,15.0,LOW,sensor
2026-03-18 21:51:43,24.0,0,15.0,LOW,sensor
2026-03-18 21:51:46,24.0,0,15.0,LOW,sensor
2026-03-18 21:51:48,24.0,0,15.0,LOW,sensor
2026-03-18 21:51:51,24.0,0,15.0,LOW,sensor
2026-03-18 21:51:51,24.0,0,15.0,LOW,sensor
2026-03-18 21:51:54,24.0,0,15.0,LOW,sensor
2026-03-18 21:51:56,24.0,0,15.0,LOW,sensor
2026-03-18 21:51:59,24.0,0,15.0,LOW,sensor
2026-03-18 21:51:59,24.0,0,15.0,LOW,sensor
2026-03-18 21:52:02,24.0,0,15.0,LOW,sensor
2026-03-18 21:52:04,24.0,0,15.0,LOW,sensor
2026-03-18 21:52:07,24.0,0,15.0,LOW,sensor
2026-03-18 21:52:07,24.0,0,15.0,LOW,sensor
2026-03-18 21:52:10,24.0,0,15.0,LOW,sensor
2026-03-18 21:52:12,24.0,0,15.0,LOW,sensor
2026-03-18 21:52:15,24.0,0,15.0,LOW,sensor
2026-03-18 21:52:15,24.0,0,15.0,LOW,sensor
2026-03-18 21:52:18,24.0,0,15.0,LOW,sensor
2026-03-18 21:52:20,24.0,0,15.0,LOW,sensor
2026-03-18 21:52:23,24.0,0,15.0,LOW,sensor
2026-03-18 21:52:23,24.0,0,15.0,LOW,sensor
2026-03-18 21:52:26,24.0,0,15.0,LOW,sensor
2026-03-18 21:52:28,24.0,0,15.0,LOW,sensor
2026-03-18 21:52:31,24.0,0,15.0,LOW,sensor
2026-03-18 21:52:31,24.0,0,15.0,LOW,sensor
2026-03-18 21:52:34,24.0,0,15.0,LOW,sensor
2026-03-18 21:52:36,24.0,0,15.0,LOW,sensor
2026-03-18 21:52:39,24.0,0,15.0,LOW,sensor
2026-03-18 21:52:39,24.0,0,15.0,LOW,sensor
2026-03-18 21:52:42,24.0,0,15.0,LOW,sensor
2026-03-18 21:52:44,24.0,0,15.0,LOW,sensor
2026-03-18 21:52:47,24.0,0,15.0,LOW,sensor
2026-03-18 21:52:47,24.0,0,15.0,LOW,sensor
2026-03-18 21:52:50,24.0,0,15.0,LOW,sensor
2026-03-18 21:52:52,24.0,0,15.0,LOW,sensor
2026-03-18 21:52:55,24.0,0,15.0,LOW,sensor
2026-03-18 21:52:55,24.0,0,15.0,LOW,sensor
2026-03-18 21:52:58,24.0,0,15.0,LOW,sensor
2026-03-18 21:53:00,24.0,0,15.0,LOW,sensor
2026-03-18 21:53:03,24.0,0,15.0,LOW,sensor
2026-03-18 21:53:03,24.0,0,15.0,LOW,sensor
2026-03-18 21:53:06,24.0,0,15.0,LOW,sensor
2026-03-18 21:53:08,24.0,0,15.0,LOW,sensor
2026-03-18 21:53:11,24.0,0,15.0,LOW,sensor
2026-03-18 21:53:11,24.0,0,15.0,LOW,sensor
2026-03-18 21:53:14,24.0,0,15.0,LOW,sensor
2026-03-18 21:53:16,24.0,0,15.0,LOW,sensor
2026-03-18 21:53:19,24.0,0,15.0,LOW,sensor
2026-03-18 21:53:19,24.0,0,15.0,LOW,sensor
2026-03-18 21:53:22,24.0,0,15.0,LOW,sensor
2026-03-18 21:53:24,24.0,0,15.0,LOW,sensor
2026-03-18 21:53:27,24.0,0,15.0,LOW,sensor
2026-03-18 21:53:27,24.0,0,15.0,LOW,sensor
2026-03-18 21:53:30,24.0,0,15.0,LOW,sensor
2026-03-18 21:53:32,24.0,0,15.0,LOW,sensor
2026-03-18 21:53:35,24.0,0,15.0,LOW,sensor
2026-03-18 21:53:35,24.0,0,15.0,LOW,sensor
2026-03-18 21:53:38,24.0,0,15.0,LOW,sensor
2026-03-18 21:53:40,24.0,0,15.0,LOW,sensor
2026-03-18 21:53:43,24.0,0,15.0,LOW,sensor
2026-03-18 21:53:43,24.0,0,15.0,LOW,sensor
2026-03-18 21:53:46,24.0,0,15.0,LOW,sensor
2026-03-18 21:53:48,24.0,0,15.0,LOW,sensor
2026-03-18 21:53:51,24.0,0,15.0,LOW,sensor
2026-03-18 21:53:51,24.0,0,15.0,LOW,sensor
2026-03-18 21:53:54,24.0,0,15.0,LOW,sensor
2026-03-18 21:53:56,24.0,0,15.0,LOW,sensor
2026-03-18 21:54:00,24.0,0,15.0,LOW,sensor
2026-03-18 21:54:00,24.0,0,15.0,LOW,sensor
2026-03-18 21:54:02,24.0,0,15.0,LOW,sensor
2026-03-18 21:54:05,24.0,0,15.0,LOW,sensor
2026-03-18 21:54:05,24.0,0,15.0,LOW,sensor
2026-03-18 21:54:08,24.0,0,15.0,LOW,sensor
2026-03-18 21:54:10,24.0,0,15.0,LOW,sensor
2026-03-18 21:54:13,24.0,0,15.0,LOW,sensor
2026-03-18 21:54:13,24.0,0,15.0,LOW,sensor
2026-03-18 21:54:16,24.0,0,15.0,LOW,sensor
2026-03-18 21:54:18,24.0,0,15.0,LOW,sensor
2026-03-18 21:54:21,24.0,0,15.0,LOW,sensor
2026-03-18 21:54:21,24.0,0,15.0,LOW,sensor
2026-03-18 21:54:24,24.0,0,15.0,LOW,sensor
2026-03-18 21:54:26,24.0,0,15.0,LOW,sensor
2026-03-18 21:54:29,24.0,0,15.0,LOW,sensor
2026-03-18 21:54:29,24.0,0,15.0,LOW,sensor
2026-03-18 21:54:32,24.0,0,15.0,LOW,sensor
2026-03-18 21:54:34,24.0,0,15.0,LOW,sensor
2026-03-18 21:54:37,24.0,0,15.0,LOW,sensor
2026-03-18 21:54:37,24.0,0,15.0,LOW,sensor
2026-03-18 21:54:40,24.0,0,15.0,LOW,sensor
2026-03-18 21:54:42,24.0,0,15.0,LOW,sensor
2026-03-18 21:54:45,24.0,0,15.0,LOW,sensor
2026-03-18 21:54:45,24.0,0,15.0,LOW,sensor
2026-03-18 21:54:48,24.0,0,15.0,LOW,sensor
2026-03-18 21:54:50,24.0,0,15.0,LOW,sensor
2026-03-18 21:54:53,24.0,0,15.0,LOW,sensor
2026-03-18 21:54:56,24.0,0,15.0,LOW,sensor
2026-03-18 21:54:56,25.0,0,15.0,MODERATE,sensor
2026-03-18 21:54:58,25.0,0,15.0,MODERATE,sensor
2026-03-18 21:55:01,24.0,0,15.0,LOW,sensor
2026-03-18 21:55:04,24.0,0,15.0,LOW,sensor
2026-03-18 21:55:04,24.0,0,15.0,LOW,sensor
2026-03-18 21:55:06,24.0,0,15.0,LOW,sensor
2026-03-18 21:55:09,24.0,0,15.0,LOW,sensor
2026-03-18 21:55:12,24.0,0,15.0,LOW,sensor
2026-03-18 21:55:12,24.0,0,15.0,LOW,sensor
2026-03-18 21:55:14,24.0,0,15.0,LOW,sensor
2026-03-18 21:55:17,24.0,0,15.0,LOW,sensor
2026-03-18 21:55:20,24.0,0,15.0,LOW,sensor
2026-03-18 21:55:22,24.0,0,15.0,LOW,sensor
2026-03-18 21:55:22,24.0,0,15.0,LOW,sensor
2026-03-18 21:55:25,24.0,0,15.0,LOW,sensor
2026-03-18 21:55:28,24.0,0,15.0,LOW,sensor
2026-03-18 21:55:30,24.0,0,15.0,LOW,sensor
2026-03-18 21:55:30,24.0,0,15.0,LOW,sensor
2026-03-18 21:55:33,24.0,0,15.0,LOW,sensor
2026-03-18 21:55:36,24.0,0,15.0,LOW,sensor
2026-03-18 21:55:38,24.0,0,15.0,LOW,sensor
2026-03-18 21:55:38,24.0,0,15.0,LOW,sensor
2026-03-18 21:55:41,24.0,0,15.0,LOW,sensor
2026-03-18 21:55:44,24.0,0,15.0,LOW,sensor
2026-03-18 21:55:46,24.0,0,15.0,LOW,sensor
2026-03-18 21:55:46,24.0,0,15.0,LOW,sensor
2026-03-18 21:55:49,24.0,0,15.0,LOW,sensor
2026-03-18 21:55:52,24.0,0,15.0,LOW,sensor
2026-03-18 21:55:54,24.0,0,15.0,LOW,sensor
2026-03-18 21:55:54,24.0,0,15.0,LOW,sensor
2026-03-18 21:55:57,24.0,0,15.0,LOW,sensor
2026-03-18 21:56:00,24.0,0,15.0,LOW,sensor
2026-03-18 21:56:02,24.0,0,15.0,LOW,sensor
2026-03-18 21:56:02,24.0,0,15.0,LOW,sensor
2026-03-18 21:56:05,24.0,0,15.0,LOW,sensor
2026-03-18 21:56:08,24.0,0,15.0,LOW,sensor
2026-03-18 21:56:10,24.0,0,15.0,LOW,sensor
2026-03-18 21:56:10,24.0,0,15.0,LOW,sensor
2026-03-18 21:56:13,24.0,0,15.0,LOW,sensor
2026-03-18 21:56:16,24.0,0,15.0,LOW,sensor
2026-03-18 21:56:18,24.0,0,15.0,LOW,sensor
2026-03-18 21:56:18,24.0,0,15.0,LOW,sensor
2026-03-18 21:56:21,24.0,0,15.0,LOW,sensor
2026-03-18 21:56:23,24.0,0,15.0,LOW,sensor
2026-03-18 21:56:26,24.0,0,15.0,LOW,sensor
2026-03-18 21:56:26,24.0,0,15.0,LOW,sensor
2026-03-18 21:56:29,24.0,0,15.0,LOW,sensor
2026-03-18 21:56:32,24.0,0,15.0,LOW,sensor
2026-03-18 21:56:34,24.0,0,15.0,LOW,sensor
2026-03-18 21:56:34,24.0,0,15.0,LOW,sensor
2026-03-18 21:56:37,24.0,0,15.0,LOW,sensor
2026-03-18 21:56:39,24.0,0,15.0,LOW,sensor
2026-03-18 21:56:42,24.0,0,15.0,LOW,sensor
2026-03-18 21:56:42,24.0,0,15.0,LOW,sensor
2026-03-18 21:56:45,24.0,0,15.0,LOW,sensor
2026-03-18 21:56:47,24.0,0,15.0,LOW,sensor
2026-03-18 21:56:50,24.0,0,15.0,LOW,sensor
2026-03-18 21:56:50,24.0,0,15.0,LOW,sensor
2026-03-18 21:56:53,24.0,0,15.0,LOW,sensor
2026-03-18 21:56:55,24.0,0,15.0,LOW,sensor
2026-03-18 21:56:58,24.0,0,15.0,LOW,sensor
2026-03-18 21:56:58,24.0,0,15.0,LOW,sensor
2026-03-18 21:57:01,24.0,0,15.0,LOW,sensor
2026-03-18 21:57:03,24.0,0,15.0,LOW,sensor
2026-03-18 21:57:06,24.0,0,15.0,LOW,sensor
2026-03-18 21:57:06,24.0,0,15.0,LOW,sensor
2026-03-18 21:57:09,24.0,0,15.0,LOW,sensor
2026-03-18 21:57:11,24.0,0,15.0,LOW,sensor
2026-03-18 21:57:14,24.0,0,15.0,LOW,sensor
2026-03-18 21:57:14,24.0,0,15.0,LOW,sensor
2026-03-18 21:57:17,24.0,0,15.0,LOW,sensor
2026-03-18 21:57:19,24.0,0,15.0,LOW,sensor
2026-03-18 21:57:22,24.0,0,15.0,LOW,sensor
2026-03-18 21:57:22,24.0,0,15.0,LOW,sensor
2026-03-18 21:57:25,24.0,0,15.0,LOW,sensor
2026-03-18 21:57:27,24.0,0,15.0,LOW,sensor
2026-03-18 21:57:30,24.0,0,15.0,LOW,sensor
2026-03-18 21:57:30,24.0,0,15.0,LOW,sensor
2026-03-18 21:57:33,24.0,0,15.0,LOW,sensor
2026-03-18 21:57:35,24.0,0,15.0,LOW,sensor
2026-03-18 21:57:38,24.0,0,15.0,LOW,sensor
2026-03-18 21:57:38,24.0,0,15.0,LOW,sensor
2026-03-18 21:57:41,24.0,0,15.0,LOW,sensor
2026-03-18 21:57:43,24.0,0,15.0,LOW,sensor
2026-03-18 21:57:46,24.0,0,15.0,LOW,sensor
2026-03-18 21:57:46,24.0,0,15.0,LOW,sensor
2026-03-18 21:57:49,24.0,0,15.0,LOW,sensor
2026-03-18 21:57:51,24.0,0,15.0,LOW,sensor
2026-03-18 21:57:54,24.0,0,15.0,LOW,sensor
2026-03-18 21:57:57,24.0,0,15.0,LOW,sensor
2026-03-18 21:57:57,24.0,0,15.0,LOW,sensor
2026-03-18 21:57:59,24.0,0,15.0,LOW,sensor
2026-03-18 21:58:02,24.0,0,15.0,LOW,sensor
2026-03-18 21:58:05,24.0,0,15.0,LOW,sensor
2026-03-18 21:58:05,24.0,0,15.0,LOW,sensor
2026-03-18 21:58:07,24.0,0,15.0,LOW,sensor
2026-03-18 21:58:10,24.0,0,15.0,LOW,sensor
2026-03-18 21:58:13,24.0,0,15.0,LOW,sensor
2026-03-18 21:58:13,24.0,0,15.0,LOW,sensor
2026-03-18 21:58:15,24.0,0,15.0,LOW,sensor
2026-03-18 21:58:18,24.0,0,15.0,LOW,sensor
2026-03-18 21:58:21,24.0,0,15.0,LOW,sensor
2026-03-18 21:58:21,24.0,0,15.0,LOW,sensor
2026-03-18 21:58:23,24.0,0,15.0,LOW,sensor
2026-03-18 21:58:26,24.0,0,15.0,LOW,sensor
2026-03-18 21:58:29,24.0,0,15.0,LOW,sensor
2026-03-18 21:58:29,24.0,0,15.0,LOW,sensor
2026-03-18 21:58:31,24.0,0,15.0,LOW,sensor
2026-03-18 21:58:34,24.0,0,15.0,LOW,sensor
2026-03-18 21:58:37,24.0,0,15.0,LOW,sensor
2026-03-18 21:58:37,24.0,0,15.0,LOW,sensor
2026-03-18 21:58:39,24.0,0,15.0,LOW,sensor
2026-03-18 21:58:42,24.0,0,15.0,LOW,sensor
2026-03-18 21:58:45,24.0,0,15.0,LOW,sensor
2026-03-18 21:58:45,24.0,0,15.0,LOW,sensor
2026-03-18 21:58:47,24.0,0,15.0,LOW,sensor
2026-03-18 21:58:50,24.0,0,15.0,LOW,sensor
2026-03-18 21:58:52,24.0,0,15.0,LOW,sensor
2026-03-18 21:58:53,24.0,0,15.0,LOW,sensor
2026-03-18 21:58:55,24.0,0,15.0,LOW,sensor
2026-03-18 21:58:58,24.0,0,15.0,LOW,sensor
2026-03-18 21:59:00,24.0,0,15.0,LOW,sensor
2026-03-18 21:59:00,24.0,0,15.0,LOW,sensor
2026-03-18 21:59:03,24.0,0,15.0,LOW,sensor
2026-03-18 21:59:06,24.0,0,15.0,LOW,sensor
2026-03-18 21:59:08,24.0,0,15.0,LOW,sensor
2026-03-18 21:59:08,24.0,0,15.0,LOW,sensor
2026-03-18 21:59:11,24.0,0,15.0,LOW,sensor
2026-03-18 21:59:14,24.0,0,15.0,LOW,sensor
2026-03-18 21:59:16,24.0,0,15.0,LOW,sensor
2026-03-18 21:59:16,24.0,0,15.0,LOW,sensor
2026-03-18 21:59:19,24.0,0,15.0,LOW,sensor
2026-03-18 21:59:22,24.0,0,15.0,LOW,sensor
2026-03-18 21:59:24,24.0,0,15.0,LOW,sensor
2026-03-18 21:59:24,24.0,0,15.0,LOW,sensor
2026-03-18 21:59:27,24.0,0,15.0,LOW,sensor
2026-03-18 21:59:30,24.0,0,15.0,LOW,sensor
2026-03-18 21:59:32,24.0,0,15.0,LOW,sensor
2026-03-18 21:59:35,24.0,0,15.0,LOW,sensor
2026-03-18 21:59:35,24.0,0,15.0,LOW,sensor
2026-03-18 21:59:38,24.0,0,15.0,LOW,sensor
2026-03-18 21:59:40,24.0,0,15.0,LOW,sensor
2026-03-18 21:59:43,24.0,0,15.0,LOW,sensor
2026-03-18 21:59:43,24.0,0,15.0,LOW,sensor
2026-03-18 21:59:46,24.0,0,15.0,LOW,sensor
2026-03-18 21:59:48,24.0,0,15.0,LOW,sensor
2026-03-18 21:59:51,24.0,0,15.0,LOW,sensor
2026-03-18 21:59:51,24.0,0,15.0,LOW,sensor
2026-03-18 21:59:54,24.0,0,15.0,LOW,sensor
2026-03-18 21:59:56,24.0,0,15.0,LOW,sensor
2026-03-18 21:59:59,24.0,0,15.0,LOW,sensor
2026-03-18 21:59:59,24.0,0,15.0,LOW,sensor
2026-03-18 22:00:02,24.0,0,15.0,LOW,sensor
2026-03-18 22:00:04,24.0,0,15.0,LOW,sensor
2026-03-18 22:00:07,24.0,0,15.0,LOW,sensor
2026-03-18 22:00:07,24.0,0,15.0,LOW,sensor
2026-03-18 22:00:10,24.0,0,15.0,LOW,sensor
2026-03-18 22:00:12,24.0,0,15.0,LOW,sensor
2026-03-18 22:00:15,24.0,0,15.0,LOW,sensor
2026-03-18 22:00:15,24.0,0,15.0,LOW,sensor
2026-03-18 22:00:18,24.0,0,15.0,LOW,sensor
2026-03-18 22:00:20,24.0,0,15.0,LOW,sensor
2026-03-18 22:00:23,24.0,0,15.0,LOW,sensor
2026-03-18 22:00:23,25.0,0,15.0,MODERATE,sensor
2026-03-18 22:00:26,24.0,0,15.0,LOW,sensor
2026-03-18 22:00:28,24.0,0,15.0,LOW,sensor
2026-03-18 22:00:31,25.0,0,15.0,MODERATE,sensor
2026-03-18 22:00:34,24.0,0,15.0,LOW,sensor
2026-03-18 22:00:36,24.0,0,15.0,LOW,sensor
2026-03-18 22:00:36,24.0,0,15.0,LOW,sensor
2026-03-18 22:00:39,24.0,0,15.0,LOW,sensor
2026-03-18 22:00:41,24.0,0,15.0,LOW,sensor
2026-03-18 22:00:44,24.0,0,15.0,LOW,sensor
2026-03-18 22:00:44,24.0,0,15.0,LOW,sensor
2026-03-18 22:00:47,24.0,0,15.0,LOW,sensor
2026-03-18 22:00:49,24.0,0,15.0,LOW,sensor
2026-03-18 22:00:52,24.0,0,15.0,LOW,sensor
2026-03-18 22:00:52,24.0,0,15.0,LOW,sensor
2026-03-18 22:00:55,24.0,0,15.0,LOW,sensor
2026-03-18 22:00:57,24.0,0,15.0,LOW,sensor
2026-03-18 22:01:00,24.0,0,15.0,LOW,sensor
2026-03-18 22:01:00,24.0,0,15.0,LOW,sensor
2026-03-18 22:01:03,24.0,0,15.0,LOW,sensor
2026-03-18 22:01:05,24.0,0,15.0,LOW,sensor
2026-03-18 22:01:08,24.0,0,15.0,LOW,sensor
2026-03-18 22:01:08,24.0,0,15.0,LOW,sensor
2026-03-18 22:01:11,24.0,0,15.0,LOW,sensor
2026-03-18 22:01:13,24.0,0,15.0,LOW,sensor
2026-03-18 22:01:16,24.0,0,15.0,LOW,sensor
2026-03-18 22:01:16,24.0,0,15.0,LOW,sensor
2026-03-18 22:01:19,24.0,0,15.0,LOW,sensor
2026-03-18 22:01:21,24.0,0,15.0,LOW,sensor
2026-03-18 22:01:24,24.0,0,15.0,LOW,sensor
2026-03-18 22:01:24,24.0,0,15.0,LOW,sensor
2026-03-18 22:01:27,24.0,0,15.0,LOW,sensor
2026-03-18 22:01:29,24.0,0,15.0,LOW,sensor
2026-03-18 22:01:32,24.0,0,15.0,LOW,sensor
2026-03-18 22:01:32,24.0,0,15.0,LOW,sensor
2026-03-18 22:01:35,24.0,0,15.0,LOW,sensor
2026-03-18 22:01:37,24.0,0,15.0,LOW,sensor
2026-03-18 22:01:40,24.0,0,15.0,LOW,sensor
2026-03-18 22:01:40,24.0,0,15.0,LOW,sensor
2026-03-18 22:01:43,24.0,0,15.0,LOW,sensor
2026-03-18 22:01:45,24.0,0,15.0,LOW,sensor
2026-03-18 22:01:48,24.0,0,15.0,LOW,sensor
2026-03-18 22:01:48,24.0,0,15.0,LOW,sensor
2026-03-18 22:01:51,24.0,0,15.0,LOW,sensor
2026-03-18 22:01:53,24.0,0,15.0,LOW,sensor
2026-03-18 22:01:56,24.0,0,15.0,LOW,sensor
2026-03-18 22:01:59,24.0,0,15.0,LOW,sensor
2026-03-18 22:01:59,24.0,0,15.0,LOW,sensor
2026-03-18 22:02:01,24.0,0,15.0,LOW,sensor
2026-03-18 22:02:04,24.0,0,15.0,LOW,sensor
2026-03-18 22:02:07,24.0,0,15.0,LOW,sensor
2026-03-18 22:02:07,24.0,0,15.0,LOW,sensor
2026-03-18 22:02:09,24.0,0,15.0,LOW,sensor
2026-03-18 22:02:12,24.0,0,15.0,LOW,sensor
2026-03-18 22:02:15,24.0,0,15.0,LOW,sensor
2026-03-18 22:02:15,24.0,0,15.0,LOW,sensor
2026-03-18 22:02:17,24.0,0,15.0,LOW,sensor
2026-03-18 22:02:20,24.0,0,15.0,LOW,sensor
2026-03-18 22:02:23,24.0,0,15.0,LOW,sensor
2026-03-18 22:02:23,24.0,0,15.0,LOW,sensor
2026-03-18 22:02:25,24.0,0,15.0,LOW,sensor
2026-03-18 22:02:28,24.0,0,15.0,LOW,sensor
2026-03-18 22:02:31,24.0,0,15.0,LOW,sensor
2026-03-18 22:02:31,24.0,0,15.0,LOW,sensor
2026-03-18 22:02:33,24.0,0,15.0,LOW,sensor
2026-03-18 22:02:36,24.0,0,15.0,LOW,sensor
2026-03-18 22:02:38,24.0,0,15.0,LOW,sensor
2026-03-18 22:02:39,24.0,0,15.0,LOW,sensor
2026-03-18 22:02:41,24.0,0,15.0,LOW,sensor
2026-03-18 22:02:44,24.0,0,15.0,LOW,sensor
2026-03-18 22:02:46,24.0,0,15.0,LOW,sensor
2026-03-18 22:02:46,24.0,0,15.0,LOW,sensor
2026-03-18 22:02:49,24.0,0,15.0,LOW,sensor
2026-03-18 22:02:52,24.0,0,15.0,LOW,sensor
2026-03-18 22:02:54,24.0,0,15.0,LOW,sensor
2026-03-18 22:02:54,24.0,0,15.0,LOW,sensor
2026-03-18 22:02:57,24.0,0,15.0,LOW,sensor
2026-03-18 22:03:00,24.0,0,15.0,LOW,sensor
2026-03-18 22:03:02,24.0,0,15.0,LOW,sensor
2026-03-18 22:03:02,24.0,0,15.0,LOW,sensor
2026-03-18 22:03:05,24.0,0,15.0,LOW,sensor
2026-03-18 22:03:08,24.0,0,15.0,LOW,sensor
2026-03-18 22:03:10,24.0,0,15.0,LOW,sensor
2026-03-18 22:03:10,24.0,0,15.0,LOW,sensor
2026-03-18 22:03:13,24.0,0,15.0,LOW,sensor
2026-03-18 22:03:16,24.0,0,15.0,LOW,sensor
2026-03-18 22:03:18,24.0,0,15.0,LOW,sensor
2026-03-18 22:03:18,24.0,0,15.0,LOW,sensor
2026-03-18 22:03:21,24.0,0,15.0,LOW,sensor
2026-03-18 22:03:24,24.0,0,15.0,LOW,sensor
2026-03-18 22:03:26,24.0,0,15.0,LOW,sensor
2026-03-18 22:03:26,24.0,0,15.0,LOW,sensor
2026-03-18 22:03:29,24.0,0,15.0,LOW,sensor
2026-03-18 22:03:32,24.0,0,15.0,LOW,sensor
2026-03-18 22:03:34,24.0,0,15.0,LOW,sensor
2026-03-18 22:03:34,24.0,0,15.0,LOW,sensor
2026-03-18 22:03:37,24.0,0,15.0,LOW,sensor
2026-03-18 22:03:40,24.0,0,15.0,LOW,sensor
2026-03-18 22:03:42,24.0,0,15.0,LOW,sensor
2026-03-18 22:03:42,24.0,0,15.0,LOW,sensor
2026-03-18 22:03:45,24.0,0,15.0,LOW,sensor
2026-03-18 22:03:48,24.0,0,15.0,LOW,sensor
2026-03-18 22:03:50,24.0,0,15.0,LOW,sensor
2026-03-18 22:03:53,24.0,0,15.0,LOW,sensor
2026-03-18 22:03:53,24.0,0,15.0,LOW,sensor
2026-03-18 22:03:56,24.0,0,15.0,LOW,sensor
2026-03-18 22:03:58,24.0,0,15.0,LOW,sensor
2026-03-18 22:04:01,24.0,0,15.0,LOW,sensor
2026-03-18 22:04:01,24.0,0,15.0,LOW,sensor
2026-03-18 22:04:03,24.0,0,15.0,LOW,sensor
2026-03-18 22:04:06,24.0,0,15.0,LOW,sensor
2026-03-18 22:04:09,24.0,0,15.0,LOW,sensor
2026-03-18 22:04:09,24.0,0,15.0,LOW,sensor
2026-03-18 22:04:11,24.0,0,15.0,LOW,sensor
2026-03-18 22:04:14,24.0,0,15.0,LOW,sensor
2026-03-18 22:04:17,24.0,0,15.0,LOW,sensor
2026-03-18 22:04:17,24.0,0,15.0,LOW,sensor
2026-03-18 22:04:19,24.0,0,15.0,LOW,sensor
2026-03-18 22:04:22,24.0,0,15.0,LOW,sensor
2026-03-18 22:04:25,24.0,0,15.0,LOW,sensor
2026-03-18 22:04:25,24.0,0,15.0,LOW,sensor
2026-03-18 22:04:27,24.0,0,15.0,LOW,sensor
2026-03-18 22:04:30,24.0,0,15.0,LOW,sensor
2026-03-18 22:04:33,24.0,0,15.0,LOW,sensor
2026-03-18 22:04:33,24.0,0,15.0,LOW,sensor
2026-03-18 22:04:35,24.0,0,15.0,LOW,sensor
2026-03-18 22:04:38,24.0,0,15.0,LOW,sensor
2026-03-18 22:04:41,24.0,0,15.0,LOW,sensor
2026-03-18 22:04:41,24.0,0,15.0,LOW,sensor
2026-03-18 22:04:43,24.0,0,15.0,LOW,sensor
2026-03-18 22:04:46,24.0,0,15.0,LOW,sensor
2026-03-18 22:04:49,24.0,0,15.0,LOW,sensor
2026-03-18 22:04:49,24.0,0,15.0,LOW,sensor
2026-03-18 22:04:51,24.0,0,15.0,LOW,sensor
2026-03-18 22:04:54,24.0,0,15.0,LOW,sensor
2026-03-18 22:04:57,24.0,0,15.0,LOW,sensor
2026-03-18 22:04:57,24.0,0,15.0,LOW,sensor
2026-03-18 22:04:59,24.0,0,15.0,LOW,sensor
2026-03-18 22:05:02,24.0,0,15.0,LOW,sensor
2026-03-18 22:05:05,24.0,0,15.0,LOW,sensor
2026-03-18 22:05:05,24.0,0,15.0,LOW,sensor
2026-03-18 22:05:07,24.0,0,15.0,LOW,sensor
2026-03-18 22:05:10,24.0,0,15.0,LOW,sensor
2026-03-18 22:05:13,24.0,0,15.0,LOW,sensor
2026-03-18 22:05:13,24.0,0,15.0,LOW,sensor
2026-03-18 22:05:15,24.0,0,15.0,LOW,sensor
2026-03-18 22:05:18,24.0,0,15.0,LOW,sensor
2026-03-18 22:05:21,24.0,0,15.0,LOW,sensor
2026-03-18 22:05:21,24.0,0,15.0,LOW,sensor
2026-03-18 22:05:23,24.0,0,15.0,LOW,sensor
2026-03-18 22:05:26,24.0,0,15.0,LOW,sensor
2026-03-18 22:05:29,24.0,0,15.0,LOW,sensor
2026-03-18 22:05:31,24.0,0,15.0,LOW,sensor
2026-03-18 22:05:31,24.0,0,15.0,LOW,sensor
2026-03-18 22:05:34,24.0,0,15.0,LOW,sensor
2026-03-18 22:05:37,24.0,0,15.0,LOW,sensor
2026-03-18 22:05:39,24.0,0,15.0,LOW,sensor
2026-03-18 22:05:39,24.0,0,15.0,LOW,sensor
2026-03-18 22:05:42,24.0,0,15.0,LOW,sensor
2026-03-18 22:05:45,24.0,0,15.0,LOW,sensor
2026-03-18 22:05:47,24.0,0,15.0,LOW,sensor
2026-03-18 22:05:47,24.0,0,15.0,LOW,sensor
2026-03-18 22:05:50,24.0,0,15.0,LOW,sensor
2026-03-18 22:05:52,24.0,0,15.0,LOW,sensor
2026-03-18 22:05:55,24.0,0,15.0,LOW,sensor
2026-03-18 22:05:55,24.0,0,15.0,LOW,sensor
2026-03-18 22:05:58,24.0,0,15.0,LOW,sensor
2026-03-18 22:06:01,24.0,0,15.0,LOW,sensor
2026-03-18 22:06:03,24.0,0,15.0,LOW,sensor
2026-03-18 22:06:03,24.0,0,15.0,LOW,sensor
2026-03-18 22:06:06,24.0,0,15.0,LOW,sensor
2026-03-18 22:06:08,24.0,0,15.0,LOW,sensor
2026-03-18 22:06:11,24.0,0,15.0,LOW,sensor
2026-03-18 22:06:11,24.0,0,15.0,LOW,sensor
2026-03-18 22:06:14,24.0,0,15.0,LOW,sensor
2026-03-18 22:06:16,24.0,0,15.0,LOW,sensor
2026-03-18 22:06:19,24.0,0,15.0,LOW,sensor
2026-03-18 22:06:19,24.0,0,15.0,LOW,sensor
2026-03-18 22:06:22,24.0,0,15.0,LOW,sensor
2026-03-18 22:06:24,24.0,0,15.0,LOW,sensor
2026-03-18 22:06:27,24.0,0,15.0,LOW,sensor
2026-03-18 22:06:27,24.0,0,15.0,LOW,sensor
2026-03-18 22:06:30,24.0,0,15.0,LOW,sensor
2026-03-18 22:06:32,24.0,0,15.0,LOW,sensor
2026-03-18 22:06:35,24.0,0,15.0,LOW,sensor
2026-03-18 22:06:35,24.0,0,15.0,LOW,sensor
2026-03-18 22:06:38,24.0,0,15.0,LOW,sensor
2026-03-18 22:06:40,24.0,0,15.0,LOW,sensor
2026-03-18 22:06:43,24.0,0,15.0,LOW,sensor
2026-03-18 22:06:43,24.0,0,15.0,LOW,sensor
2026-03-18 22:06:46,24.0,0,15.0,LOW,sensor
2026-03-18 22:06:48,24.0,0,15.0,LOW,sensor
2026-03-18 22:06:51,24.0,0,15.0,LOW,sensor
2026-03-18 22:06:51,24.0,0,15.0,LOW,sensor
2026-03-18 22:06:54,24.0,0,15.0,LOW,sensor
2026-03-18 22:06:56,24.0,0,15.0,LOW,sensor
2026-03-18 22:06:59,24.0,0,15.0,LOW,sensor
2026-03-18 22:06:59,24.0,0,15.0,LOW,sensor
2026-03-18 22:07:02,25.0,0,15.0,MODERATE,sensor
2026-03-18 22:07:04,24.0,0,15.0,LOW,sensor
2026-03-18 22:07:07,24.0,0,15.0,LOW,sensor
2026-03-18 22:07:10,24.0,0,15.0,LOW,sensor
2026-03-18 22:07:10,24.0,0,15.0,LOW,sensor
2026-03-18 22:07:12,24.0,0,15.0,LOW,sensor
2026-03-18 22:07:15,24.0,0,15.0,LOW,sensor
2026-03-18 22:07:18,24.0,0,15.0,LOW,sensor
2026-03-18 22:07:18,24.0,0,15.0,LOW,sensor
2026-03-18 22:07:20,24.0,0,15.0,LOW,sensor
2026-03-18 22:07:23,24.0,0,15.0,LOW,sensor
2026-03-18 22:07:26,24.0,0,15.0,LOW,sensor
2026-03-18 22:07:26,24.0,0,15.0,LOW,sensor
2026-03-18 22:07:28,24.0,0,15.0,LOW,sensor
2026-03-18 22:07:31,24.0,0,15.0,LOW,sensor
2026-03-18 22:07:34,24.0,0,15.0,LOW,sensor
2026-03-18 22:07:34,24.0,0,15.0,LOW,sensor
2026-03-18 22:07:36,24.0,0,15.0,LOW,sensor
2026-03-18 22:07:39,24.0,0,15.0,LOW,sensor
2026-03-18 22:07:42,24.0,0,15.0,LOW,sensor
2026-03-18 22:07:44,24.0,0,15.0,LOW,sensor
2026-03-18 22:07:44,24.0,0,15.0,LOW,sensor
2026-03-18 22:07:47,24.0,0,15.0,LOW,sensor
2026-03-18 22:07:50,24.0,0,15.0,LOW,sensor
2026-03-18 22:07:52,24.0,0,15.0,LOW,sensor
2026-03-18 22:07:52,24.0,0,15.0,LOW,sensor
2026-03-18 22:07:55,24.0,0,15.0,LOW,sensor
2026-03-18 22:07:57,24.0,0,15.0,LOW,sensor
2026-03-18 22:08:00,24.0,0,15.0,LOW,sensor
2026-03-18 22:08:00,24.0,0,15.0,LOW,sensor
2026-03-18 22:08:03,24.0,0,15.0,LOW,sensor
2026-03-18 22:08:05,24.0,0,15.0,LOW,sensor
2026-03-18 22:08:08,24.0,0,15.0,LOW,sensor
2026-03-18 22:08:08,24.0,0,15.0,LOW,sensor
2026-03-18 22:08:11,24.0,0,15.0,LOW,sensor
2026-03-18 22:08:13,24.0,0,15.0,LOW,sensor
2026-03-18 22:08:16,24.0,0,15.0,LOW,sensor
2026-03-18 22:08:16,24.0,0,15.0,LOW,sensor
2026-03-18 22:08:19,24.0,0,15.0,LOW,sensor
2026-03-18 22:08:21,24.0,0,15.0,LOW,sensor
2026-03-18 22:08:24,24.0,0,15.0,LOW,sensor
2026-03-18 22:08:24,24.0,0,15.0,LOW,sensor
2026-03-18 22:08:27,24.0,0,15.0,LOW,sensor
2026-03-18 22:08:29,24.0,0,15.0,LOW,sensor
2026-03-18 22:08:32,24.0,0,15.0,LOW,sensor
2026-03-18 22:08:32,24.0,0,15.0,LOW,sensor
2026-03-18 22:08:35,24.0,0,15.0,LOW,sensor
2026-03-18 22:08:37,24.0,0,15.0,LOW,sensor
2026-03-18 22:08:40,24.0,0,15.0,LOW,sensor
2026-03-18 22:08:40,24.0,0,15.0,LOW,sensor
2026-03-18 22:08:43,24.0,0,15.0,LOW,sensor
2026-03-18 22:08:45,24.0,0,15.0,LOW,sensor
2026-03-18 22:08:48,24.0,0,15.0,LOW,sensor
2026-03-18 22:08:48,24.0,0,15.0,LOW,sensor
2026-03-18 22:08:51,24.0,0,15.0,LOW,sensor
2026-03-18 22:08:53,24.0,0,15.0,LOW,sensor
2026-03-18 22:08:56,24.0,0,15.0,LOW,sensor
2026-03-18 22:08:56,24.0,0,15.0,LOW,sensor
2026-03-18 22:08:59,24.0,0,15.0,LOW,sensor
2026-03-18 22:09:01,24.0,0,15.0,LOW,sensor
2026-03-18 22:09:04,24.0,0,15.0,LOW,sensor
2026-03-18 22:09:04,24.0,0,15.0,LOW,sensor
2026-03-18 22:09:07,24.0,0,15.0,LOW,sensor
2026-03-18 22:09:09,24.0,0,15.0,LOW,sensor
2026-03-18 22:09:12,24.0,0,15.0,LOW,sensor
2026-03-18 22:09:12,25.0,0,15.0,MODERATE,sensor
2026-03-18 22:09:15,24.0,0,15.0,LOW,sensor
2026-03-18 22:09:17,24.0,0,15.0,LOW,sensor
2026-03-18 22:09:20,24.0,0,15.0,LOW,sensor
2026-03-18 22:09:23,24.0,0,15.0,LOW,sensor
2026-03-18 22:09:23,24.0,0,15.0,LOW,sensor
2026-03-18 22:09:25,24.0,0,15.0,LOW,sensor
2026-03-18 22:09:28,24.0,0,15.0,LOW,sensor
2026-03-18 22:09:31,24.0,0,15.0,LOW,sensor
2026-03-18 22:09:31,24.0,0,15.0,LOW,sensor
2026-03-18 22:09:33,24.0,0,15.0,LOW,sensor
2026-03-18 22:09:36,24.0,0,15.0,LOW,sensor
2026-03-18 22:09:39,24.0,0,15.0,LOW,sensor
2026-03-18 22:09:39,24.0,0,15.0,LOW,sensor
2026-03-18 22:09:41,24.0,0,15.0,LOW,sensor
2026-03-18 22:09:44,24.0,0,15.0,LOW,sensor
2026-03-18 22:09:47,24.0,0,15.0,LOW,sensor
2026-03-18 22:09:47,24.0,0,15.0,LOW,sensor
2026-03-18 22:09:49,24.0,0,15.0,LOW,sensor
2026-03-18 22:09:52,24.0,0,15.0,LOW,sensor
2026-03-18 22:09:55,24.0,0,15.0,LOW,sensor
2026-03-18 22:09:57,24.0,0,15.0,LOW,sensor
2026-03-18 22:09:57,24.0,0,15.0,LOW,sensor
2026-03-18 22:10:00,24.0,0,15.0,LOW,sensor
2026-03-18 22:10:02,24.0,0,15.0,LOW,sensor
2026-03-18 22:10:05,24.0,0,15.0,LOW,sensor
2026-03-18 22:10:05,24.0,0,15.0,LOW,sensor
2026-03-18 22:10:08,24.0,0,15.0,LOW,sensor
2026-03-18 22:10:10,24.0,0,15.0,LOW,sensor
2026-03-18 22:10:13,24.0,0,15.0,LOW,sensor
2026-03-18 22:10:13,24.0,0,15.0,LOW,sensor
2026-03-18 22:10:16,24.0,0,15.0,LOW,sensor
2026-03-18 22:10:18,24.0,0,15.0,LOW,sensor
2026-03-18 22:10:21,24.0,0,15.0,LOW,sensor
2026-03-18 22:10:21,24.0,0,15.0,LOW,sensor
2026-03-18 22:10:24,24.0,0,15.0,LOW,sensor
2026-03-18 22:10:26,24.0,0,15.0,LOW,sensor
2026-03-18 22:10:29,24.0,0,15.0,LOW,sensor
2026-03-18 22:10:29,24.0,0,15.0,LOW,sensor
2026-03-18 22:10:32,24.0,0,15.0,LOW,sensor
2026-03-18 22:10:34,24.0,0,15.0,LOW,sensor
2026-03-18 22:10:37,24.0,0,15.0,LOW,sensor
2026-03-18 22:10:37,24.0,0,15.0,LOW,sensor
2026-03-18 22:10:40,24.0,0,15.0,LOW,sensor
2026-03-18 22:10:42,24.0,0,15.0,LOW,sensor
2026-03-18 22:10:45,24.0,0,15.0,LOW,sensor
2026-03-18 22:10:45,24.0,0,15.0,LOW,sensor
2026-03-18 22:10:48,24.0,0,15.0,LOW,sensor
2026-03-18 22:10:50,24.0,0,15.0,LOW,sensor
2026-03-18 22:10:53,24.0,0,15.0,LOW,sensor
2026-03-18 22:10:53,24.0,0,15.0,LOW,sensor
2026-03-18 22:10:56,24.0,0,15.0,LOW,sensor
2026-03-18 22:10:58,24.0,0,15.0,LOW,sensor
2026-03-18 22:11:01,24.0,0,15.0,LOW,sensor
2026-03-18 22:11:01,24.0,0,15.0,LOW,sensor
2026-03-18 22:11:04,24.0,0,15.0,LOW,sensor
2026-03-18 22:11:06,24.0,0,15.0,LOW,sensor
2026-03-18 22:11:09,24.0,0,15.0,LOW,sensor
2026-03-18 22:11:09,24.0,0,15.0,LOW,sensor
2026-03-18 22:11:12,24.0,0,15.0,LOW,sensor
2026-03-18 22:11:14,24.0,0,15.0,LOW,sensor
2026-03-18 22:11:17,24.0,0,15.0,LOW,sensor
2026-03-18 22:11:17,24.0,0,15.0,LOW,sensor
2026-03-18 22:11:20,24.0,0,15.0,LOW,sensor
2026-03-18 22:11:22,24.0,0,15.0,LOW,sensor
2026-03-18 22:11:25,24.0,0,15.0,LOW,sensor
2026-03-18 22:11:25,24.0,0,15.0,LOW,sensor
2026-03-18 22:11:28,24.0,0,15.0,LOW,sensor
2026-03-18 22:11:30,24.0,0,15.0,LOW,sensor
2026-03-18 22:11:33,24.0,0,15.0,LOW,sensor
2026-03-18 22:11:33,24.0,0,15.0,LOW,sensor
2026-03-18 22:11:36,24.0,0,15.0,LOW,sensor
2026-03-18 22:11:38,24.0,0,15.0,LOW,sensor
2026-03-18 22:11:41,24.0,0,15.0,LOW,sensor
2026-03-18 22:11:44,24.0,0,15.0,LOW,sensor
2026-03-18 22:11:44,24.0,0,15.0,LOW,sensor
2026-03-18 22:11:46,24.0,0,15.0,LOW,sensor
2026-03-18 22:11:49,24.0,0,15.0,LOW,sensor
2026-03-18 22:11:52,24.0,0,15.0,LOW,sensor
2026-03-18 22:11:52,24.0,0,15.0,LOW,sensor
2026-03-18 22:11:54,24.0,0,15.0,LOW,sensor
2026-03-18 22:11:57,24.0,0,15.0,LOW,sensor
2026-03-18 22:11:59,24.0,0,15.0,LOW,sensor
2026-03-18 22:11:59,24.0,0,15.0,LOW,sensor
2026-03-18 22:12:02,24.0,0,15.0,LOW,sensor
2026-03-18 22:12:05,24.0,0,15.0,LOW,sensor
2026-03-18 22:12:08,24.0,0,15.0,LOW,sensor
2026-03-18 22:12:08,24.0,0,15.0,LOW,sensor
2026-03-18 22:12:10,24.0,0,15.0,LOW,sensor
2026-03-18 22:12:13,24.0,0,15.0,LOW,sensor
2026-03-18 22:12:15,24.0,0,15.0,LOW,sensor
2026-03-18 22:12:15,24.0,0,15.0,LOW,sensor
2026-03-18 22:12:18,24.0,0,15.0,LOW,sensor
2026-03-18 22:12:21,24.0,0,15.0,LOW,sensor
2026-03-18 22:12:23,24.0,0,15.0,LOW,sensor
2026-03-18 22:12:23,24.0,0,15.0,LOW,sensor
2026-03-18 22:12:26,24.0,0,15.0,LOW,sensor
2026-03-18 22:12:29,24.0,0,15.0,LOW,sensor
2026-03-18 22:12:31,24.0,0,15.0,LOW,sensor
2026-03-18 22:12:31,24.0,0,15.0,LOW,sensor
2026-03-18 22:12:34,24.0,0,15.0,LOW,sensor
2026-03-18 22:12:37,24.0,0,15.0,LOW,sensor
2026-03-18 22:12:39,24.0,0,15.0,LOW,sensor
2026-03-18 22:12:39,24.0,0,15.0,LOW,sensor
2026-03-18 22:12:42,24.0,0,15.0,LOW,sensor
2026-03-18 22:12:45,24.0,0,15.0,LOW,sensor
2026-03-18 22:12:47,24.0,0,15.0,LOW,sensor
2026-03-18 22:12:47,24.0,0,15.0,LOW,sensor
2026-03-18 22:12:50,24.0,0,15.0,LOW,sensor
2026-03-18 22:12:53,24.0,0,15.0,LOW,sensor
2026-03-18 22:12:55,24.0,0,15.0,LOW,sensor
2026-03-18 22:12:55,24.0,0,15.0,LOW,sensor
2026-03-18 22:12:58,24.0,0,15.0,LOW,sensor
2026-03-18 22:13:01,24.0,0,15.0,LOW,sensor
2026-03-18 22:13:03,24.0,0,15.0,LOW,sensor
2026-03-18 22:13:03,24.0,0,15.0,LOW,sensor
2026-03-18 22:13:06,24.0,0,15.0,LOW,sensor
2026-03-18 22:13:09,24.0,0,15.0,LOW,sensor
2026-03-18 22:13:11,24.0,0,15.0,LOW,sensor
2026-03-18 22:13:11,24.0,0,15.0,LOW,sensor
2026-03-18 22:13:14,24.0,0,15.0,LOW,sensor
2026-03-18 22:13:17,24.0,0,15.0,LOW,sensor
2026-03-18 22:13:19,24.0,0,15.0,LOW,sensor
2026-03-18 22:13:19,24.0,0,15.0,LOW,sensor
2026-03-18 22:13:22,24.0,0,15.0,LOW,sensor
2026-03-18 22:13:25,24.0,0,15.0,LOW,sensor
2026-03-18 22:13:27,24.0,0,15.0,LOW,sensor
2026-03-18 22:13:27,24.0,0,15.0,LOW,sensor
2026-03-18 22:13:30,24.0,0,15.0,LOW,sensor
2026-03-18 22:13:33,24.0,0,15.0,LOW,sensor
2026-03-18 22:13:35,24.0,0,15.0,LOW,sensor
2026-03-18 22:13:35,24.0,0,15.0,LOW,sensor
2026-03-18 22:13:38,24.0,0,15.0,LOW,sensor
2026-03-18 22:13:41,24.0,0,15.0,LOW,sensor
2026-03-18 22:13:43,24.0,0,15.0,LOW,sensor
2026-03-18 22:13:43,24.0,0,15.0,LOW,sensor
2026-03-18 22:13:46,24.0,0,15.0,LOW,sensor
2026-03-18 22:13:49,24.0,0,15.0,LOW,sensor
2026-03-18 22:13:51,24.0,0,15.0,LOW,sensor
2026-03-18 22:13:54,24.0,0,15.0,LOW,sensor
2026-03-18 22:13:54,24.0,0,15.0,LOW,sensor
2026-03-18 22:13:57,24.0,0,15.0,LOW,sensor
2026-03-18 22:13:59,24.0,0,15.0,LOW,sensor
2026-03-18 22:14:02,24.0,0,15.0,LOW,sensor
2026-03-18 22:14:02,24.0,0,15.0,LOW,sensor
2026-03-18 22:14:05,24.0,0,15.0,LOW,sensor
2026-03-18 22:14:07,24.0,0,15.0,LOW,sensor
2026-03-18 22:14:10,24.0,0,15.0,LOW,sensor
2026-03-18 22:14:10,24.0,0,15.0,LOW,sensor
2026-03-18 22:14:13,24.0,0,15.0,LOW,sensor
2026-03-18 22:14:15,24.0,0,15.0,LOW,sensor
2026-03-18 22:14:18,24.0,0,15.0,LOW,sensor
2026-03-18 22:14:18,24.0,0,15.0,LOW,sensor
2026-03-18 22:14:21,24.0,0,15.0,LOW,sensor
2026-03-18 22:14:23,24.0,0,15.0,LOW,sensor
2026-03-18 22:14:26,24.0,0,15.0,LOW,sensor
2026-03-18 22:14:26,24.0,0,15.0,LOW,sensor
2026-03-18 22:14:29,24.0,0,15.0,LOW,sensor
2026-03-18 22:14:31,24.0,0,15.0,LOW,sensor
2026-03-18 22:14:34,24.0,0,15.0,LOW,sensor
2026-03-18 22:14:34,24.0,0,15.0,LOW,sensor
2026-03-18 22:14:36,24.0,0,15.0,LOW,sensor
2026-03-18 22:14:39,24.0,0,15.0,LOW,sensor
2026-03-18 22:14:42,24.0,0,15.0,LOW,sensor
2026-03-18 22:14:42,24.0,0,15.0,LOW,sensor
2026-03-18 22:14:44,24.0,0,15.0,LOW,sensor
2026-03-18 22:14:47,24.0,0,15.0,LOW,sensor
2026-03-18 22:14:50,24.0,0,15.0,LOW,sensor
2026-03-18 22:14:50,24.0,0,15.0,LOW,sensor
2026-03-18 22:14:52,24.0,0,15.0,LOW,sensor
2026-03-18 22:14:55,24.0,0,15.0,LOW,sensor
2026-03-18 22:14:58,24.0,0,15.0,LOW,sensor
2026-03-18 22:14:58,24.0,0,15.0,LOW,sensor
2026-03-18 22:15:00,24.0,0,15.0,LOW,sensor
2026-03-18 22:15:03,24.0,0,15.0,LOW,sensor
2026-03-18 22:15:06,24.0,0,15.0,LOW,sensor
2026-03-18 22:15:06,25.0,0,15.0,MODERATE,sensor
2026-03-18 22:15:08,25.0,0,15.0,MODERATE,sensor
2026-03-18 22:15:11,24.0,0,15.0,LOW,sensor
2026-03-18 22:15:14,24.0,0,15.0,LOW,sensor
2026-03-18 22:15:16,24.0,0,15.0,LOW,sensor
2026-03-18 22:15:16,24.0,0,15.0,LOW,sensor
2026-03-18 22:15:19,24.0,0,15.0,LOW,sensor
2026-03-18 22:15:22,24.0,0,15.0,LOW,sensor
2026-03-18 22:15:24,24.0,0,15.0,LOW,sensor
2026-03-18 22:15:24,24.0,0,15.0,LOW,sensor
2026-03-18 22:15:27,24.0,0,15.0,LOW,sensor
2026-03-18 22:15:30,24.0,0,15.0,LOW,sensor
2026-03-18 22:15:32,24.0,0,15.0,LOW,sensor
2026-03-18 22:15:32,24.0,0,15.0,LOW,sensor
2026-03-18 22:15:35,24.0,0,15.0,LOW,sensor
2026-03-18 22:15:38,24.0,0,15.0,LOW,sensor
2026-03-18 22:15:40,24.0,0,15.0,LOW,sensor
2026-03-18 22:15:43,24.0,0,15.0,LOW,sensor
2026-03-18 22:15:43,24.0,0,15.0,LOW,sensor
2026-03-18 22:15:45,24.0,0,15.0,LOW,sensor
2026-03-18 22:15:48,24.0,0,15.0,LOW,sensor
2026-03-18 22:15:51,24.0,0,15.0,LOW,sensor
2026-03-18 22:15:51,24.0,0,15.0,LOW,sensor
2026-03-18 22:15:53,24.0,0,15.0,LOW,sensor
2026-03-18 22:15:56,24.0,0,15.0,LOW,sensor
2026-03-18 22:15:59,24.0,0,15.0,LOW,sensor
2026-03-18 22:15:59,24.0,0,15.0,LOW,sensor
2026-03-18 22:16:01,24.0,0,15.0,LOW,sensor
2026-03-18 22:16:04,24.0,0,15.0,LOW,sensor
2026-03-18 22:16:07,24.0,0,15.0,LOW,sensor
2026-03-18 22:16:07,24.0,0,15.0,LOW,sensor
2026-03-18 22:16:09,24.0,0,15.0,LOW,sensor
2026-03-18 22:16:12,24.0,0,15.0,LOW,sensor
2026-03-18 22:16:15,24.0,0,15.0,LOW,sensor
2026-03-18 22:16:15,24.0,0,15.0,LOW,sensor
2026-03-18 22:16:17,24.0,0,15.0,LOW,sensor
2026-03-18 22:16:20,24.0,0,15.0,LOW,sensor
2026-03-18 22:16:23,24.0,0,15.0,LOW,sensor
2026-03-18 22:16:23,24.0,0,15.0,LOW,sensor
2026-03-18 22:16:25,24.0,0,15.0,LOW,sensor
2026-03-18 22:16:28,24.0,0,15.0,LOW,sensor
2026-03-18 22:16:31,24.0,0,15.0,LOW,sensor
2026-03-18 22:16:31,24.0,0,15.0,LOW,sensor
2026-03-18 22:16:33,24.0,0,15.0,LOW,sensor
2026-03-18 22:16:36,24.0,0,15.0,LOW,sensor
2026-03-18 22:16:39,24.0,0,15.0,LOW,sensor
2026-03-18 22:16:39,24.0,0,15.0,LOW,sensor
2026-03-18 22:16:41,24.0,0,15.0,LOW,sensor
2026-03-18 22:16:44,24.0,0,15.0,LOW,sensor
2026-03-18 22:16:47,24.0,0,15.0,LOW,sensor
2026-03-18 22:16:47,24.0,0,15.0,LOW,sensor
2026-03-18 22:16:49,24.0,0,15.0,LOW,sensor
2026-03-18 22:16:52,24.0,0,15.0,LOW,sensor
2026-03-18 22:16:55,24.0,0,15.0,LOW,sensor
2026-03-18 22:16:55,24.0,0,15.0,LOW,sensor
2026-03-18 22:16:57,24.0,0,15.0,LOW,sensor
2026-03-18 22:17:00,24.0,0,15.0,LOW,sensor
2026-03-18 22:17:03,24.0,0,15.0,LOW,sensor
2026-03-18 22:17:03,24.0,0,15.0,LOW,sensor
2026-03-18 22:17:05,24.0,0,15.0,LOW,sensor
2026-03-18 22:17:08,24.0,0,15.0,LOW,sensor
2026-03-18 22:17:11,24.0,0,15.0,LOW,sensor
2026-03-18 22:17:11,24.0,0,15.0,LOW,sensor
2026-03-18 22:17:13,24.0,0,15.0,LOW,sensor
2026-03-18 22:17:16,24.0,0,15.0,LOW,sensor
2026-03-18 22:17:19,24.0,0,15.0,LOW,sensor
2026-03-18 22:17:19,24.0,0,15.0,LOW,sensor
2026-03-18 22:17:21,24.0,0,15.0,LOW,sensor
2026-03-18 22:17:24,24.0,0,15.0,LOW,sensor
2026-03-18 22:17:27,24.0,0,15.0,LOW,sensor
2026-03-18 22:17:27,24.0,0,15.0,LOW,sensor
2026-03-18 22:17:29,24.0,0,15.0,LOW,sensor
2026-03-18 22:17:32,24.0,0,15.0,LOW,sensor
2026-03-18 22:17:35,24.0,0,15.0,LOW,sensor
2026-03-18 22:17:35,24.0,0,15.0,LOW,sensor
2026-03-18 22:17:37,24.0,0,15.0,LOW,sensor
2026-03-18 22:17:40,24.0,0,15.0,LOW,sensor
2026-03-18 22:17:43,24.0,0,15.0,LOW,sensor
2026-03-18 22:17:45,24.0,0,15.0,LOW,sensor
2026-03-18 22:17:45,24.0,0,15.0,LOW,sensor
2026-03-18 22:17:48,24.0,0,15.0,LOW,sensor
2026-03-18 22:17:50,24.0,0,15.0,LOW,sensor
2026-03-18 22:17:53,24.0,0,15.0,LOW,sensor
2026-03-18 22:17:53,24.0,0,15.0,LOW,sensor
2026-03-18 22:17:56,24.0,0,15.0,LOW,sensor
2026-03-18 22:17:59,24.0,0,15.0,LOW,sensor
2026-03-18 22:18:01,24.0,0,15.0,LOW,sensor
2026-03-18 22:18:01,24.0,0,15.0,LOW,sensor
2026-03-18 22:18:04,24.0,0,15.0,LOW,sensor
2026-03-18 22:18:06,24.0,0,15.0,LOW,sensor
2026-03-18 22:18:09,24.0,0,15.0,LOW,sensor
2026-03-18 22:18:09,24.0,0,15.0,LOW,sensor
2026-03-18 22:18:12,24.0,0,15.0,LOW,sensor
2026-03-18 22:18:14,24.0,0,15.0,LOW,sensor
2026-03-18 22:18:17,24.0,0,15.0,LOW,sensor
2026-03-18 22:18:17,24.0,0,15.0,LOW,sensor
2026-03-18 22:18:20,24.0,0,15.0,LOW,sensor
2026-03-18 22:18:22,24.0,0,15.0,LOW,sensor
2026-03-18 22:18:25,24.0,0,15.0,LOW,sensor
2026-03-18 22:18:25,24.0,0,15.0,LOW,sensor
2026-03-18 22:18:28,24.0,0,15.0,LOW,sensor
2026-03-18 22:18:30,24.0,0,15.0,LOW,sensor
2026-03-18 22:18:33,24.0,0,15.0,LOW,sensor
2026-03-18 22:18:33,24.0,0,15.0,LOW,sensor
2026-03-18 22:18:36,24.0,0,15.0,LOW,sensor
2026-03-18 22:18:38,24.0,0,15.0,LOW,sensor
2026-03-18 22:18:41,24.0,0,15.0,LOW,sensor
2026-03-18 22:18:41,24.0,0,15.0,LOW,sensor
2026-03-18 22:18:44,24.0,0,15.0,LOW,sensor
2026-03-18 22:18:46,24.0,0,15.0,LOW,sensor
2026-03-18 22:18:49,24.0,0,15.0,LOW,sensor
2026-03-18 22:18:49,24.0,0,15.0,LOW,sensor
2026-03-18 22:18:52,24.0,0,15.0,LOW,sensor
2026-03-18 22:18:54,24.0,0,15.0,LOW,sensor
2026-03-18 22:18:57,24.0,0,15.0,LOW,sensor
2026-03-18 22:18:57,24.0,0,15.0,LOW,sensor
2026-03-18 22:19:00,24.0,0,15.0,LOW,sensor
2026-03-18 22:19:02,24.0,0,15.0,LOW,sensor
2026-03-18 22:19:05,24.0,0,15.0,LOW,sensor
2026-03-18 22:19:05,24.0,0,15.0,LOW,sensor
2026-03-18 22:19:08,24.0,0,15.0,LOW,sensor
2026-03-18 22:19:10,24.0,0,15.0,LOW,sensor
2026-03-18 22:19:13,24.0,0,15.0,LOW,sensor
2026-03-18 22:19:13,24.0,0,15.0,LOW,sensor
2026-03-18 22:19:16,24.0,0,15.0,LOW,sensor
2026-03-18 22:19:18,24.0,0,15.0,LOW,sensor
2026-03-18 22:19:21,24.0,0,15.0,LOW,sensor
2026-03-18 22:19:24,24.0,0,15.0,LOW,sensor
2026-03-18 22:19:24,24.0,0,15.0,LOW,sensor
2026-03-18 22:19:26,24.0,0,15.0,LOW,sensor
2026-03-18 22:19:29,24.0,0,15.0,LOW,sensor
2026-03-18 22:19:32,24.0,0,15.0,LOW,sensor
2026-03-18 22:19:32,24.0,0,15.0,LOW,sensor
2026-03-18 22:19:34,24.0,0,15.0,LOW,sensor
2026-03-18 22:19:37,24.0,0,15.0,LOW,sensor
2026-03-18 22:19:40,24.0,0,15.0,LOW,sensor
2026-03-18 22:19:40,24.0,0,15.0,LOW,sensor
2026-03-18 22:19:42,24.0,0,15.0,LOW,sensor
2026-03-18 22:19:45,24.0,0,15.0,LOW,sensor
2026-03-18 22:19:48,24.0,0,15.0,LOW,sensor
2026-03-18 22:19:48,24.0,0,15.0,LOW,sensor
2026-03-18 22:19:50,24.0,0,15.0,LOW,sensor
2026-03-18 22:19:53,24.0,0,15.0,LOW,sensor
2026-03-18 22:19:56,24.0,0,15.0,LOW,sensor
2026-03-18 22:19:56,24.0,0,15.0,LOW,sensor
2026-03-18 22:19:58,24.0,0,15.0,LOW,sensor
2026-03-18 22:20:01,24.0,0,15.0,LOW,sensor
2026-03-18 22:20:04,24.0,0,15.0,LOW,sensor
2026-03-18 22:20:04,24.0,0,15.0,LOW,sensor
2026-03-18 22:20:06,24.0,0,15.0,LOW,sensor
2026-03-18 22:20:09,24.0,0,15.0,LOW,sensor
2026-03-18 22:20:11,24.0,0,15.0,LOW,sensor
2026-03-18 22:20:12,24.0,0,15.0,LOW,sensor
2026-03-18 22:20:14,24.0,0,15.0,LOW,sensor
2026-03-18 22:20:17,24.0,0,15.0,LOW,sensor
2026-03-18 22:20:19,24.0,0,15.0,LOW,sensor
2026-03-18 22:20:19,24.0,0,15.0,LOW,sensor
2026-03-18 22:20:22,24.0,0,15.0,LOW,sensor
2026-03-18 22:20:25,24.0,0,15.0,LOW,sensor
2026-03-18 22:20:27,24.0,0,15.0,LOW,sensor
2026-03-18 22:20:27,24.0,0,15.0,LOW,sensor
2026-03-18 22:20:30,24.0,0,15.0,LOW,sensor
2026-03-18 22:20:33,24.0,0,15.0,LOW,sensor
2026-03-18 22:20:35,24.0,0,15.0,LOW,sensor
2026-03-18 22:20:35,24.0,0,15.0,LOW,sensor
2026-03-18 22:20:38,24.0,0,15.0,LOW,sensor
2026-03-18 22:20:41,24.0,0,15.0,LOW,sensor
2026-03-18 22:20:43,24.0,0,15.0,LOW,sensor
2026-03-18 22:20:43,24.0,0,15.0,LOW,sensor
2026-03-18 22:20:46,24.0,0,15.0,LOW,sensor
2026-03-18 22:20:49,24.0,0,15.0,LOW,sensor
2026-03-18 22:20:51,24.0,0,15.0,LOW,sensor
2026-03-18 22:20:54,24.0,0,15.0,LOW,sensor
2026-03-18 22:20:54,24.0,0,15.0,LOW,sensor
2026-03-18 22:20:57,24.0,0,15.0,LOW,sensor
2026-03-18 22:20:59,24.0,0,15.0,LOW,sensor
2026-03-18 22:21:02,24.0,0,15.0,LOW,sensor
2026-03-18 22:21:02,24.0,0,15.0,LOW,sensor
2026-03-18 22:21:05,24.0,0,15.0,LOW,sensor
2026-03-18 22:21:07,24.0,0,15.0,LOW,sensor
2026-03-18 22:21:10,24.0,0,15.0,LOW,sensor
2026-03-18 22:21:10,24.0,0,15.0,LOW,sensor
2026-03-18 22:21:13,24.0,0,15.0,LOW,sensor
2026-03-18 22:21:15,24.0,0,15.0,LOW,sensor
2026-03-18 22:21:18,24.0,0,15.0,LOW,sensor
2026-03-18 22:21:18,24.0,0,15.0,LOW,sensor
2026-03-18 22:21:20,24.0,0,15.0,LOW,sensor
2026-03-18 22:21:23,24.0,0,15.0,LOW,sensor
2026-03-18 22:21:26,24.0,0,15.0,LOW,sensor
2026-03-18 22:21:26,24.0,0,15.0,LOW,sensor
2026-03-18 22:21:28,24.0,0,15.0,LOW,sensor
2026-03-18 22:21:31,24.0,0,15.0,LOW,sensor
2026-03-18 22:21:34,24.0,0,15.0,LOW,sensor
2026-03-18 22:21:34,24.0,0,15.0,LOW,sensor
2026-03-18 22:21:36,24.0,0,15.0,LOW,sensor
2026-03-18 22:21:39,24.0,0,15.0,LOW,sensor
2026-03-18 22:21:42,24.0,0,15.0,LOW,sensor
2026-03-18 22:21:42,24.0,0,15.0,LOW,sensor
2026-03-18 22:21:44,24.0,0,15.0,LOW,sensor
2026-03-18 22:21:47,24.0,0,15.0,LOW,sensor
2026-03-18 22:21:50,24.0,0,15.0,LOW,sensor
2026-03-18 22:21:50,24.0,0,15.0,LOW,sensor
2026-03-18 22:21:52,24.0,0,15.0,LOW,sensor
2026-03-18 22:21:55,24.0,0,15.0,LOW,sensor
2026-03-18 22:21:58,24.0,0,15.0,LOW,sensor
2026-03-18 22:21:58,24.0,0,15.0,LOW,sensor
2026-03-18 22:22:00,24.0,0,15.0,LOW,sensor
2026-03-18 22:22:03,24.0,0,15.0,LOW,sensor
2026-03-18 22:22:06,24.0,0,15.0,LOW,sensor
2026-03-18 22:22:06,24.0,0,15.0,LOW,sensor
2026-03-18 22:22:08,24.0,0,15.0,LOW,sensor
2026-03-18 22:22:11,24.0,0,15.0,LOW,sensor
2026-03-18 22:22:14,24.0,0,15.0,LOW,sensor
2026-03-18 22:22:14,24.0,0,15.0,LOW,sensor
2026-03-18 22:22:16,24.0,0,15.0,LOW,sensor
2026-03-18 22:22:19,24.0,0,15.0,LOW,sensor
2026-03-18 22:22:22,24.0,0,15.0,LOW,sensor
2026-03-18 22:22:24,24.0,0,15.0,LOW,sensor
2026-03-18 22:22:24,24.0,0,15.0,LOW,sensor
2026-03-18 22:22:27,24.0,0,15.0,LOW,sensor
2026-03-18 22:22:30,24.0,0,15.0,LOW,sensor
2026-03-18 22:22:32,24.0,0,15.0,LOW,sensor
2026-03-18 22:22:32,24.0,0,15.0,LOW,sensor
2026-03-18 22:22:35,24.0,0,15.0,LOW,sensor
2026-03-18 22:22:37,24.0,0,15.0,LOW,sensor
2026-03-18 22:22:40,24.0,0,15.0,LOW,sensor
2026-03-18 22:22:40,24.0,0,15.0,LOW,sensor
2026-03-18 22:22:43,24.0,0,15.0,LOW,sensor
2026-03-18 22:22:45,24.0,0,15.0,LOW,sensor
2026-03-18 22:22:48,24.0,0,15.0,LOW,sensor
2026-03-18 22:22:48,24.0,0,15.0,LOW,sensor
2026-03-18 22:22:51,24.0,0,15.0,LOW,sensor
2026-03-18 22:22:53,24.0,0,15.0,LOW,sensor
2026-03-18 22:22:56,24.0,0,15.0,LOW,sensor
2026-03-18 22:22:56,24.0,0,15.0,LOW,sensor
2026-03-18 22:22:59,24.0,0,15.0,LOW,sensor
2026-03-18 22:23:01,24.0,0,15.0,LOW,sensor
2026-03-18 22:23:04,24.0,0,15.0,LOW,sensor
2026-03-18 22:23:04,24.0,0,15.0,LOW,sensor
2026-03-18 22:23:07,24.0,0,15.0,LOW,sensor
2026-03-18 22:23:09,24.0,0,15.0,LOW,sensor
2026-03-18 22:23:12,24.0,0,15.0,LOW,sensor
2026-03-18 22:23:12,24.0,0,15.0,LOW,sensor
2026-03-18 22:23:15,24.0,0,15.0,LOW,sensor
2026-03-18 22:23:17,24.0,0,15.0,LOW,sensor
2026-03-18 22:23:20,24.0,0,15.0,LOW,sensor
2026-03-18 22:23:20,24.0,0,15.0,LOW,sensor
2026-03-18 22:23:23,24.0,0,15.0,LOW,sensor
2026-03-18 22:23:25,24.0,0,15.0,LOW,sensor
2026-03-18 22:23:28,24.0,0,15.0,LOW,sensor
2026-03-18 22:23:28,24.0,0,15.0,LOW,sensor
2026-03-18 22:23:31,24.0,0,15.0,LOW,sensor
2026-03-18 22:23:33,24.0,0,15.0,LOW,sensor
2026-03-18 22:23:36,24.0,0,15.0,LOW,sensor
2026-03-18 22:23:36,24.0,0,15.0,LOW,sensor
2026-03-18 22:23:39,24.0,0,15.0,LOW,sensor
2026-03-18 22:23:41,24.0,0,15.0,LOW,sensor
2026-03-18 22:23:44,24.0,0,15.0,LOW,sensor
2026-03-18 22:23:47,24.0,0,15.0,LOW,sensor
2026-03-18 22:23:47,24.0,0,15.0,LOW,sensor
2026-03-18 22:23:49,24.0,0,15.0,LOW,sensor
2026-03-18 22:23:52,24.0,0,15.0,LOW,sensor
2026-03-18 22:23:54,24.0,0,15.0,LOW,sensor
2026-03-18 22:23:55,24.0,0,15.0,LOW,sensor
2026-03-18 22:23:57,24.0,0,15.0,LOW,sensor
2026-03-18 22:24:00,24.0,0,15.0,LOW,sensor
2026-03-18 22:24:02,24.0,0,15.0,LOW,sensor
2026-03-18 22:24:02,24.0,0,15.0,LOW,sensor
2026-03-18 22:24:05,24.0,0,15.0,LOW,sensor
2026-03-18 22:24:08,24.0,0,15.0,LOW,sensor
2026-03-18 22:24:10,24.0,0,15.0,LOW,sensor
2026-03-18 22:24:10,24.0,0,15.0,LOW,sensor
2026-03-18 22:24:13,24.0,0,15.0,LOW,sensor
2026-03-18 22:24:16,24.0,0,15.0,LOW,sensor
2026-03-18 22:24:18,24.0,0,15.0,LOW,sensor
2026-03-18 22:24:18,24.0,0,15.0,LOW,sensor
2026-03-18 22:24:21,24.0,0,15.0,LOW,sensor
2026-03-18 22:24:24,24.0,0,15.0,LOW,sensor
2026-03-18 22:24:26,24.0,0,15.0,LOW,sensor
2026-03-18 22:24:26,24.0,0,15.0,LOW,sensor
2026-03-18 22:24:29,24.0,0,15.0,LOW,sensor
2026-03-18 22:24:32,24.0,0,15.0,LOW,sensor
2026-03-18 22:24:34,24.0,0,15.0,LOW,sensor
2026-03-18 22:24:34,24.0,0,15.0,LOW,sensor
2026-03-18 22:24:37,24.0,0,15.0,LOW,sensor
2026-03-18 22:24:40,24.0,0,15.0,LOW,sensor
2026-03-18 22:24:42,24.0,0,15.0,LOW,sensor
2026-03-18 22:24:42,24.0,0,15.0,LOW,sensor
2026-03-18 22:24:45,24.0,0,15.0,LOW,sensor
2026-03-18 22:24:48,24.0,0,15.0,LOW,sensor
2026-03-18 22:24:50,24.0,0,15.0,LOW,sensor
2026-03-18 22:24:50,24.0,0,15.0,LOW,sensor
2026-03-18 22:24:53,24.0,0,15.0,LOW,sensor
2026-03-18 22:24:56,24.0,0,15.0,LOW,sensor
2026-03-18 22:24:58,24.0,0,15.0,LOW,sensor
2026-03-18 22:24:58,24.0,0,15.0,LOW,sensor
2026-03-18 22:25:01,24.0,0,15.0,LOW,sensor
2026-03-18 22:25:04,24.0,0,15.0,LOW,sensor
2026-03-18 22:25:06,24.0,0,15.0,LOW,sensor
2026-03-18 22:25:06,24.0,0,15.0,LOW,sensor
2026-03-18 22:25:09,24.0,0,15.0,LOW,sensor
2026-03-18 22:25:12,24.0,0,15.0,LOW,sensor
2026-03-18 22:25:14,24.0,0,15.0,LOW,sensor
2026-03-18 22:25:14,24.0,0,15.0,LOW,sensor
2026-03-18 22:25:17,24.0,0,15.0,LOW,sensor
2026-03-18 22:25:20,24.0,0,15.0,LOW,sensor
2026-03-18 22:25:22,24.0,0,15.0,LOW,sensor
2026-03-18 22:25:22,24.0,0,15.0,LOW,sensor
2026-03-18 22:25:25,24.0,0,15.0,LOW,sensor
2026-03-18 22:25:28,24.0,0,15.0,LOW,sensor
2026-03-18 22:25:30,24.0,0,15.0,LOW,sensor
2026-03-18 22:25:30,24.0,0,15.0,LOW,sensor
2026-03-18 22:25:33,24.0,0,15.0,LOW,sensor
2026-03-18 22:25:36,24.0,0,15.0,LOW,sensor
2026-03-18 22:25:38,24.0,0,15.0,LOW,sensor
2026-03-18 22:25:38,24.0,0,15.0,LOW,sensor
2026-03-18 22:25:41,24.0,0,15.0,LOW,sensor
2026-03-18 22:25:44,24.0,0,15.0,LOW,sensor
2026-03-18 22:25:46,24.0,0,15.0,LOW,sensor
2026-03-18 22:25:49,24.0,0,15.0,LOW,sensor
2026-03-18 22:25:49,24.0,0,15.0,LOW,sensor
2026-03-18 22:25:52,24.0,0,15.0,LOW,sensor
2026-03-18 22:25:54,24.0,0,15.0,LOW,sensor
2026-03-18 22:25:57,24.0,0,15.0,LOW,sensor
2026-03-18 22:25:57,24.0,0,15.0,LOW,sensor
2026-03-18 22:26:00,24.0,0,15.0,LOW,sensor
2026-03-18 22:26:02,24.0,0,15.0,LOW,sensor
2026-03-18 22:26:05,24.0,0,15.0,LOW,sensor
2026-03-18 22:26:05,24.0,0,15.0,LOW,sensor
2026-03-18 22:26:08,24.0,0,15.0,LOW,sensor
2026-03-18 22:26:10,24.0,0,15.0,LOW,sensor
2026-03-18 22:26:13,24.0,0,15.0,LOW,sensor
2026-03-18 22:26:13,24.0,0,15.0,LOW,sensor
2026-03-18 22:26:16,24.0,0,15.0,LOW,sensor
2026-03-18 22:26:18,24.0,0,15.0,LOW,sensor
2026-03-18 22:26:21,24.0,0,15.0,LOW,sensor
2026-03-18 22:26:21,24.0,0,15.0,LOW,sensor
2026-03-18 22:26:24,24.0,0,15.0,LOW,sensor
2026-03-18 22:26:26,24.0,0,15.0,LOW,sensor
2026-03-18 22:26:29,24.0,0,15.0,LOW,sensor
2026-03-18 22:26:29,24.0,0,15.0,LOW,sensor
2026-03-18 22:26:32,24.0,0,15.0,LOW,sensor
2026-03-18 22:26:34,24.0,0,15.0,LOW,sensor
2026-03-18 22:26:37,24.0,0,15.0,LOW,sensor
2026-03-18 22:26:37,24.0,0,15.0,LOW,sensor
2026-03-18 22:26:39,24.0,0,15.0,LOW,sensor
2026-03-18 22:26:42,24.0,0,15.0,LOW,sensor
2026-03-18 22:26:45,24.0,0,15.0,LOW,sensor
2026-03-18 22:26:45,24.0,0,15.0,LOW,sensor
2026-03-18 22:26:47,24.0,0,15.0,LOW,sensor
2026-03-18 22:26:50,24.0,0,15.0,LOW,sensor
2026-03-18 22:26:53,24.0,0,15.0,LOW,sensor
2026-03-18 22:26:53,24.0,0,15.0,LOW,sensor
2026-03-18 22:26:55,24.0,0,15.0,LOW,sensor
2026-03-18 22:26:58,24.0,0,15.0,LOW,sensor
2026-03-18 22:27:01,24.0,0,15.0,LOW,sensor
2026-03-18 22:27:01,24.0,0,15.0,LOW,sensor
2026-03-18 22:27:03,24.0,0,15.0,LOW,sensor
2026-03-18 22:27:06,24.0,0,15.0,LOW,sensor
2026-03-18 22:27:09,24.0,0,15.0,LOW,sensor
2026-03-18 22:27:09,24.0,0,15.0,LOW,sensor
2026-03-18 22:27:11,24.0,0,15.0,LOW,sensor
2026-03-18 22:27:14,24.0,0,15.0,LOW,sensor
2026-03-18 22:27:17,24.0,0,15.0,LOW,sensor
2026-03-18 22:27:17,24.0,0,15.0,LOW,sensor
2026-03-18 22:27:19,24.0,0,15.0,LOW,sensor
2026-03-18 22:27:22,24.0,0,15.0,LOW,sensor
2026-03-18 22:27:25,24.0,0,15.0,LOW,sensor
2026-03-18 22:27:25,24.0,0,15.0,LOW,sensor
2026-03-18 22:27:27,24.0,0,15.0,LOW,sensor
2026-03-18 22:27:30,24.0,0,15.0,LOW,sensor
2026-03-18 22:27:33,24.0,0,15.0,LOW,sensor
2026-03-18 22:27:35,24.0,0,15.0,LOW,sensor
2026-03-18 22:27:35,24.0,0,15.0,LOW,sensor
2026-03-18 22:27:38,24.0,0,15.0,LOW,sensor
2026-03-18 22:27:41,24.0,0,15.0,LOW,sensor
2026-03-18 22:27:43,24.0,0,15.0,LOW,sensor
2026-03-18 22:27:43,24.0,0,15.0,LOW,sensor
2026-03-18 22:27:46,24.0,0,15.0,LOW,sensor
2026-03-18 22:27:49,24.0,0,15.0,LOW,sensor
2026-03-18 22:27:51,24.0,0,15.0,LOW,sensor
2026-03-18 22:27:51,24.0,0,15.0,LOW,sensor
2026-03-18 22:27:54,24.0,0,15.0,LOW,sensor
2026-03-18 22:27:57,24.0,0,15.0,LOW,sensor
2026-03-18 22:27:59,24.0,0,15.0,LOW,sensor
2026-03-18 22:27:59,24.0,0,15.0,LOW,sensor
2026-03-18 22:28:02,24.0,0,15.0,LOW,sensor
2026-03-18 22:28:05,24.0,0,15.0,LOW,sensor
2026-03-18 22:28:07,24.0,0,15.0,LOW,sensor
2026-03-18 22:28:07,24.0,0,15.0,LOW,sensor
2026-03-18 22:28:10,24.0,0,15.0,LOW,sensor
2026-03-18 22:28:13,24.0,0,15.0,LOW,sensor
2026-03-18 22:28:15,24.0,0,15.0,LOW,sensor
2026-03-18 22:28:15,24.0,0,15.0,LOW,sensor
2026-03-18 22:28:18,24.0,0,15.0,LOW,sensor
2026-03-18 22:28:21,24.0,0,15.0,LOW,sensor
2026-03-18 22:28:23,24.0,0,15.0,LOW,sensor
2026-03-18 22:28:23,24.0,0,15.0,LOW,sensor
2026-03-18 22:28:26,24.0,0,15.0,LOW,sensor
2026-03-18 22:28:29,24.0,0,15.0,LOW,sensor
2026-03-18 22:28:31,24.0,0,15.0,LOW,sensor
2026-03-18 22:28:31,24.0,0,15.0,LOW,sensor
2026-03-18 22:28:34,24.0,0,15.0,LOW,sensor
2026-03-18 22:28:36,24.0,0,15.0,LOW,sensor
2026-03-18 22:28:39,24.0,0,15.0,LOW,sensor
2026-03-18 22:28:39,24.0,0,15.0,LOW,sensor
2026-03-18 22:28:42,24.0,0,15.0,LOW,sensor
2026-03-18 22:28:44,24.0,0,15.0,LOW,sensor
2026-03-18 22:28:47,24.0,0,15.0,LOW,sensor
2026-03-18 22:28:47,24.0,0,15.0,LOW,sensor
2026-03-18 22:28:50,24.0,0,15.0,LOW,sensor
2026-03-18 22:28:52,24.0,0,15.0,LOW,sensor
2026-03-18 22:28:55,24.0,0,15.0,LOW,sensor
2026-03-18 22:28:55,24.0,0,15.0,LOW,sensor
2026-03-18 22:28:58,24.0,0,15.0,LOW,sensor
2026-03-18 22:29:00,24.0,0,15.0,LOW,sensor
2026-03-18 22:29:03,24.0,0,15.0,LOW,sensor
2026-03-18 22:29:03,24.0,0,15.0,LOW,sensor
2026-03-18 22:29:06,24.0,0,15.0,LOW,sensor
2026-03-18 22:29:08,24.0,0,15.0,LOW,sensor
2026-03-18 22:29:11,24.0,0,15.0,LOW,sensor
2026-03-18 22:29:14,24.0,0,15.0,LOW,sensor
2026-03-18 22:29:14,24.0,0,15.0,LOW,sensor
2026-03-18 22:29:16,24.0,0,15.0,LOW,sensor
2026-03-18 22:29:19,24.0,0,15.0,LOW,sensor
2026-03-18 22:29:22,24.0,0,15.0,LOW,sensor
2026-03-18 22:29:22,24.0,0,15.0,LOW,sensor
2026-03-18 22:29:24,24.0,0,15.0,LOW,sensor
2026-03-18 22:29:27,24.0,0,15.0,LOW,sensor
2026-03-18 22:29:30,24.0,0,15.0,LOW,sensor
2026-03-18 22:29:30,24.0,0,15.0,LOW,sensor
2026-03-18 22:29:32,24.0,0,15.0,LOW,sensor
2026-03-18 22:29:35,24.0,0,15.0,LOW,sensor
2026-03-18 22:29:38,24.0,0,15.0,LOW,sensor
2026-03-18 22:29:38,24.0,0,15.0,LOW,sensor
2026-03-18 22:29:40,24.0,0,15.0,LOW,sensor
2026-03-18 22:29:43,24.0,0,15.0,LOW,sensor
2026-03-18 22:29:46,24.0,0,15.0,LOW,sensor
2026-03-18 22:29:46,24.0,0,15.0,LOW,sensor
2026-03-18 22:29:48,24.0,0,15.0,LOW,sensor
2026-03-18 22:29:51,24.0,0,15.0,LOW,sensor
2026-03-18 22:29:54,24.0,0,15.0,LOW,sensor
2026-03-18 22:29:54,24.0,0,15.0,LOW,sensor
2026-03-18 22:29:56,24.0,0,15.0,LOW,sensor
2026-03-18 22:29:59,24.0,0,15.0,LOW,sensor
2026-03-18 22:30:01,24.0,0,15.0,LOW,sensor
2026-03-18 22:30:01,24.0,0,15.0,LOW,sensor
2026-03-18 22:30:04,24.0,0,15.0,LOW,sensor
2026-03-18 22:30:07,24.0,0,15.0,LOW,sensor
2026-03-18 22:30:09,24.0,0,15.0,LOW,sensor
2026-03-18 22:30:09,24.0,0,15.0,LOW,sensor
2026-03-18 22:30:12,24.0,0,15.0,LOW,sensor
2026-03-18 22:30:15,24.0,0,15.0,LOW,sensor
2026-03-18 22:30:17,24.0,0,15.0,LOW,sensor
2026-03-18 22:30:17,24.0,0,15.0,LOW,sensor
2026-03-18 22:30:20,24.0,0,15.0,LOW,sensor
2026-03-18 22:30:23,24.0,0,15.0,LOW,sensor
2026-03-18 22:30:25,24.0,0,15.0,LOW,sensor
2026-03-18 22:30:25,24.0,0,15.0,LOW,sensor
2026-03-18 22:30:28,24.0,0,15.0,LOW,sensor
2026-03-18 22:30:31,24.0,0,15.0,LOW,sensor
2026-03-18 22:30:33,24.0,0,15.0,LOW,sensor
2026-03-18 22:30:33,24.0,0,15.0,LOW,sensor
2026-03-18 22:30:36,24.0,0,15.0,LOW,sensor
2026-03-18 22:30:39,24.0,0,15.0,LOW,sensor
2026-03-18 22:30:41,24.0,0,15.0,LOW,sensor
2026-03-18 22:30:44,24.0,0,15.0,LOW,sensor
2026-03-18 22:30:44,24.0,0,15.0,LOW,sensor
2026-03-18 22:30:47,24.0,0,15.0,LOW,sensor
2026-03-18 22:30:49,24.0,0,15.0,LOW,sensor
2026-03-18 22:30:52,24.0,0,15.0,LOW,sensor
2026-03-18 22:30:52,24.0,0,15.0,LOW,sensor
2026-03-18 22:30:55,24.0,0,15.0,LOW,sensor
2026-03-18 22:30:57,24.0,0,15.0,LOW,sensor
2026-03-18 22:31:00,24.0,0,15.0,LOW,sensor
2026-03-18 22:31:00,24.0,0,15.0,LOW,sensor
2026-03-18 22:31:03,24.0,0,15.0,LOW,sensor
2026-03-18 22:31:05,24.0,0,15.0,LOW,sensor
2026-03-18 22:31:08,24.0,0,15.0,LOW,sensor
2026-03-18 22:31:08,24.0,0,15.0,LOW,sensor
2026-03-18 22:31:11,24.0,0,15.0,LOW,sensor
2026-03-18 22:31:13,24.0,0,15.0,LOW,sensor
2026-03-18 22:31:16,24.0,0,15.0,LOW,sensor
2026-03-18 22:31:16,24.0,0,15.0,LOW,sensor
2026-03-18 22:31:19,24.0,0,15.0,LOW,sensor
2026-03-18 22:31:21,24.0,0,15.0,LOW,sensor
2026-03-18 22:31:24,24.0,0,15.0,LOW,sensor
2026-03-18 22:31:24,24.0,0,15.0,LOW,sensor
2026-03-18 22:31:27,24.0,0,15.0,LOW,sensor
2026-03-18 22:31:29,24.0,0,15.0,LOW,sensor
2026-03-18 22:31:32,24.0,0,15.0,LOW,sensor
2026-03-18 22:31:32,24.0,0,15.0,LOW,sensor
2026-03-18 22:31:35,24.0,0,15.0,LOW,sensor
2026-03-18 22:31:37,24.0,0,15.0,LOW,sensor
2026-03-18 22:31:40,24.0,0,15.0,LOW,sensor
2026-03-18 22:31:40,24.0,0,15.0,LOW,sensor
2026-03-18 22:31:43,24.0,0,15.0,LOW,sensor
2026-03-18 22:31:45,24.0,0,15.0,LOW,sensor
2026-03-18 22:31:48,24.0,0,15.0,LOW,sensor
2026-03-18 22:31:48,24.0,0,15.0,LOW,sensor
2026-03-18 22:31:51,24.0,0,15.0,LOW,sensor
2026-03-18 22:31:53,24.0,0,15.0,LOW,sensor
2026-03-18 22:31:56,24.0,0,15.0,LOW,sensor
2026-03-18 22:31:56,24.0,0,15.0,LOW,sensor
2026-03-18 22:31:59,24.0,0,15.0,LOW,sensor
2026-03-18 22:32:01,24.0,0,15.0,LOW,sensor
2026-03-18 22:32:04,24.0,0,15.0,LOW,sensor
2026-03-18 22:32:04,24.0,0,15.0,LOW,sensor
2026-03-18 22:32:06,24.0,0,15.0,LOW,sensor
2026-03-18 22:32:09,24.0,0,15.0,LOW,sensor
2026-03-18 22:32:12,24.0,0,15.0,LOW,sensor
2026-03-18 22:32:12,24.0,0,15.0,LOW,sensor
2026-03-18 22:32:14,24.0,0,15.0,LOW,sensor
2026-03-18 22:32:17,24.0,0,15.0,LOW,sensor
2026-03-18 22:32:20,24.0,0,15.0,LOW,sensor
2026-03-18 22:32:20,24.0,0,15.0,LOW,sensor
2026-03-18 22:32:22,24.0,0,15.0,LOW,sensor
2026-03-18 22:32:25,24.0,0,15.0,LOW,sensor
2026-03-18 22:32:28,24.0,0,15.0,LOW,sensor
2026-03-18 22:32:28,24.0,0,15.0,LOW,sensor
2026-03-18 22:32:30,24.0,0,15.0,LOW,sensor
2026-03-18 22:32:33,24.0,0,15.0,LOW,sensor
2026-03-18 22:32:36,24.0,0,15.0,LOW,sensor
2026-03-18 22:32:36,24.0,0,15.0,LOW,sensor
2026-03-18 22:32:38,24.0,0,15.0,LOW,sensor
2026-03-18 22:32:41,24.0,0,15.0,LOW,sensor
2026-03-18 22:32:44,24.0,0,15.0,LOW,sensor
2026-03-18 22:32:46,24.0,0,15.0,LOW,sensor
2026-03-18 22:32:46,24.0,0,15.0,LOW,sensor
2026-03-18 22:32:49,24.0,0,15.0,LOW,sensor
2026-03-18 22:32:52,24.0,0,15.0,LOW,sensor
2026-03-18 22:32:54,24.0,0,15.0,LOW,sensor
2026-03-18 22:32:54,24.0,0,15.0,LOW,sensor
2026-03-18 22:32:57,24.0,0,15.0,LOW,sensor
2026-03-18 22:33:00,24.0,0,15.0,LOW,sensor
2026-03-18 22:33:02,24.0,0,15.0,LOW,sensor
2026-03-18 22:33:02,24.0,0,15.0,LOW,sensor
2026-03-18 22:33:05,24.0,0,15.0,LOW,sensor
2026-03-18 22:33:08,24.0,0,15.0,LOW,sensor
2026-03-18 22:33:10,24.0,0,15.0,LOW,sensor
2026-03-18 22:33:10,24.0,0,15.0,LOW,sensor
2026-03-18 22:33:13,24.0,0,15.0,LOW,sensor
2026-03-18 22:33:16,24.0,0,15.0,LOW,sensor
2026-03-18 22:33:18,24.0,0,15.0,LOW,sensor
2026-03-18 22:33:18,24.0,0,15.0,LOW,sensor
2026-03-18 22:33:21,24.0,0,15.0,LOW,sensor
2026-03-18 22:33:24,24.0,0,15.0,LOW,sensor
2026-03-18 22:33:26,24.0,0,15.0,LOW,sensor
2026-03-18 22:33:26,24.0,0,15.0,LOW,sensor
2026-03-18 22:33:29,24.0,0,15.0,LOW,sensor
2026-03-18 22:33:32,24.0,0,15.0,LOW,sensor
2026-03-18 22:33:34,24.0,0,15.0,LOW,sensor
2026-03-18 22:33:34,24.0,0,15.0,LOW,sensor
2026-03-18 22:33:37,24.0,0,15.0,LOW,sensor
2026-03-18 22:33:40,24.0,0,15.0,LOW,sensor
2026-03-18 22:33:42,24.0,0,15.0,LOW,sensor
2026-03-18 22:33:42,24.0,0,15.0,LOW,sensor
2026-03-18 22:33:45,24.0,0,15.0,LOW,sensor
2026-03-18 22:33:48,24.0,0,15.0,LOW,sensor
2026-03-18 22:33:50,24.0,0,15.0,LOW,sensor
2026-03-18 22:33:50,24.0,0,15.0,LOW,sensor
2026-03-18 22:33:53,24.0,0,15.0,LOW,sensor
2026-03-18 22:33:55,24.0,0,15.0,LOW,sensor
2026-03-18 22:33:58,24.0,0,15.0,LOW,sensor
2026-03-18 22:33:58,24.0,0,15.0,LOW,sensor
2026-03-18 22:34:01,24.0,0,15.0,LOW,sensor
2026-03-18 22:34:03,24.0,0,15.0,LOW,sensor
2026-03-18 22:34:06,24.0,0,15.0,LOW,sensor
2026-03-18 22:34:06,24.0,0,15.0,LOW,sensor
2026-03-18 22:34:09,24.0,0,15.0,LOW,sensor
2026-03-18 22:34:11,24.0,0,15.0,LOW,sensor
2026-03-18 22:34:14,24.0,0,15.0,LOW,sensor
2026-03-18 22:34:14,24.0,0,15.0,LOW,sensor
2026-03-18 22:34:17,24.0,0,15.0,LOW,sensor
2026-03-18 22:34:19,24.0,0,15.0,LOW,sensor
2026-03-18 22:34:22,24.0,0,15.0,LOW,sensor
2026-03-18 22:34:25,24.0,0,15.0,LOW,sensor
2026-03-18 22:34:25,24.0,0,15.0,LOW,sensor
2026-03-18 22:34:27,24.0,0,15.0,LOW,sensor
2026-03-18 22:34:30,24.0,0,15.0,LOW,sensor
2026-03-18 22:34:33,24.0,0,15.0,LOW,sensor
2026-03-18 22:34:33,24.0,0,15.0,LOW,sensor
2026-03-18 22:34:35,24.0,0,15.0,LOW,sensor
2026-03-18 22:34:38,24.0,0,15.0,LOW,sensor
2026-03-18 22:34:41,24.0,0,15.0,LOW,sensor
2026-03-18 22:34:41,24.0,0,15.0,LOW,sensor
2026-03-18 22:34:43,24.0,0,15.0,LOW,sensor
2026-03-18 22:34:46,24.0,0,15.0,LOW,sensor
2026-03-18 22:34:49,24.0,0,15.0,LOW,sensor
2026-03-18 22:34:49,24.0,0,15.0,LOW,sensor
2026-03-18 22:34:51,24.0,0,15.0,LOW,sensor
2026-03-18 22:34:54,24.0,0,15.0,LOW,sensor
2026-03-18 22:34:57,24.0,0,15.0,LOW,sensor
2026-03-18 22:34:57,24.0,0,15.0,LOW,sensor
2026-03-18 22:34:59,24.0,0,15.0,LOW,sensor
2026-03-18 22:35:02,24.0,0,15.0,LOW,sensor
2026-03-18 22:35:05,24.0,0,15.0,LOW,sensor
2026-03-18 22:35:05,24.0,0,15.0,LOW,sensor
2026-03-18 22:35:07,24.0,0,15.0,LOW,sensor
2026-03-18 22:35:10,24.0,0,15.0,LOW,sensor
2026-03-18 22:35:13,24.0,0,15.0,LOW,sensor
2026-03-18 22:35:13,24.0,0,15.0,LOW,sensor
2026-03-18 22:35:15,24.0,0,15.0,LOW,sensor
2026-03-18 22:35:18,24.0,0,15.0,LOW,sensor
2026-03-18 22:35:21,24.0,0,15.0,LOW,sensor
2026-03-18 22:35:21,24.0,0,15.0,LOW,sensor
2026-03-18 22:35:23,24.0,0,15.0,LOW,sensor
2026-03-18 22:35:26,24.0,0,15.0,LOW,sensor
2026-03-18 22:35:29,24.0,0,15.0,LOW,sensor
2026-03-18 22:35:29,24.0,0,15.0,LOW,sensor
2026-03-18 22:35:31,24.0,0,15.0,LOW,sensor
2026-03-18 22:35:34,24.0,0,15.0,LOW,sensor
2026-03-18 22:35:36,24.0,0,15.0,LOW,sensor
2026-03-18 22:35:36,24.0,0,15.0,LOW,sensor
2026-03-18 22:35:39,24.0,0,15.0,LOW,sensor
2026-03-18 22:35:42,24.0,0,15.0,LOW,sensor
2026-03-18 22:35:44,24.0,0,15.0,LOW,sensor
2026-03-18 22:35:44,24.0,0,15.0,LOW,sensor
2026-03-18 22:35:47,24.0,0,15.0,LOW,sensor
2026-03-18 22:35:50,24.0,0,15.0,LOW,sensor
2026-03-18 22:35:52,24.0,0,15.0,LOW,sensor
2026-03-18 22:35:52,24.0,0,15.0,LOW,sensor
2026-03-18 22:35:55,24.0,0,15.0,LOW,sensor
2026-03-18 22:35:58,24.0,0,15.0,LOW,sensor
2026-03-18 22:36:00,24.0,0,15.0,LOW,sensor
2026-03-18 22:36:03,24.0,0,15.0,LOW,sensor
2026-03-18 22:36:03,24.0,0,15.0,LOW,sensor
2026-03-18 22:36:06,24.0,0,15.0,LOW,sensor
2026-03-18 22:36:08,24.0,0,15.0,LOW,sensor
2026-03-18 22:36:11,24.0,0,15.0,LOW,sensor
2026-03-18 22:36:11,24.0,0,15.0,LOW,sensor
2026-03-18 22:36:14,24.0,0,15.0,LOW,sensor
2026-03-18 22:36:16,24.0,0,15.0,LOW,sensor
2026-03-18 22:36:19,24.0,0,15.0,LOW,sensor
2026-03-18 22:36:19,24.0,0,15.0,LOW,sensor
2026-03-18 22:36:22,24.0,0,15.0,LOW,sensor
2026-03-18 22:36:24,24.0,0,15.0,LOW,sensor
2026-03-18 22:36:27,24.0,0,15.0,LOW,sensor
2026-03-18 22:36:27,24.0,0,15.0,LOW,sensor
2026-03-18 22:36:30,24.0,0,15.0,LOW,sensor
2026-03-18 22:36:32,24.0,0,15.0,LOW,sensor
2026-03-18 22:36:35,24.0,0,15.0,LOW,sensor
2026-03-18 22:36:35,24.0,0,15.0,LOW,sensor
2026-03-18 22:36:38,24.0,0,15.0,LOW,sensor
2026-03-18 22:36:40,24.0,0,15.0,LOW,sensor
2026-03-18 22:36:43,24.0,0,15.0,LOW,sensor
2026-03-18 22:36:43,24.0,0,15.0,LOW,sensor
2026-03-18 22:36:46,24.0,0,15.0,LOW,sensor
2026-03-18 22:36:48,24.0,0,15.0,LOW,sensor
2026-03-18 22:36:51,24.0,0,15.0,LOW,sensor
2026-03-18 22:36:51,24.0,0,15.0,LOW,sensor
2026-03-18 22:36:54,24.0,0,15.0,LOW,sensor
2026-03-18 22:36:56,24.0,0,15.0,LOW,sensor
2026-03-18 22:36:59,24.0,0,15.0,LOW,sensor
2026-03-18 22:36:59,24.0,0,15.0,LOW,sensor
2026-03-18 22:37:01,24.0,0,15.0,LOW,sensor
2026-03-18 22:37:04,24.0,0,15.0,LOW,sensor
2026-03-18 22:37:07,24.0,0,15.0,LOW,sensor
2026-03-18 22:37:07,24.0,0,15.0,LOW,sensor
2026-03-18 22:37:09,24.0,0,15.0,LOW,sensor
2026-03-18 22:37:12,24.0,0,15.0,LOW,sensor
2026-03-18 22:37:15,24.0,0,15.0,LOW,sensor
2026-03-18 22:37:15,24.0,0,15.0,LOW,sensor
2026-03-18 22:37:17,24.0,0,15.0,LOW,sensor
2026-03-18 22:37:20,24.0,0,15.0,LOW,sensor
2026-03-18 22:37:23,24.0,0,15.0,LOW,sensor
2026-03-18 22:37:23,24.0,0,15.0,LOW,sensor
2026-03-18 22:37:25,24.0,0,15.0,LOW,sensor
2026-03-18 22:37:28,24.0,0,15.0,LOW,sensor
2026-03-18 22:37:31,24.0,0,15.0,LOW,sensor
2026-03-18 22:37:31,24.0,0,15.0,LOW,sensor
2026-03-18 22:37:33,24.0,0,15.0,LOW,sensor
2026-03-18 22:37:36,24.0,0,15.0,LOW,sensor
2026-03-18 22:37:39,24.0,0,15.0,LOW,sensor
2026-03-18 22:37:41,24.0,0,15.0,LOW,sensor
2026-03-18 22:37:41,24.0,0,15.0,LOW,sensor
2026-03-18 22:37:44,24.0,0,15.0,LOW,sensor
2026-03-18 22:37:47,24.0,0,15.0,LOW,sensor
2026-03-18 22:37:49,24.0,0,15.0,LOW,sensor
2026-03-18 22:37:49,24.0,0,15.0,LOW,sensor
2026-03-18 22:37:52,24.0,0,15.0,LOW,sensor
2026-03-18 22:37:55,24.0,0,15.0,LOW,sensor
2026-03-18 22:37:57,24.0,0,15.0,LOW,sensor
2026-03-18 22:37:57,24.0,0,15.0,LOW,sensor
2026-03-18 22:38:00,24.0,0,15.0,LOW,sensor
2026-03-18 22:38:03,24.0,0,15.0,LOW,sensor
2026-03-18 22:38:05,24.0,0,15.0,LOW,sensor
2026-03-18 22:38:05,24.0,0,15.0,LOW,sensor
2026-03-18 22:38:08,24.0,0,15.0,LOW,sensor
2026-03-18 22:38:11,24.0,0,15.0,LOW,sensor
2026-03-18 22:38:13,24.0,0,15.0,LOW,sensor
2026-03-18 22:38:13,24.0,0,15.0,LOW,sensor
2026-03-18 22:38:16,24.0,0,15.0,LOW,sensor
2026-03-18 22:38:19,24.0,0,15.0,LOW,sensor
2026-03-18 22:38:21,24.0,0,15.0,LOW,sensor
2026-03-18 22:38:21,24.0,0,15.0,LOW,sensor
2026-03-18 22:38:24,24.0,0,15.0,LOW,sensor
2026-03-18 22:38:27,24.0,0,15.0,LOW,sensor
2026-03-18 22:38:29,24.0,0,15.0,LOW,sensor
2026-03-18 22:38:29,24.0,0,15.0,LOW,sensor
2026-03-18 22:38:32,24.0,0,15.0,LOW,sensor
2026-03-18 22:38:35,24.0,0,15.0,LOW,sensor
2026-03-18 22:38:37,24.0,0,15.0,LOW,sensor
2026-03-18 22:38:37,24.0,0,15.0,LOW,sensor
2026-03-18 22:38:40,24.0,0,15.0,LOW,sensor
2026-03-18 22:38:43,24.0,0,15.0,LOW,sensor
2026-03-18 22:38:45,24.0,0,15.0,LOW,sensor
2026-03-18 22:38:45,24.0,0,15.0,LOW,sensor
2026-03-18 22:38:48,24.0,0,15.0,LOW,sensor
2026-03-18 22:38:51,24.0,0,15.0,LOW,sensor
2026-03-18 22:38:53,24.0,0,15.0,LOW,sensor
2026-03-18 22:38:53,24.0,0,15.0,LOW,sensor
2026-03-18 22:38:56,24.0,0,15.0,LOW,sensor
2026-03-18 22:38:59,24.0,0,15.0,LOW,sensor
2026-03-18 22:39:01,24.0,0,15.0,LOW,sensor
2026-03-18 22:39:01,24.0,0,15.0,LOW,sensor
2026-03-18 22:39:04,24.0,0,15.0,LOW,sensor
2026-03-18 22:39:07,24.0,0,15.0,LOW,sensor
2026-03-18 22:39:09,24.0,0,15.0,LOW,sensor
2026-03-18 22:39:09,24.0,0,15.0,LOW,sensor
2026-03-18 22:39:12,24.0,0,15.0,LOW,sensor
2026-03-18 22:39:15,24.0,0,15.0,LOW,sensor
2026-03-18 22:39:17,24.0,0,15.0,LOW,sensor
2026-03-18 22:39:17,24.0,0,15.0,LOW,sensor
2026-03-18 22:39:20,24.0,0,15.0,LOW,sensor
2026-03-18 22:39:23,24.0,0,15.0,LOW,sensor
2026-03-18 22:39:25,24.0,0,15.0,LOW,sensor
2026-03-18 22:39:25,24.0,0,15.0,LOW,sensor
2026-03-18 22:39:28,24.0,0,15.0,LOW,sensor
2026-03-18 22:39:31,24.0,0,15.0,LOW,sensor
2026-03-18 22:39:33,24.0,0,15.0,LOW,sensor
2026-03-18 22:39:33,24.0,0,15.0,LOW,sensor
2026-03-18 22:39:36,24.0,0,15.0,LOW,sensor
2026-03-18 22:39:38,24.0,0,15.0,LOW,sensor
2026-03-18 22:39:41,24.0,0,15.0,LOW,sensor
2026-03-18 22:39:44,24.0,0,15.0,LOW,sensor
2026-03-18 22:39:44,24.0,0,15.0,LOW,sensor
2026-03-18 22:39:46,24.0,0,15.0,LOW,sensor
2026-03-18 22:39:49,24.0,0,15.0,LOW,sensor
2026-03-18 22:39:52,24.0,0,15.0,LOW,sensor
2026-03-18 22:39:52,24.0,0,15.0,LOW,sensor
2026-03-18 22:39:54,25.0,0,15.0,MODERATE,sensor
2026-03-18 22:39:57,24.0,0,15.0,LOW,sensor
2026-03-18 22:40:00,24.0,0,15.0,LOW,sensor
2026-03-18 22:40:02,24.0,0,15.0,LOW,sensor
2026-03-18 22:40:02,24.0,0,15.0,LOW,sensor
2026-03-18 22:40:05,24.0,0,15.0,LOW,sensor
2026-03-18 22:40:08,24.0,0,15.0,LOW,sensor
2026-03-18 22:40:10,24.0,0,15.0,LOW,sensor
2026-03-18 22:40:10,24.0,0,15.0,LOW,sensor
2026-03-18 22:40:13,24.0,0,15.0,LOW,sensor
2026-03-18 22:40:16,24.0,0,15.0,LOW,sensor
2026-03-18 22:40:18,24.0,0,15.0,LOW,sensor
2026-03-18 22:40:18,24.0,0,15.0,LOW,sensor
2026-03-18 22:40:21,24.0,0,15.0,LOW,sensor
2026-03-18 22:40:24,24.0,0,15.0,LOW,sensor
2026-03-18 22:40:26,24.0,0,15.0,LOW,sensor
2026-03-18 22:40:26,24.0,0,15.0,LOW,sensor
2026-03-18 22:40:29,24.0,0,15.0,LOW,sensor
2026-03-18 22:40:32,24.0,0,15.0,LOW,sensor
2026-03-18 22:40:34,24.0,0,15.0,LOW,sensor
2026-03-18 22:40:34,24.0,0,15.0,LOW,sensor
2026-03-18 22:40:37,24.0,0,15.0,LOW,sensor
2026-03-18 22:40:40,24.0,0,15.0,LOW,sensor
2026-03-18 22:40:42,24.0,0,15.0,LOW,sensor
2026-03-18 22:40:42,24.0,0,15.0,LOW,sensor
2026-03-18 22:40:45,24.0,0,15.0,LOW,sensor
2026-03-18 22:40:48,25.0,0,15.0,MODERATE,sensor
2026-03-18 22:40:50,24.0,0,15.0,LOW,sensor
2026-03-18 22:40:50,24.0,0,15.0,LOW,sensor
2026-03-18 22:40:53,24.0,0,15.0,LOW,sensor
2026-03-18 22:40:56,24.0,0,15.0,LOW,sensor
2026-03-18 22:40:58,24.0,0,15.0,LOW,sensor
2026-03-18 22:41:01,24.0,0,15.0,LOW,sensor
2026-03-18 22:41:01,24.0,0,15.0,LOW,sensor
2026-03-18 22:41:04,24.0,0,15.0,LOW,sensor
2026-03-18 22:41:06,24.0,0,15.0,LOW,sensor
2026-03-18 22:41:09,24.0,0,15.0,LOW,sensor
2026-03-18 22:41:09,24.0,0,15.0,LOW,sensor
2026-03-18 22:41:12,24.0,0,15.0,LOW,sensor
2026-03-18 22:41:14,24.0,0,15.0,LOW,sensor
2026-03-18 22:41:17,24.0,0,15.0,LOW,sensor
2026-03-18 22:41:17,24.0,0,15.0,LOW,sensor
2026-03-18 22:41:20,24.0,0,15.0,LOW,sensor
2026-03-18 22:41:22,24.0,0,15.0,LOW,sensor
2026-03-18 22:41:25,24.0,0,15.0,LOW,sensor
2026-03-18 22:41:25,24.0,0,15.0,LOW,sensor
2026-03-18 22:41:28,24.0,0,15.0,LOW,sensor
2026-03-18 22:41:30,24.0,0,15.0,LOW,sensor
2026-03-18 22:41:33,24.0,0,15.0,LOW,sensor
2026-03-18 22:41:33,24.0,0,15.0,LOW,sensor
2026-03-18 22:41:36,24.0,0,15.0,LOW,sensor
2026-03-18 22:41:38,24.0,0,15.0,LOW,sensor
2026-03-18 22:41:41,24.0,0,15.0,LOW,sensor
2026-03-18 22:41:41,24.0,0,15.0,LOW,sensor
2026-03-18 22:41:44,24.0,0,15.0,LOW,sensor
2026-03-18 22:41:46,24.0,0,15.0,LOW,sensor
2026-03-18 22:41:49,24.0,0,15.0,LOW,sensor
2026-03-18 22:41:49,24.0,0,15.0,LOW,sensor
2026-03-18 22:41:52,24.0,0,15.0,LOW,sensor
2026-03-18 22:41:54,24.0,0,15.0,LOW,sensor
2026-03-18 22:41:57,24.0,0,15.0,LOW,sensor
2026-03-18 22:41:57,24.0,0,15.0,LOW,sensor
2026-03-18 22:42:00,24.0,0,15.0,LOW,sensor
2026-03-18 22:42:02,24.0,0,15.0,LOW,sensor
2026-03-18 22:42:05,24.0,0,15.0,LOW,sensor
2026-03-18 22:42:05,24.0,0,15.0,LOW,sensor
2026-03-18 22:42:08,24.0,0,15.0,LOW,sensor
2026-03-18 22:42:10,24.0,0,15.0,LOW,sensor
2026-03-18 22:42:13,24.0,0,15.0,LOW,sensor
2026-03-18 22:42:13,24.0,0,15.0,LOW,sensor
2026-03-18 22:42:15,24.0,0,15.0,LOW,sensor
2026-03-18 22:42:18,24.0,0,15.0,LOW,sensor
2026-03-18 22:42:21,24.0,0,15.0,LOW,sensor
2026-03-18 22:42:21,24.0,0,15.0,LOW,sensor
2026-03-18 22:42:23,24.0,0,15.0,LOW,sensor
2026-03-18 22:42:26,24.0,0,15.0,LOW,sensor
2026-03-18 22:42:29,24.0,0,15.0,LOW,sensor
2026-03-18 22:42:29,24.0,0,15.0,LOW,sensor
2026-03-18 22:42:31,24.0,0,15.0,LOW,sensor
2026-03-18 22:42:34,24.0,0,15.0,LOW,sensor
2026-03-18 22:42:37,24.0,0,15.0,LOW,sensor
2026-03-18 22:42:39,24.0,0,15.0,LOW,sensor
2026-03-18 22:42:39,24.0,0,15.0,LOW,sensor
2026-03-18 22:42:42,24.0,0,15.0,LOW,sensor
2026-03-18 22:42:45,24.0,0,15.0,LOW,sensor
2026-03-18 22:42:47,24.0,0,15.0,LOW,sensor
2026-03-18 22:42:47,24.0,0,15.0,LOW,sensor
2026-03-18 22:42:50,24.0,0,15.0,LOW,sensor
2026-03-18 22:42:53,24.0,0,15.0,LOW,sensor
2026-03-18 22:42:55,24.0,0,15.0,LOW,sensor
2026-03-18 22:42:55,24.0,0,15.0,LOW,sensor
2026-03-18 22:42:58,24.0,0,15.0,LOW,sensor
2026-03-18 22:43:01,24.0,0,15.0,LOW,sensor
2026-03-18 22:43:03,24.0,0,15.0,LOW,sensor
2026-03-18 22:43:03,24.0,0,15.0,LOW,sensor
2026-03-18 22:43:06,24.0,0,15.0,LOW,sensor
2026-03-18 22:43:09,24.0,0,15.0,LOW,sensor
2026-03-18 22:43:11,24.0,0,15.0,LOW,sensor
2026-03-18 22:43:11,24.0,0,15.0,LOW,sensor
2026-03-18 22:43:14,24.0,0,15.0,LOW,sensor
2026-03-18 22:43:17,24.0,0,15.0,LOW,sensor
2026-03-18 22:43:19,24.0,0,15.0,LOW,sensor
2026-03-18 22:43:19,24.0,0,15.0,LOW,sensor
2026-03-18 22:43:22,24.0,0,15.0,LOW,sensor
2026-03-18 22:43:25,24.0,0,15.0,LOW,sensor
2026-03-18 22:43:27,24.0,0,15.0,LOW,sensor
2026-03-18 22:43:27,24.0,0,15.0,LOW,sensor
2026-03-18 22:43:30,24.0,0,15.0,LOW,sensor
2026-03-18 22:43:33,24.0,0,15.0,LOW,sensor
2026-03-18 22:43:35,24.0,0,15.0,LOW,sensor
2026-03-18 22:43:35,24.0,0,15.0,LOW,sensor
2026-03-18 22:43:38,24.0,0,15.0,LOW,sensor
2026-03-18 22:43:41,24.0,0,15.0,LOW,sensor
2026-03-18 22:43:43,24.0,0,15.0,LOW,sensor
2026-03-18 22:43:43,24.0,0,15.0,LOW,sensor
2026-03-18 22:43:46,24.0,0,15.0,LOW,sensor
2026-03-18 22:43:49,24.0,0,15.0,LOW,sensor
2026-03-18 22:43:51,24.0,0,15.0,LOW,sensor
2026-03-18 22:43:51,24.0,0,15.0,LOW,sensor
2026-03-18 22:43:54,24.0,0,15.0,LOW,sensor
2026-03-18 22:43:57,24.0,0,15.0,LOW,sensor
2026-03-18 22:43:59,24.0,0,15.0,LOW,sensor
2026-03-18 22:43:59,24.0,0,15.0,LOW,sensor
2026-03-18 22:44:02,24.0,0,15.0,LOW,sensor
2026-03-18 22:44:05,24.0,0,15.0,LOW,sensor
2026-03-18 22:44:07,24.0,0,15.0,LOW,sensor
2026-03-18 22:44:07,24.0,0,15.0,LOW,sensor
2026-03-18 22:44:10,24.0,0,15.0,LOW,sensor
2026-03-18 22:44:13,24.0,0,15.0,LOW,sensor
2026-03-18 22:44:15,24.0,0,15.0,LOW,sensor
2026-03-18 22:44:15,24.0,0,15.0,LOW,sensor
2026-03-18 22:44:18,24.0,0,15.0,LOW,sensor
2026-03-18 22:44:21,24.0,0,15.0,LOW,sensor
2026-03-18 22:44:23,24.0,0,15.0,LOW,sensor
2026-03-18 22:44:26,24.0,0,15.0,LOW,sensor
2026-03-18 22:44:26,24.0,0,15.0,LOW,sensor
2026-03-18 22:44:29,24.0,0,15.0,LOW,sensor
2026-03-18 22:44:31,24.0,0,15.0,LOW,sensor
2026-03-18 22:44:34,24.0,0,15.0,LOW,sensor
2026-03-18 22:44:34,24.0,0,15.0,LOW,sensor
2026-03-18 22:44:37,24.0,0,15.0,LOW,sensor
2026-03-18 22:44:39,24.0,0,15.0,LOW,sensor
2026-03-18 22:44:42,24.0,0,15.0,LOW,sensor
2026-03-18 22:44:42,24.0,0,15.0,LOW,sensor
2026-03-18 22:44:44,24.0,0,15.0,LOW,sensor
2026-03-18 22:44:47,24.0,0,15.0,LOW,sensor
2026-03-18 22:44:50,24.0,0,15.0,LOW,sensor
2026-03-18 22:44:50,24.0,0,15.0,LOW,sensor
2026-03-18 22:44:52,24.0,0,15.0,LOW,sensor
2026-03-18 22:44:55,24.0,0,15.0,LOW,sensor
2026-03-18 22:44:58,24.0,0,15.0,LOW,sensor
2026-03-18 22:44:58,24.0,0,15.0,LOW,sensor
2026-03-18 22:45:00,24.0,0,15.0,LOW,sensor
2026-03-18 22:45:03,24.0,0,15.0,LOW,sensor
2026-03-18 22:45:06,24.0,0,15.0,LOW,sensor
2026-03-18 22:45:06,24.0,0,15.0,LOW,sensor
2026-03-18 22:45:08,24.0,0,15.0,LOW,sensor
2026-03-18 22:45:11,24.0,0,15.0,LOW,sensor
2026-03-18 22:45:14,24.0,0,15.0,LOW,sensor
2026-03-18 22:45:14,24.0,0,15.0,LOW,sensor
2026-03-18 22:45:16,24.0,0,15.0,LOW,sensor
2026-03-18 22:45:19,24.0,0,15.0,LOW,sensor
2026-03-18 22:45:22,24.0,0,15.0,LOW,sensor
2026-03-18 22:45:22,24.0,0,15.0,LOW,sensor
2026-03-18 22:45:24,24.0,0,15.0,LOW,sensor
2026-03-18 22:45:27,24.0,0,15.0,LOW,sensor
2026-03-18 22:45:30,24.0,0,15.0,LOW,sensor
2026-03-18 22:45:30,24.0,0,15.0,LOW,sensor
2026-03-18 22:45:32,24.0,0,15.0,LOW,sensor
2026-03-18 22:45:35,24.0,0,15.0,LOW,sensor
2026-03-18 22:45:38,24.0,0,15.0,LOW,sensor
2026-03-18 22:45:38,24.0,0,15.0,LOW,sensor
2026-03-18 22:45:40,24.0,0,15.0,LOW,sensor
2026-03-18 22:45:43,24.0,0,15.0,LOW,sensor
2026-03-18 22:45:46,24.0,0,15.0,LOW,sensor
2026-03-18 22:45:46,24.0,0,15.0,LOW,sensor
2026-03-18 22:45:48,24.0,0,15.0,LOW,sensor
2026-03-18 22:45:51,24.0,0,15.0,LOW,sensor
2026-03-18 22:45:54,24.0,0,15.0,LOW,sensor
2026-03-18 22:45:54,24.0,0,15.0,LOW,sensor
2026-03-18 22:45:56,24.0,0,15.0,LOW,sensor
2026-03-18 22:45:59,24.0,0,15.0,LOW,sensor
2026-03-18 22:46:02,24.0,0,15.0,LOW,sensor
2026-03-18 22:46:02,24.0,0,15.0,LOW,sensor
2026-03-18 22:46:04,24.0,0,15.0,LOW,sensor
2026-03-18 22:46:07,24.0,0,15.0,LOW,sensor
2026-03-18 22:46:10,24.0,0,15.0,LOW,sensor
2026-03-18 22:46:10,24.0,0,15.0,LOW,sensor
2026-03-18 22:46:12,24.0,0,15.0,LOW,sensor
2026-03-18 22:46:15,24.0,0,15.0,LOW,sensor
2026-03-18 22:46:18,24.0,0,15.0,LOW,sensor
2026-03-18 22:46:18,24.0,0,15.0,LOW,sensor
2026-03-18 22:46:20,24.0,0,15.0,LOW,sensor
2026-03-18 22:46:23,24.0,0,15.0,LOW,sensor
2026-03-18 22:46:26,24.0,0,15.0,LOW,sensor
2026-03-18 22:46:28,24.0,0,15.0,LOW,sensor
2026-03-18 22:46:28,24.0,0,15.0,LOW,sensor
2026-03-18 22:46:31,24.0,0,15.0,LOW,sensor
2026-03-18 22:46:34,24.0,0,15.0,LOW,sensor
2026-03-18 22:46:36,24.0,0,15.0,LOW,sensor
2026-03-18 22:46:36,24.0,0,15.0,LOW,sensor
2026-03-18 22:46:39,24.0,0,15.0,LOW,sensor
2026-03-18 22:46:41,24.0,0,15.0,LOW,sensor
2026-03-18 22:46:44,24.0,0,15.0,LOW,sensor
2026-03-18 22:46:44,24.0,0,15.0,LOW,sensor
2026-03-18 22:46:47,24.0,0,15.0,LOW,sensor
2026-03-18 22:46:49,24.0,0,15.0,LOW,sensor
2026-03-18 22:46:52,24.0,0,15.0,LOW,sensor
2026-03-18 22:46:52,24.0,0,15.0,LOW,sensor
2026-03-18 22:46:55,24.0,0,15.0,LOW,sensor
2026-03-18 22:46:57,24.0,0,15.0,LOW,sensor
2026-03-18 22:47:00,24.0,0,15.0,LOW,sensor
2026-03-18 22:47:00,24.0,0,15.0,LOW,sensor
2026-03-18 22:47:03,24.0,0,15.0,LOW,sensor
2026-03-18 22:47:05,24.0,0,15.0,LOW,sensor
2026-03-18 22:47:08,24.0,0,15.0,LOW,sensor
2026-03-18 22:47:08,24.0,0,15.0,LOW,sensor
2026-03-18 22:47:11,24.0,0,15.0,LOW,sensor
2026-03-18 22:47:13,24.0,0,15.0,LOW,sensor
2026-03-18 22:47:16,24.0,0,15.0,LOW,sensor
2026-03-18 22:47:16,24.0,0,15.0,LOW,sensor
2026-03-18 22:47:19,24.0,0,15.0,LOW,sensor
2026-03-18 22:47:21,24.0,0,15.0,LOW,sensor
2026-03-18 22:47:24,24.0,0,15.0,LOW,sensor
2026-03-18 22:47:24,24.0,0,15.0,LOW,sensor
2026-03-18 22:47:27,24.0,0,15.0,LOW,sensor
2026-03-18 22:47:29,24.0,0,15.0,LOW,sensor
2026-03-18 22:47:32,24.0,0,15.0,LOW,sensor
2026-03-18 22:47:32,24.0,0,15.0,LOW,sensor
2026-03-18 22:47:35,24.0,0,15.0,LOW,sensor
2026-03-18 22:47:37,24.0,0,15.0,LOW,sensor
2026-03-18 22:47:40,24.0,0,15.0,LOW,sensor
2026-03-18 22:47:40,24.0,0,15.0,LOW,sensor
2026-03-18 22:47:43,24.0,0,15.0,LOW,sensor
2026-03-18 22:47:45,24.0,0,15.0,LOW,sensor
2026-03-18 22:47:48,24.0,0,15.0,LOW,sensor
2026-03-18 22:47:48,24.0,0,15.0,LOW,sensor
2026-03-18 22:47:51,24.0,0,15.0,LOW,sensor
2026-03-18 22:47:53,24.0,0,15.0,LOW,sensor
2026-03-18 22:47:56,24.0,0,15.0,LOW,sensor
2026-03-18 22:47:56,24.0,0,15.0,LOW,sensor
2026-03-18 22:47:59,24.0,0,15.0,LOW,sensor
2026-03-18 22:48:01,24.0,0,15.0,LOW,sensor
2026-03-18 22:48:04,24.0,0,15.0,LOW,sensor
2026-03-18 22:48:04,24.0,0,15.0,LOW,sensor
2026-03-18 22:48:07,24.0,0,15.0,LOW,sensor
2026-03-18 22:48:09,24.0,0,15.0,LOW,sensor
2026-03-18 22:48:12,24.0,0,15.0,LOW,sensor
2026-03-18 22:48:15,24.0,0,15.0,LOW,sensor
2026-03-18 22:48:15,24.0,0,15.0,LOW,sensor
2026-03-18 22:48:17,24.0,0,15.0,LOW,sensor
2026-03-18 22:48:20,24.0,0,15.0,LOW,sensor
2026-03-18 22:48:22,24.0,0,15.0,LOW,sensor
2026-03-18 22:48:22,24.0,0,15.0,LOW,sensor
2026-03-18 22:48:25,24.0,0,15.0,LOW,sensor
2026-03-18 22:48:28,24.0,0,15.0,LOW,sensor
2026-03-18 22:48:30,24.0,0,15.0,LOW,sensor
2026-03-18 22:48:31,24.0,0,15.0,LOW,sensor
2026-03-18 22:48:33,24.0,0,15.0,LOW,sensor
2026-03-18 22:48:36,24.0,0,15.0,LOW,sensor
2026-03-18 22:48:38,24.0,0,15.0,LOW,sensor
2026-03-18 22:48:38,24.0,0,15.0,LOW,sensor
2026-03-18 22:48:41,24.0,0,15.0,LOW,sensor
2026-03-18 22:48:44,24.0,0,15.0,LOW,sensor
2026-03-18 22:48:46,24.0,0,15.0,LOW,sensor
2026-03-18 22:48:46,24.0,0,15.0,LOW,sensor
2026-03-18 22:48:49,24.0,0,15.0,LOW,sensor
2026-03-18 22:48:52,24.0,0,15.0,LOW,sensor
2026-03-18 22:48:54,24.0,0,15.0,LOW,sensor
2026-03-18 22:48:54,24.0,0,15.0,LOW,sensor
2026-03-18 22:48:57,24.0,0,15.0,LOW,sensor
2026-03-18 22:49:00,24.0,0,15.0,LOW,sensor
2026-03-18 22:49:02,24.0,0,15.0,LOW,sensor
2026-03-18 22:49:02,24.0,0,15.0,LOW,sensor
2026-03-18 22:49:05,24.0,0,15.0,LOW,sensor
2026-03-18 22:49:08,24.0,0,15.0,LOW,sensor
2026-03-18 22:49:10,24.0,0,15.0,LOW,sensor
2026-03-18 22:49:10,24.0,0,15.0,LOW,sensor
2026-03-18 22:49:13,24.0,0,15.0,LOW,sensor
2026-03-18 22:49:16,24.0,0,15.0,LOW,sensor
2026-03-18 22:49:18,24.0,0,15.0,LOW,sensor
2026-03-18 22:49:18,24.0,0,15.0,LOW,sensor
2026-03-18 22:49:21,24.0,0,15.0,LOW,sensor
2026-03-18 22:49:24,24.0,0,15.0,LOW,sensor
2026-03-18 22:49:26,24.0,0,15.0,LOW,sensor
2026-03-18 22:49:26,24.0,0,15.0,LOW,sensor
2026-03-18 22:49:29,24.0,0,15.0,LOW,sensor
2026-03-18 22:49:32,24.0,0,15.0,LOW,sensor
2026-03-18 22:49:34,24.0,0,15.0,LOW,sensor
2026-03-18 22:49:34,24.0,0,15.0,LOW,sensor
2026-03-18 22:49:37,24.0,0,15.0,LOW,sensor
2026-03-18 22:49:40,24.0,0,15.0,LOW,sensor
2026-03-18 22:49:42,24.0,0,15.0,LOW,sensor
2026-03-18 22:49:42,24.0,0,15.0,LOW,sensor
2026-03-18 22:49:45,24.0,0,15.0,LOW,sensor
2026-03-18 22:49:48,24.0,0,15.0,LOW,sensor
2026-03-18 22:49:50,24.0,0,15.0,LOW,sensor
2026-03-18 22:49:50,24.0,0,15.0,LOW,sensor
2026-03-18 22:49:53,24.0,0,15.0,LOW,sensor
2026-03-18 22:49:55,24.0,0,15.0,LOW,sensor
2026-03-18 22:49:58,24.0,0,15.0,LOW,sensor
2026-03-18 22:50:01,24.0,0,15.0,LOW,sensor
2026-03-18 22:50:01,24.0,0,15.0,LOW,sensor
2026-03-18 22:50:03,24.0,0,15.0,LOW,sensor
2026-03-18 22:50:06,24.0,0,15.0,LOW,sensor
2026-03-18 22:50:09,24.0,0,15.0,LOW,sensor
2026-03-18 22:50:09,24.0,0,15.0,LOW,sensor
2026-03-18 22:50:11,24.0,0,15.0,LOW,sensor
2026-03-18 22:50:14,24.0,0,15.0,LOW,sensor
2026-03-18 22:50:17,24.0,0,15.0,LOW,sensor
2026-03-18 22:50:17,24.0,0,15.0,LOW,sensor
2026-03-18 22:50:19,24.0,0,15.0,LOW,sensor
2026-03-18 22:50:22,24.0,0,15.0,LOW,sensor
2026-03-18 22:50:25,24.0,0,15.0,LOW,sensor
2026-03-18 22:50:25,24.0,0,15.0,LOW,sensor
2026-03-18 22:50:27,24.0,0,15.0,LOW,sensor
2026-03-18 22:50:30,24.0,0,15.0,LOW,sensor
2026-03-18 22:50:33,24.0,0,15.0,LOW,sensor
2026-03-18 22:50:33,24.0,0,15.0,LOW,sensor
2026-03-18 22:50:35,24.0,0,15.0,LOW,sensor
2026-03-18 22:50:38,24.0,0,15.0,LOW,sensor
2026-03-18 22:50:41,24.0,0,15.0,LOW,sensor
2026-03-18 22:50:41,24.0,0,15.0,LOW,sensor
2026-03-18 22:50:43,24.0,0,15.0,LOW,sensor
2026-03-18 22:50:46,24.0,0,15.0,LOW,sensor
2026-03-18 22:50:49,24.0,0,15.0,LOW,sensor
2026-03-18 22:50:49,24.0,0,15.0,LOW,sensor
2026-03-18 22:50:51,24.0,0,15.0,LOW,sensor
2026-03-18 22:50:54,24.0,0,15.0,LOW,sensor
2026-03-18 22:50:57,24.0,0,15.0,LOW,sensor
2026-03-18 22:50:57,24.0,0,15.0,LOW,sensor
2026-03-18 22:50:59,24.0,0,15.0,LOW,sensor
2026-03-18 22:51:02,24.0,0,15.0,LOW,sensor
2026-03-18 22:51:05,24.0,0,15.0,LOW,sensor
2026-03-18 22:51:05,24.0,0,15.0,LOW,sensor
2026-03-18 22:51:07,24.0,0,15.0,LOW,sensor
2026-03-18 22:51:10,24.0,0,15.0,LOW,sensor
2026-03-18 22:51:13,24.0,0,15.0,LOW,sensor
2026-03-18 22:51:13,24.0,0,15.0,LOW,sensor
2026-03-18 22:51:15,24.0,0,15.0,LOW,sensor
2026-03-18 22:51:18,24.0,0,15.0,LOW,sensor
2026-03-18 22:51:21,24.0,0,15.0,LOW,sensor
2026-03-18 22:51:21,24.0,0,15.0,LOW,sensor
2026-03-18 22:51:23,24.0,0,15.0,LOW,sensor
2026-03-18 22:51:26,24.0,0,15.0,LOW,sensor
2026-03-18 22:51:29,24.0,0,15.0,LOW,sensor
2026-03-18 22:51:29,24.0,0,15.0,LOW,sensor
2026-03-18 22:51:31,24.0,0,15.0,LOW,sensor
2026-03-18 22:51:34,24.0,0,15.0,LOW,sensor
2026-03-18 22:51:36,24.0,0,15.0,LOW,sensor
2026-03-18 22:51:37,24.0,0,15.0,LOW,sensor
2026-03-18 22:51:39,24.0,0,15.0,LOW,sensor
2026-03-18 22:51:42,24.0,0,15.0,LOW,sensor
2026-03-18 22:51:45,24.0,0,15.0,LOW,sensor
2026-03-18 22:51:45,24.0,0,15.0,LOW,sensor
2026-03-18 22:51:47,24.0,0,15.0,LOW,sensor
2026-03-18 22:51:50,24.0,0,15.0,LOW,sensor
2026-03-18 22:51:52,24.0,0,15.0,LOW,sensor
2026-03-18 22:51:55,24.0,0,15.0,LOW,sensor
2026-03-18 22:51:55,24.0,0,15.0,LOW,sensor
2026-03-18 22:51:58,24.0,0,15.0,LOW,sensor
2026-03-18 22:52:00,24.0,0,15.0,LOW,sensor
2026-03-18 22:52:03,24.0,0,15.0,LOW,sensor
2026-03-18 22:52:03,24.0,0,15.0,LOW,sensor
2026-03-18 22:52:06,24.0,0,15.0,LOW,sensor
2026-03-18 22:52:08,24.0,0,15.0,LOW,sensor
2026-03-18 22:52:11,24.0,0,15.0,LOW,sensor
2026-03-18 22:52:11,24.0,0,15.0,LOW,sensor
2026-03-18 22:52:14,24.0,0,15.0,LOW,sensor
2026-03-18 22:52:16,24.0,0,15.0,LOW,sensor
2026-03-18 22:52:19,24.0,0,15.0,LOW,sensor
2026-03-18 22:52:19,24.0,0,15.0,LOW,sensor
2026-03-18 22:52:22,24.0,0,15.0,LOW,sensor
2026-03-18 22:52:24,24.0,0,15.0,LOW,sensor
2026-03-18 22:52:27,24.0,0,15.0,LOW,sensor
2026-03-18 22:52:27,24.0,0,15.0,LOW,sensor
2026-03-18 22:52:30,24.0,0,15.0,LOW,sensor
2026-03-18 22:52:32,24.0,0,15.0,LOW,sensor
2026-03-18 22:52:35,24.0,0,15.0,LOW,sensor
2026-03-18 22:52:35,24.0,0,15.0,LOW,sensor
2026-03-18 22:52:38,24.0,0,15.0,LOW,sensor
2026-03-18 22:52:40,24.0,0,15.0,LOW,sensor
2026-03-18 22:52:43,24.0,0,15.0,LOW,sensor
2026-03-18 22:52:43,24.0,0,15.0,LOW,sensor
2026-03-18 22:52:46,24.0,0,15.0,LOW,sensor
2026-03-18 22:52:48,24.0,0,15.0,LOW,sensor
2026-03-18 22:52:51,24.0,0,15.0,LOW,sensor
2026-03-18 22:52:51,24.0,0,15.0,LOW,sensor
2026-03-18 22:52:54,24.0,0,15.0,LOW,sensor
2026-03-18 22:52:56,24.0,0,15.0,LOW,sensor
2026-03-18 22:52:59,24.0,0,15.0,LOW,sensor
2026-03-18 22:52:59,24.0,0,15.0,LOW,sensor
2026-03-18 22:53:02,24.0,0,15.0,LOW,sensor
2026-03-18 22:53:04,24.0,0,15.0,LOW,sensor
2026-03-18 22:53:07,24.0,0,15.0,LOW,sensor
2026-03-18 22:53:07,24.0,0,15.0,LOW,sensor
2026-03-18 22:53:10,24.0,0,15.0,LOW,sensor
2026-03-18 22:53:12,24.0,0,15.0,LOW,sensor
2026-03-18 22:53:15,24.0,0,15.0,LOW,sensor
2026-03-18 22:53:15,24.0,0,15.0,LOW,sensor
2026-03-18 22:53:18,24.0,0,15.0,LOW,sensor
2026-03-18 22:53:20,24.0,0,15.0,LOW,sensor
2026-03-18 22:53:23,24.0,0,15.0,LOW,sensor
2026-03-18 22:53:23,24.0,0,15.0,LOW,sensor
2026-03-18 22:53:26,24.0,0,15.0,LOW,sensor
2026-03-18 22:53:28,24.0,0,15.0,LOW,sensor
2026-03-18 22:53:31,24.0,0,15.0,LOW,sensor
2026-03-18 22:53:31,24.0,0,15.0,LOW,sensor
2026-03-18 22:53:34,24.0,0,15.0,LOW,sensor
2026-03-18 22:53:36,24.0,0,15.0,LOW,sensor
2026-03-18 22:53:39,24.0,0,15.0,LOW,sensor
2026-03-18 22:53:39,24.0,0,15.0,LOW,sensor
2026-03-18 22:53:42,24.0,0,15.0,LOW,sensor
2026-03-18 22:53:44,24.0,0,15.0,LOW,sensor
2026-03-18 22:53:47,24.0,0,15.0,LOW,sensor
2026-03-18 22:53:47,24.0,0,15.0,LOW,sensor
2026-03-18 22:53:50,24.0,0,15.0,LOW,sensor
2026-03-18 22:53:52,24.0,0,15.0,LOW,sensor
2026-03-18 22:53:55,24.0,0,15.0,LOW,sensor
2026-03-18 22:53:57,24.0,0,15.0,LOW,sensor
2026-03-18 22:53:57,24.0,0,15.0,LOW,sensor
2026-03-18 22:54:00,24.0,0,15.0,LOW,sensor
2026-03-18 22:54:03,24.0,0,15.0,LOW,sensor
2026-03-18 22:54:06,24.0,0,15.0,LOW,sensor
2026-03-18 22:54:06,24.0,0,15.0,LOW,sensor
2026-03-18 22:54:08,24.0,0,15.0,LOW,sensor
2026-03-18 22:54:11,24.0,0,15.0,LOW,sensor
2026-03-18 22:54:13,24.0,0,15.0,LOW,sensor
2026-03-18 22:54:13,24.0,0,15.0,LOW,sensor
2026-03-18 22:54:16,24.0,0,15.0,LOW,sensor
2026-03-18 22:54:19,24.0,0,15.0,LOW,sensor
2026-03-18 22:54:22,24.0,0,15.0,LOW,sensor
2026-03-18 22:54:22,24.0,0,15.0,LOW,sensor
2026-03-18 22:54:24,24.0,0,15.0,LOW,sensor
2026-03-18 22:54:27,24.0,0,15.0,LOW,sensor
2026-03-18 22:54:29,24.0,0,15.0,LOW,sensor
2026-03-18 22:54:29,24.0,0,15.0,LOW,sensor
2026-03-18 22:54:32,24.0,0,15.0,LOW,sensor
2026-03-18 22:54:35,24.0,0,15.0,LOW,sensor
2026-03-18 22:54:37,24.0,0,15.0,LOW,sensor
2026-03-18 22:54:37,24.0,0,15.0,LOW,sensor
2026-03-18 22:54:40,24.0,0,15.0,LOW,sensor
2026-03-18 22:54:43,24.0,0,15.0,LOW,sensor
2026-03-18 22:54:45,24.0,0,15.0,LOW,sensor
2026-03-18 22:54:45,24.0,0,15.0,LOW,sensor
2026-03-18 22:54:48,24.0,0,15.0,LOW,sensor
2026-03-18 22:54:51,24.0,0,15.0,LOW,sensor
2026-03-18 22:54:53,24.0,0,15.0,LOW,sensor
2026-03-18 22:54:53,24.0,0,15.0,LOW,sensor
2026-03-18 22:54:56,24.0,0,15.0,LOW,sensor
2026-03-18 22:54:59,24.0,0,15.0,LOW,sensor
2026-03-18 22:55:01,24.0,0,15.0,LOW,sensor
2026-03-18 22:55:01,24.0,0,15.0,LOW,sensor
2026-03-18 22:55:04,24.0,0,15.0,LOW,sensor
2026-03-18 22:55:07,24.0,0,15.0,LOW,sensor
2026-03-18 22:55:09,24.0,0,15.0,LOW,sensor
2026-03-18 22:55:09,24.0,0,15.0,LOW,sensor
2026-03-18 22:55:12,24.0,0,15.0,LOW,sensor
2026-03-18 22:55:15,24.0,0,15.0,LOW,sensor
2026-03-18 22:55:17,24.0,0,15.0,LOW,sensor
2026-03-18 22:55:17,24.0,0,15.0,LOW,sensor
2026-03-18 22:55:20,24.0,0,15.0,LOW,sensor
2026-03-18 22:55:23,24.0,0,15.0,LOW,sensor
2026-03-18 22:55:25,24.0,0,15.0,LOW,sensor
2026-03-18 22:55:25,24.0,0,15.0,LOW,sensor
2026-03-18 22:55:28,24.0,0,15.0,LOW,sensor
2026-03-18 22:55:31,24.0,0,15.0,LOW,sensor
2026-03-18 22:55:33,24.0,0,15.0,LOW,sensor
2026-03-18 22:55:33,24.0,0,15.0,LOW,sensor
2026-03-18 22:55:36,24.0,0,15.0,LOW,sensor
2026-03-18 22:55:39,24.0,0,15.0,LOW,sensor
2026-03-18 22:55:41,24.0,0,15.0,LOW,sensor
2026-03-18 22:55:41,24.0,0,15.0,LOW,sensor
2026-03-18 22:55:44,24.0,0,15.0,LOW,sensor
2026-03-18 22:55:47,24.0,0,15.0,LOW,sensor
2026-03-18 22:55:49,24.0,0,15.0,LOW,sensor
2026-03-18 22:55:49,24.0,0,15.0,LOW,sensor
2026-03-18 22:55:52,24.0,0,15.0,LOW,sensor
2026-03-18 22:55:55,24.0,0,15.0,LOW,sensor
2026-03-18 22:55:57,24.0,0,15.0,LOW,sensor
2026-03-18 22:55:57,24.0,0,15.0,LOW,sensor
2026-03-18 22:56:00,24.0,0,15.0,LOW,sensor
2026-03-18 22:56:03,24.0,0,15.0,LOW,sensor
2026-03-18 22:56:05,24.0,0,15.0,LOW,sensor
2026-03-18 22:56:05,24.0,0,15.0,LOW,sensor
2026-03-18 22:56:08,24.0,0,15.0,LOW,sensor
2026-03-18 22:56:11,24.0,0,15.0,LOW,sensor
2026-03-18 22:56:13,24.0,0,15.0,LOW,sensor
2026-03-18 22:56:16,24.0,0,15.0,LOW,sensor
2026-03-18 22:56:16,24.0,0,15.0,LOW,sensor
2026-03-18 22:56:19,24.0,0,15.0,LOW,sensor
2026-03-18 22:56:21,24.0,0,15.0,LOW,sensor
2026-03-18 22:56:24,24.0,0,15.0,LOW,sensor
2026-03-18 22:56:24,24.0,0,15.0,LOW,sensor
2026-03-18 22:56:27,24.0,0,15.0,LOW,sensor
2026-03-18 22:56:29,24.0,0,15.0,LOW,sensor
2026-03-18 22:56:32,24.0,0,15.0,LOW,sensor
2026-03-18 22:56:32,24.0,0,15.0,LOW,sensor
2026-03-18 22:56:35,24.0,0,15.0,LOW,sensor
2026-03-18 22:56:37,24.0,0,15.0,LOW,sensor
2026-03-18 22:56:40,24.0,0,15.0,LOW,sensor
2026-03-18 22:56:40,24.0,0,15.0,LOW,sensor
2026-03-18 22:56:43,24.0,0,15.0,LOW,sensor
2026-03-18 22:56:45,24.0,0,15.0,LOW,sensor
2026-03-18 22:56:48,24.0,0,15.0,LOW,sensor
2026-03-18 22:56:48,24.0,0,15.0,LOW,sensor
2026-03-18 22:56:51,24.0,0,15.0,LOW,sensor
2026-03-18 22:56:53,24.0,0,15.0,LOW,sensor
2026-03-18 22:56:56,24.0,0,15.0,LOW,sensor
2026-03-18 22:56:56,24.0,0,15.0,LOW,sensor
2026-03-18 22:56:59,24.0,0,15.0,LOW,sensor
2026-03-18 22:57:01,24.0,0,15.0,LOW,sensor
2026-03-18 22:57:04,24.0,0,15.0,LOW,sensor
2026-03-18 22:57:04,24.0,0,15.0,LOW,sensor
2026-03-18 22:57:07,24.0,0,15.0,LOW,sensor
2026-03-18 22:57:09,24.0,0,15.0,LOW,sensor
2026-03-18 22:57:12,24.0,0,15.0,LOW,sensor
2026-03-18 22:57:12,24.0,0,15.0,LOW,sensor
2026-03-18 22:57:15,24.0,0,15.0,LOW,sensor
2026-03-18 22:57:17,24.0,0,15.0,LOW,sensor
2026-03-18 22:57:20,24.0,0,15.0,LOW,sensor
2026-03-18 22:57:20,24.0,0,15.0,LOW,sensor
2026-03-18 22:57:23,24.0,0,15.0,LOW,sensor
2026-03-18 22:57:25,24.0,0,15.0,LOW,sensor
2026-03-18 22:57:28,24.0,0,15.0,LOW,sensor
2026-03-18 22:57:28,24.0,0,15.0,LOW,sensor
2026-03-18 22:57:30,24.0,0,15.0,LOW,sensor
2026-03-18 22:57:33,24.0,0,15.0,LOW,sensor
2026-03-18 22:57:36,24.0,0,15.0,LOW,sensor
2026-03-18 22:57:36,24.0,0,15.0,LOW,sensor
2026-03-18 22:57:38,24.0,0,15.0,LOW,sensor
2026-03-18 22:57:41,24.0,0,15.0,LOW,sensor
2026-03-18 22:57:44,24.0,0,15.0,LOW,sensor
2026-03-18 22:57:44,24.0,0,15.0,LOW,sensor
2026-03-18 22:57:46,24.0,0,15.0,LOW,sensor
2026-03-18 22:57:49,24.0,0,15.0,LOW,sensor
2026-03-18 22:57:52,24.0,0,15.0,LOW,sensor
2026-03-18 22:57:54,24.0,0,15.0,LOW,sensor
2026-03-18 22:57:54,24.0,0,15.0,LOW,sensor
2026-03-18 22:57:57,24.0,0,15.0,LOW,sensor
2026-03-18 22:58:00,24.0,0,15.0,LOW,sensor
2026-03-18 22:58:02,24.0,0,15.0,LOW,sensor
2026-03-18 22:58:02,24.0,0,15.0,LOW,sensor
2026-03-18 22:58:05,24.0,0,15.0,LOW,sensor
2026-03-18 22:58:08,24.0,0,15.0,LOW,sensor
2026-03-18 22:58:10,24.0,0,15.0,LOW,sensor
2026-03-18 22:58:10,24.0,0,15.0,LOW,sensor
2026-03-18 22:58:13,24.0,0,15.0,LOW,sensor
2026-03-18 22:58:16,24.0,0,15.0,LOW,sensor
2026-03-18 22:58:18,24.0,0,15.0,LOW,sensor
2026-03-18 22:58:18,24.0,0,15.0,LOW,sensor
2026-03-18 22:58:21,24.0,0,15.0,LOW,sensor
2026-03-18 22:58:24,24.0,0,15.0,LOW,sensor
2026-03-18 22:58:26,24.0,0,15.0,LOW,sensor
2026-03-18 22:58:26,24.0,0,15.0,LOW,sensor
2026-03-18 22:58:29,24.0,0,15.0,LOW,sensor
2026-03-18 22:58:32,24.0,0,15.0,LOW,sensor
2026-03-18 22:58:34,24.0,0,15.0,LOW,sensor
2026-03-18 22:58:34,24.0,0,15.0,LOW,sensor
2026-03-18 22:58:37,24.0,0,15.0,LOW,sensor
2026-03-18 22:58:40,24.0,0,15.0,LOW,sensor
2026-03-18 22:58:42,24.0,0,15.0,LOW,sensor
2026-03-18 22:58:42,24.0,0,15.0,LOW,sensor
2026-03-18 22:58:45,24.0,0,15.0,LOW,sensor
2026-03-18 22:58:48,24.0,0,15.0,LOW,sensor
2026-03-18 22:58:50,24.0,0,15.0,LOW,sensor
2026-03-18 22:58:50,24.0,0,15.0,LOW,sensor
2026-03-18 22:58:53,24.0,0,15.0,LOW,sensor
2026-03-18 22:58:56,24.0,0,15.0,LOW,sensor
2026-03-18 22:58:58,24.0,0,15.0,LOW,sensor
2026-03-18 22:58:58,24.0,0,15.0,LOW,sensor
2026-03-18 22:59:01,24.0,0,15.0,LOW,sensor
2026-03-18 22:59:04,24.0,0,15.0,LOW,sensor
2026-03-18 22:59:06,24.0,0,15.0,LOW,sensor
2026-03-18 22:59:06,24.0,0,15.0,LOW,sensor
2026-03-18 22:59:09,24.0,0,15.0,LOW,sensor
2026-03-18 22:59:12,24.0,0,15.0,LOW,sensor
2026-03-18 22:59:14,24.0,0,15.0,LOW,sensor
2026-03-18 22:59:14,24.0,0,15.0,LOW,sensor
2026-03-18 22:59:17,24.0,0,15.0,LOW,sensor
2026-03-18 22:59:20,24.0,0,15.0,LOW,sensor
2026-03-18 22:59:22,24.0,0,15.0,LOW,sensor
2026-03-18 22:59:22,24.0,0,15.0,LOW,sensor
2026-03-18 22:59:25,24.0,0,15.0,LOW,sensor
2026-03-18 22:59:27,24.0,0,15.0,LOW,sensor
2026-03-18 22:59:30,24.0,0,15.0,LOW,sensor
2026-03-18 22:59:30,24.0,0,15.0,LOW,sensor
2026-03-18 22:59:33,24.0,0,15.0,LOW,sensor
2026-03-18 22:59:36,24.0,0,15.0,LOW,sensor
2026-03-18 22:59:38,24.0,0,15.0,LOW,sensor
2026-03-18 22:59:38,24.0,0,15.0,LOW,sensor
2026-03-18 22:59:41,24.0,0,15.0,LOW,sensor
2026-03-18 22:59:43,24.0,0,15.0,LOW,sensor
2026-03-18 22:59:46,24.0,0,15.0,LOW,sensor
2026-03-18 22:59:49,24.0,0,15.0,LOW,sensor
2026-03-18 22:59:49,24.0,0,15.0,LOW,sensor
2026-03-18 22:59:51,24.0,0,15.0,LOW,sensor
2026-03-18 22:59:54,24.0,0,15.0,LOW,sensor
2026-03-18 22:59:57,24.0,0,15.0,LOW,sensor
2026-03-18 22:59:57,24.0,0,15.0,LOW,sensor
2026-03-18 22:59:59,24.0,0,15.0,LOW,sensor
2026-03-18 23:00:02,24.0,0,15.0,LOW,sensor
2026-03-18 23:00:05,24.0,0,15.0,LOW,sensor
2026-03-18 23:00:05,24.0,0,15.0,LOW,sensor
2026-03-18 23:00:07,24.0,0,15.0,LOW,sensor
2026-03-18 23:00:10,24.0,0,15.0,LOW,sensor
2026-03-18 23:00:13,24.0,0,15.0,LOW,sensor
2026-03-18 23:00:13,24.0,0,15.0,LOW,sensor
2026-03-18 23:00:15,24.0,0,15.0,LOW,sensor
2026-03-18 23:00:18,24.0,0,15.0,LOW,sensor
2026-03-18 23:00:21,24.0,0,15.0,LOW,sensor
2026-03-18 23:00:21,24.0,0,15.0,LOW,sensor
2026-03-18 23:00:23,24.0,0,15.0,LOW,sensor
2026-03-18 23:00:26,24.0,0,15.0,LOW,sensor
2026-03-18 23:00:29,24.0,0,15.0,LOW,sensor
2026-03-18 23:00:29,24.0,0,15.0,LOW,sensor
2026-03-18 23:00:31,24.0,0,15.0,LOW,sensor
2026-03-18 23:00:34,24.0,0,15.0,LOW,sensor
2026-03-18 23:00:37,24.0,0,15.0,LOW,sensor
2026-03-18 23:00:37,24.0,0,15.0,LOW,sensor
2026-03-18 23:00:39,24.0,0,15.0,LOW,sensor
2026-03-18 23:00:42,24.0,0,15.0,LOW,sensor
2026-03-18 23:00:45,24.0,0,15.0,LOW,sensor
2026-03-18 23:00:45,24.0,0,15.0,LOW,sensor
2026-03-18 23:00:47,24.0,0,15.0,LOW,sensor
2026-03-18 23:00:50,24.0,0,15.0,LOW,sensor
2026-03-18 23:00:53,24.0,0,15.0,LOW,sensor
2026-03-18 23:00:53,24.0,0,15.0,LOW,sensor
2026-03-18 23:00:55,24.0,0,15.0,LOW,sensor
2026-03-18 23:00:58,24.0,0,15.0,LOW,sensor
2026-03-18 23:01:01,24.0,0,15.0,LOW,sensor
2026-03-18 23:01:01,24.0,0,15.0,LOW,sensor
2026-03-18 23:01:03,24.0,0,15.0,LOW,sensor
2026-03-18 23:01:06,24.0,0,15.0,LOW,sensor
2026-03-18 23:01:09,24.0,0,15.0,LOW,sensor
2026-03-18 23:01:09,24.0,0,15.0,LOW,sensor
2026-03-18 23:01:11,24.0,0,15.0,LOW,sensor
2026-03-18 23:01:14,24.0,0,15.0,LOW,sensor
2026-03-18 23:01:17,24.0,0,15.0,LOW,sensor
2026-03-18 23:01:17,24.0,0,15.0,LOW,sensor
2026-03-18 23:01:19,24.0,0,15.0,LOW,sensor
2026-03-18 23:01:22,24.0,0,15.0,LOW,sensor
2026-03-18 23:01:24,24.0,0,15.0,LOW,sensor
2026-03-18 23:01:25,24.0,0,15.0,LOW,sensor
2026-03-18 23:01:27,24.0,0,15.0,LOW,sensor
2026-03-18 23:01:30,24.0,0,15.0,LOW,sensor
2026-03-18 23:01:33,24.0,0,15.0,LOW,sensor
2026-03-18 23:01:35,24.0,0,15.0,LOW,sensor
2026-03-18 23:01:35,24.0,0,15.0,LOW,sensor
2026-03-18 23:01:38,24.0,0,15.0,LOW,sensor
2026-03-18 23:01:40,24.0,0,15.0,LOW,sensor
2026-03-18 23:01:43,24.0,0,15.0,LOW,sensor
2026-03-18 23:01:43,24.0,0,15.0,LOW,sensor
2026-03-18 23:01:46,24.0,0,15.0,LOW,sensor
2026-03-18 23:01:48,24.0,0,15.0,LOW,sensor
2026-03-18 23:01:51,24.0,0,15.0,LOW,sensor
2026-03-18 23:01:51,24.0,0,15.0,LOW,sensor
2026-03-18 23:01:54,24.0,0,15.0,LOW,sensor
2026-03-18 23:01:56,24.0,0,15.0,LOW,sensor
2026-03-18 23:01:59,24.0,0,15.0,LOW,sensor
2026-03-18 23:01:59,24.0,0,15.0,LOW,sensor
2026-03-18 23:02:02,24.0,0,15.0,LOW,sensor
2026-03-18 23:02:04,24.0,0,15.0,LOW,sensor
2026-03-18 23:02:07,24.0,0,15.0,LOW,sensor
2026-03-18 23:02:07,24.0,0,15.0,LOW,sensor
2026-03-18 23:02:10,24.0,0,15.0,LOW,sensor
2026-03-18 23:02:12,24.0,0,15.0,LOW,sensor
2026-03-18 23:02:15,24.0,0,15.0,LOW,sensor
2026-03-18 23:02:15,24.0,0,15.0,LOW,sensor
2026-03-18 23:02:18,24.0,0,15.0,LOW,sensor
2026-03-18 23:02:20,24.0,0,15.0,LOW,sensor
2026-03-18 23:02:23,24.0,0,15.0,LOW,sensor
2026-03-18 23:02:23,24.0,0,15.0,LOW,sensor
2026-03-18 23:02:26,24.0,0,15.0,LOW,sensor
2026-03-18 23:02:28,24.0,0,15.0,LOW,sensor
2026-03-18 23:02:31,24.0,0,15.0,LOW,sensor
2026-03-18 23:02:31,24.0,0,15.0,LOW,sensor
2026-03-18 23:02:34,24.0,0,15.0,LOW,sensor
2026-03-18 23:02:36,24.0,0,15.0,LOW,sensor
2026-03-18 23:02:39,24.0,0,15.0,LOW,sensor
2026-03-18 23:02:39,24.0,0,15.0,LOW,sensor
2026-03-18 23:02:42,24.0,0,15.0,LOW,sensor
2026-03-18 23:02:45,24.0,0,15.0,LOW,sensor
2026-03-18 23:02:47,24.0,0,15.0,LOW,sensor
2026-03-18 23:02:47,24.0,0,15.0,LOW,sensor
2026-03-18 23:02:50,24.0,0,15.0,LOW,sensor
2026-03-18 23:02:53,24.0,0,15.0,LOW,sensor
2026-03-18 23:02:55,24.0,0,15.0,LOW,sensor
2026-03-18 23:02:55,24.0,0,15.0,LOW,sensor
2026-03-18 23:02:58,24.0,0,15.0,LOW,sensor
2026-03-18 23:03:01,24.0,0,15.0,LOW,sensor
2026-03-18 23:03:03,24.0,0,15.0,LOW,sensor
2026-03-18 23:03:03,24.0,0,15.0,LOW,sensor
2026-03-18 23:03:06,24.0,0,15.0,LOW,sensor
2026-03-18 23:03:09,24.0,0,15.0,LOW,sensor
2026-03-18 23:03:11,24.0,0,15.0,LOW,sensor
2026-03-18 23:03:11,24.0,0,15.0,LOW,sensor
2026-03-18 23:03:14,24.0,0,15.0,LOW,sensor
2026-03-18 23:03:17,24.0,0,15.0,LOW,sensor
2026-03-18 23:03:19,24.0,0,15.0,LOW,sensor
2026-03-18 23:03:19,24.0,0,15.0,LOW,sensor
2026-03-18 23:03:22,24.0,0,15.0,LOW,sensor
2026-03-18 23:03:25,24.0,0,15.0,LOW,sensor
2026-03-18 23:03:27,24.0,0,15.0,LOW,sensor
2026-03-18 23:03:27,24.0,0,15.0,LOW,sensor
2026-03-18 23:03:30,24.0,0,15.0,LOW,sensor
2026-03-18 23:03:33,24.0,0,15.0,LOW,sensor
2026-03-18 23:03:35,24.0,0,15.0,LOW,sensor
2026-03-18 23:03:35,24.0,0,15.0,LOW,sensor
2026-03-18 23:03:38,24.0,0,15.0,LOW,sensor
2026-03-18 23:03:40,24.0,0,15.0,LOW,sensor
2026-03-18 23:03:43,24.0,0,15.0,LOW,sensor
2026-03-18 23:03:43,24.0,0,15.0,LOW,sensor
2026-03-18 23:03:46,24.0,0,15.0,LOW,sensor
2026-03-18 23:03:48,24.0,0,15.0,LOW,sensor
2026-03-18 23:03:51,24.0,0,15.0,LOW,sensor
2026-03-18 23:03:51,24.0,0,15.0,LOW,sensor
2026-03-18 23:03:54,24.0,0,15.0,LOW,sensor
2026-03-18 23:03:56,24.0,0,15.0,LOW,sensor
2026-03-18 23:03:59,24.0,0,15.0,LOW,sensor
2026-03-18 23:03:59,24.0,0,15.0,LOW,sensor
2026-03-18 23:04:02,24.0,0,15.0,LOW,sensor
2026-03-18 23:04:04,24.0,0,15.0,LOW,sensor
2026-03-18 23:04:07,24.0,0,15.0,LOW,sensor
2026-03-18 23:04:07,24.0,0,15.0,LOW,sensor
2026-03-18 23:04:10,24.0,0,15.0,LOW,sensor
2026-03-18 23:04:12,24.0,0,15.0,LOW,sensor
2026-03-18 23:04:15,24.0,0,15.0,LOW,sensor
2026-03-18 23:04:18,24.0,0,15.0,LOW,sensor
2026-03-18 23:04:18,24.0,0,15.0,LOW,sensor
2026-03-18 23:04:20,24.0,0,15.0,LOW,sensor
2026-03-18 23:04:23,24.0,0,15.0,LOW,sensor
2026-03-18 23:04:26,24.0,0,15.0,LOW,sensor
2026-03-18 23:04:26,24.0,0,15.0,LOW,sensor
2026-03-18 23:04:28,24.0,0,15.0,LOW,sensor
2026-03-18 23:04:31,24.0,0,15.0,LOW,sensor
2026-03-18 23:04:34,24.0,0,15.0,LOW,sensor
2026-03-18 23:04:34,24.0,0,15.0,LOW,sensor
2026-03-18 23:04:36,24.0,0,15.0,LOW,sensor
2026-03-18 23:04:39,24.0,0,15.0,LOW,sensor
2026-03-18 23:04:42,24.0,0,15.0,LOW,sensor
2026-03-18 23:04:42,24.0,0,15.0,LOW,sensor
2026-03-18 23:04:44,24.0,0,15.0,LOW,sensor
2026-03-18 23:04:47,24.0,0,15.0,LOW,sensor
2026-03-18 23:04:50,24.0,0,15.0,LOW,sensor
2026-03-18 23:04:50,24.0,0,15.0,LOW,sensor
2026-03-18 23:04:52,24.0,0,15.0,LOW,sensor
2026-03-18 23:04:55,24.0,0,15.0,LOW,sensor
2026-03-18 23:04:58,24.0,0,15.0,LOW,sensor
2026-03-18 23:04:58,24.0,0,15.0,LOW,sensor
2026-03-18 23:05:00,24.0,0,15.0,LOW,sensor
2026-03-18 23:05:03,24.0,0,15.0,LOW,sensor
2026-03-18 23:05:06,24.0,0,15.0,LOW,sensor
2026-03-18 23:05:06,24.0,0,15.0,LOW,sensor
2026-03-18 23:05:08,24.0,0,15.0,LOW,sensor
2026-03-18 23:05:11,24.0,0,15.0,LOW,sensor
2026-03-18 23:05:13,24.0,0,15.0,LOW,sensor
2026-03-18 23:05:13,24.0,0,15.0,LOW,sensor
2026-03-18 23:05:16,24.0,0,15.0,LOW,sensor
2026-03-18 23:05:19,24.0,0,15.0,LOW,sensor
2026-03-18 23:05:21,24.0,0,15.0,LOW,sensor
2026-03-18 23:05:22,24.0,0,15.0,LOW,sensor
2026-03-18 23:05:24,24.0,0,15.0,LOW,sensor
2026-03-18 23:05:27,24.0,0,15.0,LOW,sensor
2026-03-18 23:05:29,24.0,0,15.0,LOW,sensor
2026-03-18 23:05:29,24.0,0,15.0,LOW,sensor
2026-03-18 23:05:32,24.0,0,15.0,LOW,sensor
2026-03-18 23:05:35,24.0,0,15.0,LOW,sensor
2026-03-18 23:05:37,24.0,0,15.0,LOW,sensor
2026-03-18 23:05:37,24.0,0,15.0,LOW,sensor
2026-03-18 23:05:40,24.0,0,15.0,LOW,sensor
2026-03-18 23:05:43,24.0,0,15.0,LOW,sensor
2026-03-18 23:05:45,24.0,0,15.0,LOW,sensor
2026-03-18 23:05:45,24.0,0,15.0,LOW,sensor
2026-03-18 23:05:48,24.0,0,15.0,LOW,sensor
2026-03-18 23:05:51,24.0,0,15.0,LOW,sensor
2026-03-18 23:05:53,24.0,0,15.0,LOW,sensor
2026-03-18 23:05:56,24.0,0,15.0,LOW,sensor
2026-03-18 23:05:56,24.0,0,15.0,LOW,sensor
2026-03-18 23:05:59,24.0,0,15.0,LOW,sensor
2026-03-18 23:06:01,24.0,0,15.0,LOW,sensor
2026-03-18 23:06:04,24.0,0,15.0,LOW,sensor
2026-03-18 23:06:04,24.0,0,15.0,LOW,sensor
2026-03-18 23:06:07,24.0,0,15.0,LOW,sensor
2026-03-18 23:06:09,24.0,0,15.0,LOW,sensor
2026-03-18 23:06:12,24.0,0,15.0,LOW,sensor
2026-03-18 23:06:12,24.0,0,15.0,LOW,sensor
2026-03-18 23:06:15,24.0,0,15.0,LOW,sensor
2026-03-18 23:06:17,24.0,0,15.0,LOW,sensor
2026-03-18 23:06:20,24.0,0,15.0,LOW,sensor
2026-03-18 23:06:20,24.0,0,15.0,LOW,sensor
2026-03-18 23:06:23,24.0,0,15.0,LOW,sensor
2026-03-18 23:06:25,24.0,0,15.0,LOW,sensor
2026-03-18 23:06:28,24.0,0,15.0,LOW,sensor
2026-03-18 23:06:28,24.0,0,15.0,LOW,sensor
2026-03-18 23:06:31,24.0,0,15.0,LOW,sensor
2026-03-18 23:06:33,24.0,0,15.0,LOW,sensor
2026-03-18 23:06:36,24.0,0,15.0,LOW,sensor
2026-03-18 23:06:36,24.0,0,15.0,LOW,sensor
2026-03-18 23:06:39,24.0,0,15.0,LOW,sensor
2026-03-18 23:06:41,24.0,0,15.0,LOW,sensor
2026-03-18 23:06:44,24.0,0,15.0,LOW,sensor
2026-03-18 23:06:44,24.0,0,15.0,LOW,sensor
2026-03-18 23:06:47,24.0,0,15.0,LOW,sensor
2026-03-18 23:06:49,24.0,0,15.0,LOW,sensor
2026-03-18 23:06:52,24.0,0,15.0,LOW,sensor
2026-03-18 23:06:52,24.0,0,15.0,LOW,sensor
2026-03-18 23:06:55,24.0,0,15.0,LOW,sensor
2026-03-18 23:06:57,24.0,0,15.0,LOW,sensor
2026-03-18 23:07:00,24.0,0,15.0,LOW,sensor
2026-03-18 23:07:00,24.0,0,15.0,LOW,sensor
2026-03-18 23:07:02,24.0,0,15.0,LOW,sensor
2026-03-18 23:07:05,24.0,0,15.0,LOW,sensor
2026-03-18 23:07:08,24.0,0,15.0,LOW,sensor
2026-03-18 23:07:08,24.0,0,15.0,LOW,sensor
2026-03-18 23:07:10,24.0,0,15.0,LOW,sensor
2026-03-18 23:07:13,24.0,0,15.0,LOW,sensor
2026-03-18 23:07:16,24.0,0,15.0,LOW,sensor
2026-03-18 23:07:16,24.0,0,15.0,LOW,sensor
2026-03-18 23:07:18,24.0,0,15.0,LOW,sensor
2026-03-18 23:07:21,24.0,0,15.0,LOW,sensor
2026-03-18 23:07:24,24.0,0,15.0,LOW,sensor
2026-03-18 23:07:24,24.0,0,15.0,LOW,sensor
2026-03-18 23:07:26,24.0,0,15.0,LOW,sensor
2026-03-18 23:07:29,24.0,0,15.0,LOW,sensor
2026-03-18 23:07:32,24.0,0,15.0,LOW,sensor
2026-03-18 23:07:32,24.0,0,15.0,LOW,sensor
2026-03-18 23:07:34,24.0,0,15.0,LOW,sensor
2026-03-18 23:07:37,24.0,0,15.0,LOW,sensor
2026-03-18 23:07:40,24.0,0,15.0,LOW,sensor
2026-03-18 23:07:40,24.0,0,15.0,LOW,sensor
2026-03-18 23:07:42,24.0,0,15.0,LOW,sensor
2026-03-18 23:07:45,24.0,0,15.0,LOW,sensor
2026-03-18 23:07:48,24.0,0,15.0,LOW,sensor
2026-03-18 23:07:50,24.0,0,15.0,LOW,sensor
2026-03-18 23:07:50,24.0,0,15.0,LOW,sensor
2026-03-18 23:07:53,24.0,0,15.0,LOW,sensor
2026-03-18 23:07:56,24.0,0,15.0,LOW,sensor
2026-03-18 23:07:58,24.0,0,15.0,LOW,sensor
2026-03-18 23:07:58,24.0,0,15.0,LOW,sensor
2026-03-18 23:08:01,24.0,0,15.0,LOW,sensor
2026-03-18 23:08:04,24.0,0,15.0,LOW,sensor
2026-03-18 23:08:06,24.0,0,15.0,LOW,sensor
2026-03-18 23:08:06,24.0,0,15.0,LOW,sensor
2026-03-18 23:08:09,24.0,0,15.0,LOW,sensor
2026-03-18 23:08:12,24.0,0,15.0,LOW,sensor
2026-03-18 23:08:14,24.0,0,15.0,LOW,sensor
2026-03-18 23:08:14,24.0,0,15.0,LOW,sensor
2026-03-18 23:08:17,24.0,0,15.0,LOW,sensor
2026-03-18 23:08:20,24.0,0,15.0,LOW,sensor
2026-03-18 23:08:22,24.0,0,15.0,LOW,sensor
2026-03-18 23:08:22,24.0,0,15.0,LOW,sensor
2026-03-18 23:08:25,24.0,0,15.0,LOW,sensor
2026-03-18 23:08:28,24.0,0,15.0,LOW,sensor
2026-03-18 23:08:30,24.0,0,15.0,LOW,sensor
2026-03-18 23:08:30,24.0,0,15.0,LOW,sensor
2026-03-18 23:08:33,24.0,0,15.0,LOW,sensor
2026-03-18 23:08:36,24.0,0,15.0,LOW,sensor
2026-03-18 23:08:38,24.0,0,15.0,LOW,sensor
2026-03-18 23:08:38,24.0,0,15.0,LOW,sensor
2026-03-18 23:08:41,24.0,0,15.0,LOW,sensor
2026-03-18 23:08:44,24.0,0,15.0,LOW,sensor
2026-03-18 23:08:46,24.0,0,15.0,LOW,sensor
2026-03-18 23:08:46,24.0,0,15.0,LOW,sensor
2026-03-18 23:08:49,24.0,0,15.0,LOW,sensor
2026-03-18 23:08:52,24.0,0,15.0,LOW,sensor
2026-03-18 23:08:54,24.0,0,15.0,LOW,sensor
2026-03-18 23:08:54,24.0,0,15.0,LOW,sensor
2026-03-18 23:08:57,24.0,0,15.0,LOW,sensor
2026-03-18 23:09:00,24.0,0,15.0,LOW,sensor
2026-03-18 23:09:02,24.0,0,15.0,LOW,sensor
2026-03-18 23:09:02,24.0,0,15.0,LOW,sensor
2026-03-18 23:09:05,24.0,0,15.0,LOW,sensor
2026-03-18 23:09:08,24.0,0,15.0,LOW,sensor
2026-03-18 23:09:10,24.0,0,15.0,LOW,sensor
2026-03-18 23:09:10,24.0,0,15.0,LOW,sensor
2026-03-18 23:09:13,24.0,0,15.0,LOW,sensor
2026-03-18 23:09:16,24.0,0,15.0,LOW,sensor
2026-03-18 23:09:18,24.0,0,15.0,LOW,sensor
2026-03-18 23:09:18,24.0,0,15.0,LOW,sensor
2026-03-18 23:09:21,24.0,0,15.0,LOW,sensor
2026-03-18 23:09:24,24.0,0,15.0,LOW,sensor
2026-03-18 23:09:26,24.0,0,15.0,LOW,sensor
2026-03-18 23:09:26,24.0,0,15.0,LOW,sensor
2026-03-18 23:09:29,24.0,0,15.0,LOW,sensor
2026-03-18 23:09:32,24.0,0,15.0,LOW,sensor
2026-03-18 23:09:34,24.0,0,15.0,LOW,sensor
2026-03-18 23:09:34,24.0,0,15.0,LOW,sensor
2026-03-18 23:09:37,24.0,0,15.0,LOW,sensor
2026-03-18 23:09:40,24.0,0,15.0,LOW,sensor
2026-03-18 23:09:42,24.0,0,15.0,LOW,sensor
2026-03-18 23:09:42,24.0,0,15.0,LOW,sensor
2026-03-18 23:09:45,24.0,0,15.0,LOW,sensor
2026-03-18 23:09:48,24.0,0,15.0,LOW,sensor
2026-03-18 23:09:50,24.0,0,15.0,LOW,sensor
2026-03-18 23:09:50,24.0,0,15.0,LOW,sensor
2026-03-18 23:09:53,24.0,0,15.0,LOW,sensor
2026-03-18 23:09:55,24.0,0,15.0,LOW,sensor
2026-03-18 23:09:58,24.0,0,15.0,LOW,sensor
2026-03-18 23:09:58,24.0,0,15.0,LOW,sensor
2026-03-18 23:10:01,24.0,0,15.0,LOW,sensor
2026-03-18 23:10:03,24.0,0,15.0,LOW,sensor
2026-03-18 23:10:06,24.0,0,15.0,LOW,sensor
2026-03-18 23:10:09,24.0,0,15.0,LOW,sensor
2026-03-18 23:10:09,24.0,0,15.0,LOW,sensor
2026-03-18 23:10:12,24.0,0,15.0,LOW,sensor
2026-03-18 23:10:14,24.0,0,15.0,LOW,sensor
2026-03-18 23:10:17,24.0,0,15.0,LOW,sensor
2026-03-18 23:10:17,24.0,0,15.0,LOW,sensor
2026-03-18 23:10:19,24.0,0,15.0,LOW,sensor
2026-03-18 23:10:22,24.0,0,15.0,LOW,sensor
2026-03-18 23:10:25,24.0,0,15.0,LOW,sensor
2026-03-18 23:10:25,24.0,0,15.0,LOW,sensor
2026-03-18 23:10:27,24.0,0,15.0,LOW,sensor
2026-03-18 23:10:30,24.0,0,15.0,LOW,sensor
2026-03-18 23:10:33,24.0,0,15.0,LOW,sensor
2026-03-18 23:10:33,24.0,0,15.0,LOW,sensor
2026-03-18 23:10:35,24.0,0,15.0,LOW,sensor
2026-03-18 23:10:38,24.0,0,15.0,LOW,sensor
2026-03-18 23:10:41,24.0,0,15.0,LOW,sensor
2026-03-18 23:10:41,24.0,0,15.0,LOW,sensor
2026-03-18 23:10:43,24.0,0,15.0,LOW,sensor
2026-03-18 23:10:46,24.0,0,15.0,LOW,sensor
2026-03-18 23:10:49,24.0,0,15.0,LOW,sensor
2026-03-18 23:10:49,24.0,0,15.0,LOW,sensor
2026-03-18 23:10:51,24.0,0,15.0,LOW,sensor
2026-03-18 23:10:54,24.0,0,15.0,LOW,sensor
2026-03-18 23:10:57,24.0,0,15.0,LOW,sensor
2026-03-18 23:10:57,24.0,0,15.0,LOW,sensor
2026-03-18 23:10:59,24.0,0,15.0,LOW,sensor
2026-03-18 23:11:02,24.0,0,15.0,LOW,sensor
2026-03-18 23:11:05,24.0,0,15.0,LOW,sensor
2026-03-18 23:11:05,24.0,0,15.0,LOW,sensor
2026-03-18 23:11:07,24.0,0,15.0,LOW,sensor
2026-03-18 23:11:10,24.0,0,15.0,LOW,sensor
2026-03-18 23:11:13,24.0,0,15.0,LOW,sensor
2026-03-18 23:11:13,24.0,0,15.0,LOW,sensor
2026-03-18 23:11:15,24.0,0,15.0,LOW,sensor
2026-03-18 23:11:18,24.0,0,15.0,LOW,sensor
2026-03-18 23:11:21,24.0,0,15.0,LOW,sensor
2026-03-18 23:11:21,24.0,0,15.0,LOW,sensor
2026-03-18 23:11:23,24.0,0,15.0,LOW,sensor
2026-03-18 23:11:26,24.0,0,15.0,LOW,sensor
2026-03-18 23:11:29,24.0,0,15.0,LOW,sensor
2026-03-18 23:11:29,24.0,0,15.0,LOW,sensor
2026-03-18 23:11:31,24.0,0,15.0,LOW,sensor
2026-03-18 23:11:34,24.0,0,15.0,LOW,sensor
2026-03-18 23:11:37,24.0,0,15.0,LOW,sensor
2026-03-18 23:11:37,24.0,0,15.0,LOW,sensor
2026-03-18 23:11:39,24.0,0,15.0,LOW,sensor
2026-03-18 23:11:42,24.0,0,15.0,LOW,sensor
2026-03-18 23:11:45,24.0,0,15.0,LOW,sensor
2026-03-18 23:11:45,24.0,0,15.0,LOW,sensor
2026-03-18 23:11:47,24.0,0,15.0,LOW,sensor
2026-03-18 23:11:50,24.0,0,15.0,LOW,sensor
2026-03-18 23:11:53,24.0,0,15.0,LOW,sensor
2026-03-18 23:11:53,24.0,0,15.0,LOW,sensor
2026-03-18 23:11:55,24.0,0,15.0,LOW,sensor
2026-03-18 23:11:58,24.0,0,15.0,LOW,sensor
2026-03-18 23:12:01,24.0,0,15.0,LOW,sensor
2026-03-18 23:12:01,24.0,0,15.0,LOW,sensor
2026-03-18 23:12:03,24.0,0,15.0,LOW,sensor
2026-03-18 23:12:06,24.0,0,15.0,LOW,sensor
2026-03-18 23:12:09,24.0,0,15.0,LOW,sensor
2026-03-18 23:12:09,24.0,0,15.0,LOW,sensor
2026-03-18 23:12:11,24.0,0,15.0,LOW,sensor
2026-03-18 23:12:14,24.0,0,15.0,LOW,sensor
2026-03-18 23:12:17,24.0,0,15.0,LOW,sensor
2026-03-18 23:12:19,24.0,0,15.0,LOW,sensor
2026-03-18 23:12:19,24.0,0,15.0,LOW,sensor
2026-03-18 23:12:22,24.0,0,15.0,LOW,sensor
2026-03-18 23:12:25,24.0,0,15.0,LOW,sensor
2026-03-18 23:12:27,24.0,0,15.0,LOW,sensor
2026-03-18 23:12:27,24.0,0,15.0,LOW,sensor
2026-03-18 23:12:30,24.0,0,15.0,LOW,sensor
2026-03-18 23:12:33,24.0,0,15.0,LOW,sensor
2026-03-18 23:12:35,24.0,0,15.0,LOW,sensor
2026-03-18 23:12:35,24.0,0,15.0,LOW,sensor
2026-03-18 23:12:38,24.0,0,15.0,LOW,sensor
2026-03-18 23:12:41,24.0,0,15.0,LOW,sensor
2026-03-18 23:12:43,24.0,0,15.0,LOW,sensor
2026-03-18 23:12:43,24.0,0,15.0,LOW,sensor
2026-03-18 23:12:46,24.0,0,15.0,LOW,sensor
2026-03-18 23:12:49,24.0,0,15.0,LOW,sensor
2026-03-18 23:12:51,24.0,0,15.0,LOW,sensor
2026-03-18 23:12:51,24.0,0,15.0,LOW,sensor
2026-03-18 23:12:54,24.0,0,15.0,LOW,sensor
2026-03-18 23:12:57,24.0,0,15.0,LOW,sensor
2026-03-18 23:12:59,24.0,0,15.0,LOW,sensor
2026-03-18 23:12:59,24.0,0,15.0,LOW,sensor
2026-03-18 23:13:02,24.0,0,15.0,LOW,sensor
2026-03-18 23:13:04,24.0,0,15.0,LOW,sensor
2026-03-18 23:13:07,24.0,0,15.0,LOW,sensor
2026-03-18 23:13:07,24.0,0,15.0,LOW,sensor
2026-03-18 23:13:10,24.0,0,15.0,LOW,sensor
2026-03-18 23:13:13,24.0,0,15.0,LOW,sensor
2026-03-18 23:13:15,24.0,0,15.0,LOW,sensor
2026-03-18 23:13:15,24.0,0,15.0,LOW,sensor
2026-03-18 23:13:18,24.0,0,15.0,LOW,sensor
2026-03-18 23:13:20,24.0,0,15.0,LOW,sensor
2026-03-18 23:13:23,24.0,0,15.0,LOW,sensor
2026-03-18 23:13:23,24.0,0,15.0,LOW,sensor
2026-03-18 23:13:26,24.0,0,15.0,LOW,sensor
2026-03-18 23:13:28,24.0,0,15.0,LOW,sensor
2026-03-18 23:13:31,24.0,0,15.0,LOW,sensor
2026-03-18 23:13:31,24.0,0,15.0,LOW,sensor
2026-03-18 23:13:34,24.0,0,15.0,LOW,sensor
2026-03-18 23:13:36,24.0,0,15.0,LOW,sensor
2026-03-18 23:13:39,24.0,0,15.0,LOW,sensor
2026-03-18 23:13:39,24.0,0,15.0,LOW,sensor
2026-03-18 23:13:42,24.0,0,15.0,LOW,sensor
2026-03-18 23:13:45,24.0,0,15.0,LOW,sensor
2026-03-18 23:13:47,24.0,0,15.0,LOW,sensor
2026-03-18 23:13:47,24.0,0,15.0,LOW,sensor
2026-03-18 23:13:50,24.0,0,15.0,LOW,sensor
2026-03-18 23:13:52,24.0,0,15.0,LOW,sensor
2026-03-18 23:13:55,24.0,0,15.0,LOW,sensor
2026-03-18 23:13:55,24.0,0,15.0,LOW,sensor
2026-03-18 23:13:58,24.0,0,15.0,LOW,sensor
2026-03-18 23:14:00,24.0,0,15.0,LOW,sensor
2026-03-18 23:14:03,24.0,0,15.0,LOW,sensor
2026-03-18 23:14:03,24.0,0,15.0,LOW,sensor
2026-03-18 23:14:06,24.0,0,15.0,LOW,sensor
2026-03-18 23:14:08,24.0,0,15.0,LOW,sensor
2026-03-18 23:14:11,24.0,0,15.0,LOW,sensor
2026-03-18 23:14:11,24.0,0,15.0,LOW,sensor
2026-03-18 23:14:14,24.0,0,15.0,LOW,sensor
2026-03-18 23:14:16,24.0,0,15.0,LOW,sensor
2026-03-18 23:14:19,24.0,0,15.0,LOW,sensor
2026-03-18 23:14:19,24.0,0,15.0,LOW,sensor
2026-03-18 23:14:22,24.0,0,15.0,LOW,sensor
2026-03-18 23:14:24,24.0,0,15.0,LOW,sensor
2026-03-18 23:14:27,24.0,0,15.0,LOW,sensor
2026-03-18 23:14:27,24.0,0,15.0,LOW,sensor
2026-03-18 23:14:30,24.0,0,15.0,LOW,sensor
2026-03-18 23:14:32,24.0,0,15.0,LOW,sensor
2026-03-18 23:14:35,24.0,0,15.0,LOW,sensor
2026-03-18 23:14:38,24.0,0,15.0,LOW,sensor
2026-03-18 23:14:38,24.0,0,15.0,LOW,sensor
2026-03-18 23:14:40,24.0,0,15.0,LOW,sensor
2026-03-18 23:14:43,24.0,0,15.0,LOW,sensor
2026-03-18 23:14:46,24.0,0,15.0,LOW,sensor
2026-03-18 23:14:46,24.0,0,15.0,LOW,sensor
2026-03-18 23:14:48,24.0,0,15.0,LOW,sensor
2026-03-18 23:14:51,24.0,0,15.0,LOW,sensor
2026-03-18 23:14:54,24.0,0,15.0,LOW,sensor
2026-03-18 23:14:54,24.0,0,15.0,LOW,sensor
2026-03-18 23:14:56,24.0,0,15.0,LOW,sensor
2026-03-18 23:14:59,24.0,0,15.0,LOW,sensor
2026-03-18 23:15:02,24.0,0,15.0,LOW,sensor
2026-03-18 23:15:02,24.0,0,15.0,LOW,sensor
2026-03-18 23:15:04,24.0,0,15.0,LOW,sensor
2026-03-18 23:15:07,24.0,0,15.0,LOW,sensor
2026-03-18 23:15:10,24.0,0,15.0,LOW,sensor
2026-03-18 23:15:10,24.0,0,15.0,LOW,sensor
2026-03-18 23:15:12,24.0,0,15.0,LOW,sensor
2026-03-18 23:15:15,24.0,0,15.0,LOW,sensor
2026-03-18 23:15:18,24.0,0,15.0,LOW,sensor
2026-03-18 23:15:18,24.0,0,15.0,LOW,sensor
2026-03-18 23:15:20,24.0,0,15.0,LOW,sensor
2026-03-18 23:15:23,24.0,0,15.0,LOW,sensor
2026-03-18 23:15:26,24.0,0,15.0,LOW,sensor
2026-03-18 23:15:26,24.0,0,15.0,LOW,sensor
2026-03-18 23:15:28,24.0,0,15.0,LOW,sensor
2026-03-18 23:15:31,24.0,0,15.0,LOW,sensor
2026-03-18 23:15:34,24.0,0,15.0,LOW,sensor
2026-03-18 23:15:34,24.0,0,15.0,LOW,sensor
2026-03-18 23:15:36,24.0,0,15.0,LOW,sensor
2026-03-18 23:15:39,24.0,0,15.0,LOW,sensor
2026-03-18 23:15:42,24.0,0,15.0,LOW,sensor
2026-03-18 23:15:42,24.0,0,15.0,LOW,sensor
2026-03-18 23:15:44,24.0,0,15.0,LOW,sensor
2026-03-18 23:15:47,24.0,0,15.0,LOW,sensor
2026-03-18 23:15:50,24.0,0,15.0,LOW,sensor
2026-03-18 23:15:50,24.0,0,15.0,LOW,sensor
2026-03-18 23:15:52,24.0,0,15.0,LOW,sensor
2026-03-18 23:15:55,24.0,0,15.0,LOW,sensor
2026-03-18 23:15:58,24.0,0,15.0,LOW,sensor
2026-03-18 23:15:58,24.0,0,15.0,LOW,sensor
2026-03-18 23:16:00,24.0,0,15.0,LOW,sensor
2026-03-18 23:16:03,24.0,0,15.0,LOW,sensor
2026-03-18 23:16:06,24.0,0,15.0,LOW,sensor
2026-03-18 23:16:06,24.0,0,15.0,LOW,sensor
2026-03-18 23:16:08,24.0,0,15.0,LOW,sensor
2026-03-18 23:16:11,24.0,0,15.0,LOW,sensor
2026-03-18 23:16:14,24.0,0,15.0,LOW,sensor
2026-03-18 23:16:14,24.0,0,15.0,LOW,sensor
2026-03-18 23:16:16,24.0,0,15.0,LOW,sensor
2026-03-18 23:16:19,24.0,0,15.0,LOW,sensor
2026-03-18 23:16:22,24.0,0,15.0,LOW,sensor
2026-03-18 23:16:22,24.0,0,15.0,LOW,sensor
2026-03-18 23:16:24,24.0,0,15.0,LOW,sensor
2026-03-18 23:16:27,24.0,0,15.0,LOW,sensor
2026-03-18 23:16:30,24.0,0,15.0,LOW,sensor
2026-03-18 23:16:30,24.0,0,15.0,LOW,sensor
2026-03-18 23:16:32,24.0,0,15.0,LOW,sensor
2026-03-18 23:16:35,24.0,0,15.0,LOW,sensor
2026-03-18 23:16:38,24.0,0,15.0,LOW,sensor
2026-03-18 23:16:38,24.0,0,15.0,LOW,sensor
2026-03-18 23:16:40,24.0,0,15.0,LOW,sensor
2026-03-18 23:16:43,24.0,0,15.0,LOW,sensor
2026-03-18 23:16:46,24.0,0,15.0,LOW,sensor
2026-03-18 23:16:46,24.0,0,15.0,LOW,sensor
2026-03-18 23:16:48,24.0,0,15.0,LOW,sensor
2026-03-18 23:16:51,24.0,0,15.0,LOW,sensor
2026-03-18 23:16:54,24.0,0,15.0,LOW,sensor
2026-03-18 23:16:54,24.0,0,15.0,LOW,sensor
2026-03-18 23:16:56,24.0,0,15.0,LOW,sensor
2026-03-18 23:16:59,24.0,0,15.0,LOW,sensor
2026-03-18 23:17:01,24.0,0,15.0,LOW,sensor
2026-03-18 23:17:04,24.0,0,15.0,LOW,sensor
2026-03-18 23:17:04,24.0,0,15.0,LOW,sensor
2026-03-18 23:17:07,24.0,0,15.0,LOW,sensor
2026-03-18 23:17:09,24.0,0,15.0,LOW,sensor
2026-03-18 23:17:12,24.0,0,15.0,LOW,sensor
2026-03-18 23:17:12,24.0,0,15.0,LOW,sensor
2026-03-18 23:17:15,24.0,0,15.0,LOW,sensor
2026-03-18 23:17:17,24.0,0,15.0,LOW,sensor
2026-03-18 23:17:20,24.0,0,15.0,LOW,sensor
2026-03-18 23:17:20,24.0,0,15.0,LOW,sensor
2026-03-18 23:17:23,24.0,0,15.0,LOW,sensor
2026-03-18 23:17:25,24.0,0,15.0,LOW,sensor
2026-03-18 23:17:28,24.0,0,15.0,LOW,sensor
2026-03-18 23:17:28,24.0,0,15.0,LOW,sensor
2026-03-18 23:17:31,24.0,0,15.0,LOW,sensor
2026-03-18 23:17:33,24.0,0,15.0,LOW,sensor
2026-03-18 23:17:36,24.0,0,15.0,LOW,sensor
2026-03-18 23:17:36,24.0,0,15.0,LOW,sensor
2026-03-18 23:17:39,24.0,0,15.0,LOW,sensor
2026-03-18 23:17:41,24.0,0,15.0,LOW,sensor
2026-03-18 23:17:44,24.0,0,15.0,LOW,sensor
2026-03-18 23:17:44,24.0,0,15.0,LOW,sensor
2026-03-18 23:17:47,24.0,0,15.0,LOW,sensor
2026-03-18 23:17:49,24.0,0,15.0,LOW,sensor
2026-03-18 23:17:52,24.0,0,15.0,LOW,sensor
2026-03-18 23:17:52,24.0,0,15.0,LOW,sensor
2026-03-18 23:17:55,24.0,0,15.0,LOW,sensor
2026-03-18 23:17:57,24.0,0,15.0,LOW,sensor
2026-03-18 23:18:00,24.0,0,15.0,LOW,sensor
2026-03-18 23:18:00,24.0,0,15.0,LOW,sensor
2026-03-18 23:18:03,24.0,0,15.0,LOW,sensor
2026-03-18 23:18:05,24.0,0,15.0,LOW,sensor
2026-03-18 23:18:08,24.0,0,15.0,LOW,sensor
2026-03-18 23:18:08,24.0,0,15.0,LOW,sensor
2026-03-18 23:18:11,24.0,0,15.0,LOW,sensor
2026-03-18 23:18:13,24.0,0,15.0,LOW,sensor
2026-03-18 23:18:16,24.0,0,15.0,LOW,sensor
2026-03-18 23:18:16,24.0,0,15.0,LOW,sensor
2026-03-18 23:18:19,24.0,0,15.0,LOW,sensor
2026-03-18 23:18:21,24.0,0,15.0,LOW,sensor
2026-03-18 23:18:24,24.0,0,15.0,LOW,sensor
2026-03-18 23:18:24,24.0,0,15.0,LOW,sensor
2026-03-18 23:18:27,24.0,0,15.0,LOW,sensor
2026-03-18 23:18:29,24.0,0,15.0,LOW,sensor
2026-03-18 23:18:32,24.0,0,15.0,LOW,sensor
2026-03-18 23:18:32,24.0,0,15.0,LOW,sensor
2026-03-18 23:18:35,24.0,0,15.0,LOW,sensor
2026-03-18 23:18:37,24.0,0,15.0,LOW,sensor
2026-03-18 23:18:40,24.0,0,15.0,LOW,sensor
2026-03-18 23:18:40,24.0,0,15.0,LOW,sensor
2026-03-18 23:18:43,24.0,0,15.0,LOW,sensor
2026-03-18 23:18:45,24.0,0,15.0,LOW,sensor
2026-03-18 23:18:48,24.0,0,15.0,LOW,sensor
2026-03-18 23:18:48,24.0,0,15.0,LOW,sensor
2026-03-18 23:18:51,24.0,0,15.0,LOW,sensor
2026-03-18 23:18:53,24.0,0,15.0,LOW,sensor
2026-03-18 23:18:56,24.0,0,15.0,LOW,sensor
2026-03-18 23:18:56,24.0,0,15.0,LOW,sensor
2026-03-18 23:18:59,24.0,0,15.0,LOW,sensor
2026-03-18 23:19:01,24.0,0,15.0,LOW,sensor
2026-03-18 23:19:04,24.0,0,15.0,LOW,sensor
2026-03-18 23:19:04,24.0,0,15.0,LOW,sensor
2026-03-18 23:19:07,24.0,0,15.0,LOW,sensor
2026-03-18 23:19:09,24.0,0,15.0,LOW,sensor
2026-03-18 23:19:12,24.0,0,15.0,LOW,sensor
2026-03-18 23:19:12,24.0,0,15.0,LOW,sensor
2026-03-18 23:19:15,24.0,0,15.0,LOW,sensor
2026-03-18 23:19:17,24.0,0,15.0,LOW,sensor
2026-03-18 23:19:20,24.0,0,15.0,LOW,sensor
2026-03-18 23:19:20,24.0,0,15.0,LOW,sensor
2026-03-18 23:19:23,24.0,0,15.0,LOW,sensor
2026-03-18 23:19:25,24.0,0,15.0,LOW,sensor
2026-03-18 23:19:28,24.0,0,15.0,LOW,sensor
2026-03-18 23:19:31,24.0,0,15.0,LOW,sensor
2026-03-18 23:19:31,24.0,0,15.0,LOW,sensor
2026-03-18 23:19:33,24.0,0,15.0,LOW,sensor
2026-03-18 23:19:36,24.0,0,15.0,LOW,sensor
2026-03-18 23:19:39,24.0,0,15.0,LOW,sensor
2026-03-18 23:19:39,24.0,0,15.0,LOW,sensor
2026-03-18 23:19:41,24.0,0,15.0,LOW,sensor
2026-03-18 23:19:44,24.0,0,15.0,LOW,sensor
2026-03-18 23:19:47,24.0,0,15.0,LOW,sensor
2026-03-18 23:19:47,24.0,0,15.0,LOW,sensor
2026-03-18 23:19:49,24.0,0,15.0,LOW,sensor
2026-03-18 23:19:52,24.0,0,15.0,LOW,sensor
2026-03-18 23:19:55,24.0,0,15.0,LOW,sensor
2026-03-18 23:19:55,24.0,0,15.0,LOW,sensor
2026-03-18 23:19:57,24.0,0,15.0,LOW,sensor
2026-03-18 23:20:00,24.0,0,15.0,LOW,sensor
2026-03-18 23:20:03,24.0,0,15.0,LOW,sensor
2026-03-18 23:20:03,24.0,0,15.0,LOW,sensor
2026-03-18 23:20:05,24.0,0,15.0,LOW,sensor
2026-03-18 23:20:08,24.0,0,15.0,LOW,sensor
2026-03-18 23:20:11,24.0,0,15.0,LOW,sensor
2026-03-18 23:20:11,24.0,0,15.0,LOW,sensor
2026-03-18 23:20:13,24.0,0,15.0,LOW,sensor
2026-03-18 23:20:16,24.0,0,15.0,LOW,sensor
2026-03-18 23:20:19,24.0,0,15.0,LOW,sensor
2026-03-18 23:20:19,24.0,0,15.0,LOW,sensor
2026-03-18 23:20:21,24.0,0,15.0,LOW,sensor
2026-03-18 23:20:24,24.0,0,15.0,LOW,sensor
2026-03-18 23:20:27,24.0,0,15.0,LOW,sensor
2026-03-18 23:20:27,24.0,0,15.0,LOW,sensor
2026-03-18 23:20:29,24.0,0,15.0,LOW,sensor
2026-03-18 23:20:32,24.0,0,15.0,LOW,sensor
2026-03-18 23:20:35,24.0,0,15.0,LOW,sensor
2026-03-18 23:20:35,24.0,0,15.0,LOW,sensor
2026-03-18 23:20:37,24.0,0,15.0,LOW,sensor
2026-03-18 23:20:40,24.0,0,15.0,LOW,sensor
2026-03-18 23:20:43,24.0,0,15.0,LOW,sensor
2026-03-18 23:20:43,24.0,0,15.0,LOW,sensor
2026-03-18 23:20:45,24.0,0,15.0,LOW,sensor
2026-03-18 23:20:48,24.0,0,15.0,LOW,sensor
2026-03-18 23:20:51,24.0,0,15.0,LOW,sensor
2026-03-18 23:20:51,24.0,0,15.0,LOW,sensor
2026-03-18 23:20:53,24.0,0,15.0,LOW,sensor
2026-03-18 23:20:56,24.0,0,15.0,LOW,sensor
2026-03-18 23:20:59,24.0,0,15.0,LOW,sensor
2026-03-18 23:20:59,24.0,0,15.0,LOW,sensor
2026-03-18 23:21:01,24.0,0,15.0,LOW,sensor
2026-03-18 23:21:04,24.0,0,15.0,LOW,sensor
2026-03-18 23:21:07,24.0,0,15.0,LOW,sensor
2026-03-18 23:21:07,24.0,0,15.0,LOW,sensor
2026-03-18 23:21:09,24.0,0,15.0,LOW,sensor
2026-03-18 23:21:12,24.0,0,15.0,LOW,sensor
2026-03-18 23:21:15,24.0,0,15.0,LOW,sensor
2026-03-18 23:21:15,24.0,0,15.0,LOW,sensor
2026-03-18 23:21:17,24.0,0,15.0,LOW,sensor
2026-03-18 23:21:20,24.0,0,15.0,LOW,sensor
2026-03-18 23:21:23,24.0,0,15.0,LOW,sensor
2026-03-18 23:21:23,24.0,0,15.0,LOW,sensor
2026-03-18 23:21:25,24.0,0,15.0,LOW,sensor
2026-03-18 23:21:28,24.0,0,15.0,LOW,sensor
2026-03-18 23:21:31,24.0,0,15.0,LOW,sensor
2026-03-18 23:21:31,24.0,0,15.0,LOW,sensor
2026-03-18 23:21:33,24.0,0,15.0,LOW,sensor
2026-03-18 23:21:36,24.0,0,15.0,LOW,sensor
2026-03-18 23:21:39,24.0,0,15.0,LOW,sensor
2026-03-18 23:21:39,24.0,0,15.0,LOW,sensor
2026-03-18 23:21:41,24.0,0,15.0,LOW,sensor
2026-03-18 23:21:44,24.0,0,15.0,LOW,sensor
2026-03-18 23:21:47,24.0,0,15.0,LOW,sensor
2026-03-18 23:21:49,24.0,0,15.0,LOW,sensor
2026-03-18 23:21:49,24.0,0,15.0,LOW,sensor
2026-03-18 23:21:52,24.0,0,15.0,LOW,sensor
2026-03-18 23:21:55,24.0,0,15.0,LOW,sensor
2026-03-18 23:21:57,24.0,0,15.0,LOW,sensor
2026-03-18 23:21:57,24.0,0,15.0,LOW,sensor
2026-03-18 23:22:00,24.0,0,15.0,LOW,sensor
2026-03-18 23:22:03,24.0,0,15.0,LOW,sensor
2026-03-18 23:22:05,24.0,0,15.0,LOW,sensor
2026-03-18 23:22:05,24.0,0,15.0,LOW,sensor
2026-03-18 23:22:08,24.0,0,15.0,LOW,sensor
2026-03-18 23:22:11,24.0,0,15.0,LOW,sensor
2026-03-18 23:22:13,24.0,0,15.0,LOW,sensor
2026-03-18 23:22:13,24.0,0,15.0,LOW,sensor
2026-03-18 23:22:16,24.0,0,15.0,LOW,sensor
2026-03-18 23:22:19,24.0,0,15.0,LOW,sensor
2026-03-18 23:22:21,24.0,0,15.0,LOW,sensor
2026-03-18 23:22:21,24.0,0,15.0,LOW,sensor
2026-03-18 23:22:24,24.0,0,15.0,LOW,sensor
2026-03-18 23:22:27,24.0,0,15.0,LOW,sensor
2026-03-18 23:22:29,24.0,0,15.0,LOW,sensor
2026-03-18 23:22:29,24.0,0,15.0,LOW,sensor
2026-03-18 23:22:32,24.0,0,15.0,LOW,sensor
2026-03-18 23:22:35,24.0,0,15.0,LOW,sensor
2026-03-18 23:22:37,24.0,0,15.0,LOW,sensor
2026-03-18 23:22:37,24.0,0,15.0,LOW,sensor
2026-03-18 23:22:40,24.0,0,15.0,LOW,sensor
2026-03-18 23:22:42,24.0,0,15.0,LOW,sensor
2026-03-18 23:22:45,24.0,0,15.0,LOW,sensor
2026-03-18 23:22:45,24.0,0,15.0,LOW,sensor
2026-03-18 23:22:48,24.0,0,15.0,LOW,sensor
2026-03-18 23:22:50,24.0,0,15.0,LOW,sensor
2026-03-18 23:22:53,24.0,0,15.0,LOW,sensor
2026-03-18 23:22:53,24.0,0,15.0,LOW,sensor
2026-03-18 23:22:56,24.0,0,15.0,LOW,sensor
2026-03-18 23:22:58,24.0,0,15.0,LOW,sensor
2026-03-18 23:23:01,24.0,0,15.0,LOW,sensor
2026-03-18 23:23:01,24.0,0,15.0,LOW,sensor
2026-03-18 23:23:04,24.0,0,15.0,LOW,sensor
2026-03-18 23:23:06,24.0,0,15.0,LOW,sensor
2026-03-18 23:23:09,24.0,0,15.0,LOW,sensor
2026-03-18 23:23:09,24.0,0,15.0,LOW,sensor
2026-03-18 23:23:12,24.0,0,15.0,LOW,sensor
2026-03-18 23:23:14,24.0,0,15.0,LOW,sensor
2026-03-18 23:23:17,24.0,0,15.0,LOW,sensor
2026-03-18 23:23:17,24.0,0,15.0,LOW,sensor
2026-03-18 23:23:20,24.0,0,15.0,LOW,sensor
2026-03-18 23:23:22,24.0,0,15.0,LOW,sensor
2026-03-18 23:23:25,24.0,0,15.0,LOW,sensor
2026-03-18 23:23:25,24.0,0,15.0,LOW,sensor
2026-03-18 23:23:28,24.0,0,15.0,LOW,sensor
2026-03-18 23:23:30,24.0,0,15.0,LOW,sensor
2026-03-18 23:23:33,24.0,0,15.0,LOW,sensor
2026-03-18 23:23:33,24.0,0,15.0,LOW,sensor
2026-03-18 23:23:36,24.0,0,15.0,LOW,sensor
2026-03-18 23:23:38,24.0,0,15.0,LOW,sensor
2026-03-18 23:23:41,24.0,0,15.0,LOW,sensor
2026-03-18 23:23:41,24.0,0,15.0,LOW,sensor
2026-03-18 23:23:44,24.0,0,15.0,LOW,sensor
2026-03-18 23:23:46,24.0,0,15.0,LOW,sensor
2026-03-18 23:23:49,24.0,0,15.0,LOW,sensor
2026-03-18 23:23:52,24.0,0,15.0,LOW,sensor
2026-03-18 23:23:52,24.0,0,15.0,LOW,sensor
2026-03-18 23:23:54,24.0,0,15.0,LOW,sensor
2026-03-18 23:23:57,24.0,0,15.0,LOW,sensor
2026-03-18 23:24:00,24.0,0,15.0,LOW,sensor
2026-03-18 23:24:00,24.0,0,15.0,LOW,sensor
2026-03-18 23:24:02,24.0,0,15.0,LOW,sensor
2026-03-18 23:24:05,24.0,0,15.0,LOW,sensor
2026-03-18 23:24:08,24.0,0,15.0,LOW,sensor
2026-03-18 23:24:08,24.0,0,15.0,LOW,sensor
2026-03-18 23:24:10,24.0,0,15.0,LOW,sensor
2026-03-18 23:24:13,24.0,0,15.0,LOW,sensor
2026-03-18 23:24:16,24.0,0,15.0,LOW,sensor
2026-03-18 23:24:16,24.0,0,15.0,LOW,sensor
2026-03-18 23:24:18,24.0,0,15.0,LOW,sensor
2026-03-18 23:24:21,24.0,0,15.0,LOW,sensor
2026-03-18 23:24:24,24.0,0,15.0,LOW,sensor
2026-03-18 23:24:24,24.0,0,15.0,LOW,sensor
2026-03-18 23:24:26,24.0,0,15.0,LOW,sensor
2026-03-18 23:24:29,24.0,0,15.0,LOW,sensor
2026-03-18 23:24:32,24.0,0,15.0,LOW,sensor
2026-03-18 23:24:32,24.0,0,15.0,LOW,sensor
2026-03-18 23:24:34,24.0,0,15.0,LOW,sensor
2026-03-18 23:24:37,24.0,0,15.0,LOW,sensor
2026-03-18 23:24:40,24.0,0,15.0,LOW,sensor
2026-03-18 23:24:40,24.0,0,15.0,LOW,sensor
2026-03-18 23:24:42,24.0,0,15.0,LOW,sensor
2026-03-18 23:24:45,24.0,0,15.0,LOW,sensor
2026-03-18 23:24:48,24.0,0,15.0,LOW,sensor
2026-03-18 23:24:48,24.0,0,15.0,LOW,sensor
2026-03-18 23:24:50,24.0,0,15.0,LOW,sensor
2026-03-18 23:24:53,24.0,0,15.0,LOW,sensor
2026-03-18 23:24:56,24.0,0,15.0,LOW,sensor
2026-03-18 23:24:56,24.0,0,15.0,LOW,sensor
2026-03-18 23:24:58,24.0,0,15.0,LOW,sensor
2026-03-18 23:25:01,24.0,0,15.0,LOW,sensor
2026-03-18 23:25:04,24.0,0,15.0,LOW,sensor
2026-03-18 23:25:04,24.0,0,15.0,LOW,sensor
2026-03-18 23:25:06,24.0,0,15.0,LOW,sensor
2026-03-18 23:25:09,24.0,0,15.0,LOW,sensor
2026-03-18 23:25:12,24.0,0,15.0,LOW,sensor
2026-03-18 23:25:12,24.0,0,15.0,LOW,sensor
2026-03-18 23:25:14,24.0,0,15.0,LOW,sensor
2026-03-18 23:25:17,24.0,0,15.0,LOW,sensor
2026-03-18 23:25:19,24.0,0,15.0,LOW,sensor
2026-03-18 23:25:19,24.0,0,15.0,LOW,sensor
2026-03-18 23:25:22,24.0,0,15.0,LOW,sensor
2026-03-18 23:25:25,24.0,0,15.0,LOW,sensor
2026-03-18 23:25:27,24.0,0,15.0,LOW,sensor
2026-03-18 23:25:28,24.0,0,15.0,LOW,sensor
2026-03-18 23:25:30,24.0,0,15.0,LOW,sensor
2026-03-18 23:25:33,24.0,0,15.0,LOW,sensor
2026-03-18 23:25:35,24.0,0,15.0,LOW,sensor
2026-03-18 23:25:35,24.0,0,15.0,LOW,sensor
2026-03-18 23:25:38,24.0,0,15.0,LOW,sensor
2026-03-18 23:25:41,24.0,0,15.0,LOW,sensor
2026-03-18 23:25:43,24.0,0,15.0,LOW,sensor
2026-03-18 23:25:43,24.0,0,15.0,LOW,sensor
2026-03-18 23:25:46,24.0,0,15.0,LOW,sensor
2026-03-18 23:25:49,24.0,0,15.0,LOW,sensor
2026-03-18 23:25:51,24.0,0,15.0,LOW,sensor
2026-03-18 23:25:51,24.0,0,15.0,LOW,sensor
2026-03-18 23:25:54,24.0,0,15.0,LOW,sensor
2026-03-18 23:25:57,24.0,0,15.0,LOW,sensor
2026-03-18 23:25:59,24.0,0,15.0,LOW,sensor
2026-03-18 23:25:59,24.0,0,15.0,LOW,sensor
2026-03-18 23:26:02,24.0,0,15.0,LOW,sensor
2026-03-18 23:26:05,24.0,0,15.0,LOW,sensor
2026-03-18 23:26:07,24.0,0,15.0,LOW,sensor
2026-03-18 23:26:10,24.0,0,15.0,LOW,sensor
2026-03-18 23:26:10,24.0,0,15.0,LOW,sensor
2026-03-18 23:26:13,24.0,0,15.0,LOW,sensor
2026-03-18 23:26:15,24.0,0,15.0,LOW,sensor
2026-03-18 23:26:18,24.0,0,15.0,LOW,sensor
2026-03-18 23:26:18,24.0,0,15.0,LOW,sensor
2026-03-18 23:26:21,24.0,0,15.0,LOW,sensor
2026-03-18 23:26:23,24.0,0,15.0,LOW,sensor
2026-03-18 23:26:26,24.0,0,15.0,LOW,sensor
2026-03-18 23:26:26,24.0,0,15.0,LOW,sensor
2026-03-18 23:26:29,24.0,0,15.0,LOW,sensor
2026-03-18 23:26:31,24.0,0,15.0,LOW,sensor
2026-03-18 23:26:34,24.0,0,15.0,LOW,sensor
2026-03-18 23:26:34,24.0,0,15.0,LOW,sensor
2026-03-18 23:26:37,24.0,0,15.0,LOW,sensor
2026-03-18 23:26:39,24.0,0,15.0,LOW,sensor
2026-03-18 23:26:42,24.0,0,15.0,LOW,sensor
2026-03-18 23:26:42,24.0,0,15.0,LOW,sensor
2026-03-18 23:26:45,24.0,0,15.0,LOW,sensor
2026-03-18 23:26:47,24.0,0,15.0,LOW,sensor
2026-03-18 23:26:50,24.0,0,15.0,LOW,sensor
2026-03-18 23:26:50,24.0,0,15.0,LOW,sensor
2026-03-18 23:26:53,24.0,0,15.0,LOW,sensor
2026-03-18 23:26:55,24.0,0,15.0,LOW,sensor
2026-03-18 23:26:58,24.0,0,15.0,LOW,sensor
2026-03-18 23:26:58,24.0,0,15.0,LOW,sensor
2026-03-18 23:27:01,24.0,0,15.0,LOW,sensor
2026-03-18 23:27:03,24.0,0,15.0,LOW,sensor
2026-03-18 23:27:06,24.0,0,15.0,LOW,sensor
2026-03-18 23:27:06,24.0,0,15.0,LOW,sensor
2026-03-18 23:27:09,24.0,0,15.0,LOW,sensor
2026-03-18 23:27:11,24.0,0,15.0,LOW,sensor
2026-03-18 23:27:14,24.0,0,15.0,LOW,sensor
2026-03-18 23:27:14,24.0,0,15.0,LOW,sensor
2026-03-18 23:27:17,24.0,0,15.0,LOW,sensor
2026-03-18 23:27:19,24.0,0,15.0,LOW,sensor
2026-03-18 23:27:22,24.0,0,15.0,LOW,sensor
2026-03-18 23:27:22,24.0,0,15.0,LOW,sensor
2026-03-18 23:27:25,24.0,0,15.0,LOW,sensor
2026-03-18 23:27:27,24.0,0,15.0,LOW,sensor
2026-03-18 23:27:30,24.0,0,15.0,LOW,sensor
2026-03-18 23:27:30,24.0,0,15.0,LOW,sensor
2026-03-18 23:27:33,24.0,0,15.0,LOW,sensor
2026-03-18 23:27:35,24.0,0,15.0,LOW,sensor
2026-03-18 23:27:38,24.0,0,15.0,LOW,sensor
2026-03-18 23:27:38,24.0,0,15.0,LOW,sensor
2026-03-18 23:27:41,24.0,0,15.0,LOW,sensor
2026-03-18 23:27:43,24.0,0,15.0,LOW,sensor
2026-03-18 23:27:46,24.0,0,15.0,LOW,sensor
2026-03-18 23:27:46,24.0,0,15.0,LOW,sensor
2026-03-18 23:27:49,24.0,0,15.0,LOW,sensor
2026-03-18 23:27:51,24.0,0,15.0,LOW,sensor
2026-03-18 23:27:54,24.0,0,15.0,LOW,sensor
2026-03-18 23:27:54,24.0,0,15.0,LOW,sensor
2026-03-18 23:27:57,24.0,0,15.0,LOW,sensor
2026-03-18 23:27:59,24.0,0,15.0,LOW,sensor
2026-03-18 23:28:02,24.0,0,15.0,LOW,sensor
2026-03-18 23:28:05,24.0,0,15.0,LOW,sensor
2026-03-18 23:28:05,24.0,0,15.0,LOW,sensor
2026-03-18 23:28:07,24.0,0,15.0,LOW,sensor
2026-03-18 23:28:10,24.0,0,15.0,LOW,sensor
2026-03-18 23:28:12,24.0,0,15.0,LOW,sensor
2026-03-18 23:28:13,24.0,0,15.0,LOW,sensor
2026-03-18 23:28:15,24.0,0,15.0,LOW,sensor
2026-03-18 23:28:18,24.0,0,15.0,LOW,sensor
2026-03-18 23:28:20,24.0,0,15.0,LOW,sensor
2026-03-18 23:28:21,24.0,0,15.0,LOW,sensor
2026-03-18 23:28:23,24.0,0,15.0,LOW,sensor
2026-03-18 23:28:26,24.0,0,15.0,LOW,sensor
2026-03-18 23:28:28,24.0,0,15.0,LOW,sensor
2026-03-18 23:28:29,24.0,0,15.0,LOW,sensor
2026-03-18 23:28:31,24.0,0,15.0,LOW,sensor
2026-03-18 23:28:34,24.0,0,15.0,LOW,sensor
2026-03-18 23:28:36,24.0,0,15.0,LOW,sensor
2026-03-18 23:28:36,24.0,0,15.0,LOW,sensor
2026-03-18 23:28:39,24.0,0,15.0,LOW,sensor
2026-03-18 23:28:42,24.0,0,15.0,LOW,sensor
2026-03-18 23:28:44,24.0,0,15.0,LOW,sensor
2026-03-18 23:28:44,24.0,0,15.0,LOW,sensor
2026-03-18 23:28:47,24.0,0,15.0,LOW,sensor
2026-03-18 23:28:50,24.0,0,15.0,LOW,sensor
2026-03-18 23:28:52,24.0,0,15.0,LOW,sensor
2026-03-18 23:28:52,24.0,0,15.0,LOW,sensor
2026-03-18 23:28:55,24.0,0,15.0,LOW,sensor
2026-03-18 23:28:58,24.0,0,15.0,LOW,sensor
2026-03-18 23:29:00,24.0,0,15.0,LOW,sensor
2026-03-18 23:29:00,24.0,0,15.0,LOW,sensor
2026-03-18 23:29:03,24.0,0,15.0,LOW,sensor
2026-03-18 23:29:06,24.0,0,15.0,LOW,sensor
2026-03-18 23:29:08,24.0,0,15.0,LOW,sensor
2026-03-18 23:29:08,24.0,0,15.0,LOW,sensor
2026-03-18 23:29:11,24.0,0,15.0,LOW,sensor
2026-03-18 23:29:14,24.0,0,15.0,LOW,sensor
2026-03-18 23:29:16,24.0,0,15.0,LOW,sensor
2026-03-18 23:29:16,24.0,0,15.0,LOW,sensor
2026-03-18 23:29:19,24.0,0,15.0,LOW,sensor
2026-03-18 23:29:22,24.0,0,15.0,LOW,sensor
2026-03-18 23:29:24,24.0,0,15.0,LOW,sensor
2026-03-18 23:29:24,24.0,0,15.0,LOW,sensor
2026-03-18 23:29:27,24.0,0,15.0,LOW,sensor
2026-03-18 23:29:30,24.0,0,15.0,LOW,sensor
2026-03-18 23:29:32,24.0,0,15.0,LOW,sensor
2026-03-18 23:29:32,24.0,0,15.0,LOW,sensor
2026-03-18 23:29:35,24.0,0,15.0,LOW,sensor
2026-03-18 23:29:38,24.0,0,15.0,LOW,sensor
2026-03-18 23:29:40,24.0,0,15.0,LOW,sensor
2026-03-18 23:29:40,24.0,0,15.0,LOW,sensor
2026-03-18 23:29:43,24.0,0,15.0,LOW,sensor
2026-03-18 23:29:46,24.0,0,15.0,LOW,sensor
2026-03-18 23:29:48,24.0,0,15.0,LOW,sensor
2026-03-18 23:29:51,24.0,0,15.0,LOW,sensor
2026-03-18 23:29:51,24.0,0,15.0,LOW,sensor
2026-03-18 23:29:54,24.0,0,15.0,LOW,sensor
2026-03-18 23:29:56,24.0,0,15.0,LOW,sensor
2026-03-18 23:29:59,24.0,0,15.0,LOW,sensor
2026-03-18 23:29:59,24.0,0,15.0,LOW,sensor
2026-03-18 23:30:02,24.0,0,15.0,LOW,sensor
2026-03-18 23:30:04,24.0,0,15.0,LOW,sensor
2026-03-18 23:30:07,24.0,0,15.0,LOW,sensor
2026-03-18 23:30:07,24.0,0,15.0,LOW,sensor
2026-03-18 23:30:09,24.0,0,15.0,LOW,sensor
2026-03-18 23:30:12,24.0,0,15.0,LOW,sensor
2026-03-18 23:30:15,24.0,0,15.0,LOW,sensor
2026-03-18 23:30:15,24.0,0,15.0,LOW,sensor
2026-03-18 23:30:17,24.0,0,15.0,LOW,sensor
2026-03-18 23:30:20,24.0,0,15.0,LOW,sensor
2026-03-18 23:30:23,24.0,0,15.0,LOW,sensor
2026-03-18 23:30:23,24.0,0,15.0,LOW,sensor
2026-03-18 23:30:25,24.0,0,15.0,LOW,sensor
2026-03-18 23:30:28,24.0,0,15.0,LOW,sensor
2026-03-18 23:30:31,24.0,0,15.0,LOW,sensor
2026-03-18 23:30:31,24.0,0,15.0,LOW,sensor
2026-03-18 23:30:33,24.0,0,15.0,LOW,sensor
2026-03-18 23:30:36,24.0,0,15.0,LOW,sensor
2026-03-18 23:30:39,24.0,0,15.0,LOW,sensor
2026-03-18 23:30:39,24.0,0,15.0,LOW,sensor
2026-03-18 23:30:41,24.0,0,15.0,LOW,sensor
2026-03-18 23:30:44,24.0,0,15.0,LOW,sensor
2026-03-18 23:30:47,24.0,0,15.0,LOW,sensor
2026-03-18 23:30:47,24.0,0,15.0,LOW,sensor
2026-03-18 23:30:49,24.0,0,15.0,LOW,sensor
2026-03-18 23:30:52,24.0,0,15.0,LOW,sensor
2026-03-18 23:30:55,24.0,0,15.0,LOW,sensor
2026-03-18 23:30:55,24.0,0,15.0,LOW,sensor
2026-03-18 23:30:57,24.0,0,15.0,LOW,sensor
2026-03-18 23:31:00,24.0,0,15.0,LOW,sensor
2026-03-18 23:31:03,24.0,0,15.0,LOW,sensor
2026-03-18 23:31:03,24.0,0,15.0,LOW,sensor
2026-03-18 23:31:05,24.0,0,15.0,LOW,sensor
2026-03-18 23:31:08,24.0,0,15.0,LOW,sensor
2026-03-18 23:31:11,24.0,0,15.0,LOW,sensor
2026-03-18 23:31:11,24.0,0,15.0,LOW,sensor
2026-03-18 23:31:13,24.0,0,15.0,LOW,sensor
2026-03-18 23:31:16,24.0,0,15.0,LOW,sensor
2026-03-18 23:31:19,24.0,0,15.0,LOW,sensor
2026-03-18 23:31:19,24.0,0,15.0,LOW,sensor
2026-03-18 23:31:21,24.0,0,15.0,LOW,sensor
2026-03-18 23:31:24,24.0,0,15.0,LOW,sensor
2026-03-18 23:31:27,24.0,0,15.0,LOW,sensor
2026-03-18 23:31:27,24.0,0,15.0,LOW,sensor
2026-03-18 23:31:29,24.0,0,15.0,LOW,sensor
2026-03-18 23:31:32,24.0,0,15.0,LOW,sensor
2026-03-18 23:31:35,24.0,0,15.0,LOW,sensor
2026-03-18 23:31:35,24.0,0,15.0,LOW,sensor
2026-03-18 23:31:37,24.0,0,15.0,LOW,sensor
2026-03-18 23:31:40,24.0,0,15.0,LOW,sensor
2026-03-18 23:31:43,24.0,0,15.0,LOW,sensor
2026-03-18 23:31:43,24.0,0,15.0,LOW,sensor
2026-03-18 23:31:45,24.0,0,15.0,LOW,sensor
2026-03-18 23:31:48,24.0,0,15.0,LOW,sensor
2026-03-18 23:31:51,24.0,0,15.0,LOW,sensor
2026-03-18 23:31:51,24.0,0,15.0,LOW,sensor
2026-03-18 23:31:53,24.0,0,15.0,LOW,sensor
2026-03-18 23:31:56,24.0,0,15.0,LOW,sensor
2026-03-18 23:31:59,24.0,0,15.0,LOW,sensor
2026-03-18 23:31:59,24.0,0,15.0,LOW,sensor
2026-03-18 23:32:01,24.0,0,15.0,LOW,sensor
2026-03-18 23:32:04,24.0,0,15.0,LOW,sensor
2026-03-18 23:32:07,24.0,0,15.0,LOW,sensor
2026-03-18 23:32:09,24.0,0,15.0,LOW,sensor
2026-03-18 23:32:09,24.0,0,15.0,LOW,sensor
2026-03-18 23:32:12,24.0,0,15.0,LOW,sensor
2026-03-18 23:32:15,24.0,0,15.0,LOW,sensor
2026-03-18 23:32:17,24.0,0,15.0,LOW,sensor
2026-03-18 23:32:17,24.0,0,15.0,LOW,sensor
2026-03-18 23:32:20,24.0,0,15.0,LOW,sensor
2026-03-18 23:32:23,24.0,0,15.0,LOW,sensor
2026-03-18 23:32:25,24.0,0,15.0,LOW,sensor
2026-03-18 23:32:25,24.0,0,15.0,LOW,sensor
2026-03-18 23:32:28,24.0,0,15.0,LOW,sensor
2026-03-18 23:32:30,24.0,0,15.0,LOW,sensor
2026-03-18 23:32:33,24.0,0,15.0,LOW,sensor
2026-03-18 23:32:33,24.0,0,15.0,LOW,sensor
2026-03-18 23:32:36,24.0,0,15.0,LOW,sensor
2026-03-18 23:32:39,24.0,0,15.0,LOW,sensor
2026-03-18 23:32:41,24.0,0,15.0,LOW,sensor
2026-03-18 23:32:41,24.0,0,15.0,LOW,sensor
2026-03-18 23:32:44,24.0,0,15.0,LOW,sensor
2026-03-18 23:32:46,24.0,0,15.0,LOW,sensor
2026-03-18 23:32:49,24.0,0,15.0,LOW,sensor
2026-03-18 23:32:49,24.0,0,15.0,LOW,sensor
2026-03-18 23:32:52,24.0,0,15.0,LOW,sensor
2026-03-18 23:32:54,24.0,0,15.0,LOW,sensor
2026-03-18 23:32:57,24.0,0,15.0,LOW,sensor
2026-03-18 23:32:57,24.0,0,15.0,LOW,sensor
2026-03-18 23:33:00,24.0,0,15.0,LOW,sensor
2026-03-18 23:33:02,24.0,0,15.0,LOW,sensor
2026-03-18 23:33:05,24.0,0,15.0,LOW,sensor
2026-03-18 23:33:05,24.0,0,15.0,LOW,sensor
2026-03-18 23:33:08,24.0,0,15.0,LOW,sensor
2026-03-18 23:33:10,24.0,0,15.0,LOW,sensor
2026-03-18 23:33:13,24.0,0,15.0,LOW,sensor
2026-03-18 23:33:13,24.0,0,15.0,LOW,sensor
2026-03-18 23:33:16,24.0,0,15.0,LOW,sensor
2026-03-18 23:33:18,24.0,0,15.0,LOW,sensor
2026-03-18 23:33:21,24.0,0,15.0,LOW,sensor
2026-03-18 23:33:21,24.0,0,15.0,LOW,sensor
2026-03-18 23:33:24,24.0,0,15.0,LOW,sensor
2026-03-18 23:33:26,24.0,0,15.0,LOW,sensor
2026-03-18 23:33:29,24.0,0,15.0,LOW,sensor
2026-03-18 23:33:29,24.0,0,15.0,LOW,sensor
2026-03-18 23:33:32,24.0,0,15.0,LOW,sensor
2026-03-18 23:33:34,24.0,0,15.0,LOW,sensor
2026-03-18 23:33:37,24.0,0,15.0,LOW,sensor
2026-03-18 23:33:37,24.0,0,15.0,LOW,sensor
2026-03-18 23:33:40,24.0,0,15.0,LOW,sensor
2026-03-18 23:33:42,24.0,0,15.0,LOW,sensor
2026-03-18 23:33:45,24.0,0,15.0,LOW,sensor
2026-03-18 23:33:45,24.0,0,15.0,LOW,sensor
2026-03-18 23:33:48,24.0,0,15.0,LOW,sensor
2026-03-18 23:33:50,24.0,0,15.0,LOW,sensor
2026-03-18 23:33:53,24.0,0,15.0,LOW,sensor
2026-03-18 23:33:53,24.0,0,15.0,LOW,sensor
2026-03-18 23:33:56,24.0,0,15.0,LOW,sensor
2026-03-18 23:33:58,24.0,0,15.0,LOW,sensor
2026-03-18 23:34:01,24.0,0,15.0,LOW,sensor
2026-03-18 23:34:01,24.0,0,15.0,LOW,sensor
2026-03-18 23:34:04,24.0,0,15.0,LOW,sensor
2026-03-18 23:34:06,24.0,0,15.0,LOW,sensor
2026-03-18 23:34:09,24.0,0,15.0,LOW,sensor
2026-03-18 23:34:12,24.0,0,15.0,LOW,sensor
2026-03-18 23:34:12,24.0,0,15.0,LOW,sensor
2026-03-18 23:34:14,24.0,0,15.0,LOW,sensor
2026-03-18 23:34:17,24.0,0,15.0,LOW,sensor
2026-03-18 23:34:20,24.0,0,15.0,LOW,sensor
2026-03-18 23:34:20,24.0,0,15.0,LOW,sensor
2026-03-18 23:34:22,24.0,0,15.0,LOW,sensor
2026-03-18 23:34:25,24.0,0,15.0,LOW,sensor
2026-03-18 23:34:27,24.0,0,15.0,LOW,sensor
2026-03-18 23:34:28,24.0,0,15.0,LOW,sensor
2026-03-18 23:34:30,24.0,0,15.0,LOW,sensor
2026-03-18 23:34:33,24.0,0,15.0,LOW,sensor
2026-03-18 23:34:36,24.0,0,15.0,LOW,sensor
2026-03-18 23:34:36,24.0,0,15.0,LOW,sensor
2026-03-18 23:34:38,24.0,0,15.0,LOW,sensor
2026-03-18 23:34:41,24.0,0,15.0,LOW,sensor
2026-03-18 23:34:43,24.0,0,15.0,LOW,sensor
2026-03-18 23:34:43,24.0,0,15.0,LOW,sensor
2026-03-18 23:34:46,24.0,0,15.0,LOW,sensor
2026-03-18 23:34:49,24.0,0,15.0,LOW,sensor
2026-03-18 23:34:52,24.0,0,15.0,LOW,sensor
2026-03-18 23:34:52,24.0,0,15.0,LOW,sensor
2026-03-18 23:34:54,24.0,0,15.0,LOW,sensor
2026-03-18 23:34:57,24.0,0,15.0,LOW,sensor
2026-03-18 23:34:59,24.0,0,15.0,LOW,sensor
2026-03-18 23:34:59,24.0,0,15.0,LOW,sensor
2026-03-18 23:35:02,24.0,0,15.0,LOW,sensor
2026-03-18 23:35:05,24.0,0,15.0,LOW,sensor
2026-03-18 23:35:07,24.0,0,15.0,LOW,sensor
2026-03-18 23:35:07,24.0,0,15.0,LOW,sensor
2026-03-18 23:35:10,24.0,0,15.0,LOW,sensor
2026-03-18 23:35:13,24.0,0,15.0,LOW,sensor
2026-03-18 23:35:15,24.0,0,15.0,LOW,sensor
2026-03-18 23:35:16,24.0,0,15.0,LOW,sensor
2026-03-18 23:35:18,24.0,0,15.0,LOW,sensor
2026-03-18 23:35:21,24.0,0,15.0,LOW,sensor
2026-03-18 23:35:23,24.0,0,15.0,LOW,sensor
2026-03-18 23:35:23,24.0,0,15.0,LOW,sensor
2026-03-18 23:35:26,24.0,0,15.0,LOW,sensor
2026-03-18 23:35:29,24.0,0,15.0,LOW,sensor
2026-03-18 23:35:32,24.0,0,15.0,LOW,sensor
2026-03-18 23:35:32,24.0,0,15.0,LOW,sensor
2026-03-18 23:35:34,24.0,0,15.0,LOW,sensor
2026-03-18 23:35:37,24.0,0,15.0,LOW,sensor
2026-03-18 23:35:39,24.0,0,15.0,LOW,sensor
2026-03-18 23:35:40,24.0,0,15.0,LOW,sensor
2026-03-18 23:35:42,24.0,0,15.0,LOW,sensor
2026-03-18 23:35:45,24.0,0,15.0,LOW,sensor
2026-03-18 23:35:48,24.0,0,15.0,LOW,sensor
2026-03-18 23:35:48,24.0,0,15.0,LOW,sensor
2026-03-18 23:35:50,24.0,0,15.0,LOW,sensor
2026-03-18 23:35:53,24.0,0,15.0,LOW,sensor
2026-03-18 23:35:56,24.0,0,15.0,LOW,sensor
2026-03-18 23:35:56,24.0,0,15.0,LOW,sensor
2026-03-18 23:35:58,24.0,0,15.0,LOW,sensor
2026-03-18 23:36:01,24.0,0,15.0,LOW,sensor
2026-03-18 23:36:04,24.0,0,15.0,LOW,sensor
2026-03-18 23:36:04,24.0,0,15.0,LOW,sensor
