timestamp,temperature,light,risk_level
2026-03-10 20:06:04,21.0,0,LOW
2026-03-10 20:06:06,21.0,0,LOW
2026-03-10 20:06:08,21.0,0,LOW
2026-03-10 20:06:10,21.0,0,LOW
2026-03-10 20:06:12,21.0,0,LOW
2026-03-10 20:06:14,22.0,0,LOW
2026-03-10 20:06:16,22.0,0,LOW
2026-03-10 20:06:18,22.0,0,LOW
2026-03-10 20:06:20,22.0,0,LOW
2026-03-10 20:06:21,22.0,223,CRITICAL
2026-03-10 20:06:23,22.0,229,CRITICAL
2026-03-10 20:06:25,22.0,248,CRITICAL
2026-03-10 20:06:27,22.0,0,LOW
2026-03-10 20:06:29,22.0,0,LOW
2026-03-10 20:06:31,22.0,0,LOW
2026-03-10 20:06:33,22.0,0,LOW
2026-03-10 20:06:36,22.0,0,LOW
2026-03-10 20:06:38,22.0,0,LOW
2026-03-10 20:06:40,22.0,0,LOW
2026-03-10 20:06:42,22.0,0,LOW
2026-03-10 20:06:44,22.0,0,LOW
2026-03-10 20:06:48,22.0,0,LOW
2026-03-10 20:06:50,22.0,0,LOW
2026-03-10 20:06:52,22.0,0,LOW
2026-03-10 20:07:43,22.0,0,LOW
2026-03-10 20:07:45,22.0,0,LOW
2026-03-10 20:07:48,22.0,0,LOW
2026-03-10 20:07:50,22.0,0,LOW
2026-03-10 20:07:52,22.0,0,LOW
2026-03-10 20:07:54,22.0,0,LOW
2026-03-10 20:07:56,22.0,0,LOW
2026-03-10 20:07:58,22.0,0,LOW
2026-03-10 20:08:00,22.0,0,LOW
2026-03-10 20:08:02,22.0,0,LOW
2026-03-10 20:08:04,22.0,0,LOW
2026-03-10 20:08:06,22.0,0,LOW
2026-03-10 20:08:08,22.0,0,LOW
2026-03-10 20:08:10,22.0,0,LOW
2026-03-10 20:08:12,22.0,0,LOW
2026-03-10 20:08:14,22.0,0,LOW
2026-03-10 20:08:16,22.0,0,LOW
2026-03-10 20:08:18,22.0,0,LOW
2026-03-10 20:08:20,22.0,0,LOW
2026-03-10 20:25:29,22.0,0,LOW
2026-03-10 20:25:31,22.0,0,LOW
2026-03-10 20:25:33,22.0,0,LOW
2026-03-10 20:25:35,22.0,0,LOW
2026-03-10 20:25:37,22.0,0,LOW
2026-03-10 20:25:39,22.0,0,LOW
2026-03-10 20:25:41,22.0,0,LOW
2026-03-10 20:25:43,22.0,199,HIGH
2026-03-10 20:25:45,22.0,214,HIGH
2026-03-10 20:25:48,22.0,207,HIGH
2026-03-10 20:25:50,22.0,216,HIGH
2026-03-10 20:25:52,22.0,0,LOW
2026-03-10 20:25:54,22.0,0,LOW
2026-03-10 20:25:56,22.0,0,LOW
2026-03-10 20:25:58,22.0,0,LOW
2026-03-10 20:26:00,22.0,0,LOW
2026-03-10 20:26:02,22.0,0,LOW
2026-03-10 20:26:04,22.0,0,LOW
2026-03-10 20:26:06,22.0,119,LOW
2026-03-10 20:26:08,22.0,97,LOW
2026-03-10 20:26:10,22.0,139,MODERATE
2026-03-10 20:26:12,22.0,161,MODERATE
2026-03-10 20:26:14,22.0,154,MODERATE
2026-03-10 20:26:16,22.0,0,LOW
2026-03-10 20:26:18,22.0,0,LOW
2026-03-10 20:26:20,22.0,0,LOW
2026-03-10 20:26:22,22.0,0,LOW
2026-03-10 20:26:24,22.0,0,LOW
2026-03-10 20:26:26,22.0,0,LOW
2026-03-10 20:26:28,22.0,0,LOW
2026-03-10 20:26:30,22.0,0,LOW
2026-03-10 20:26:33,22.0,0,LOW
2026-03-10 20:26:35,22.0,0,LOW
2026-03-10 20:26:37,22.0,0,LOW
2026-03-10 20:26:39,22.0,0,LOW
2026-03-10 20:26:41,22.0,0,LOW
2026-03-10 20:26:43,22.0,0,LOW
2026-03-10 20:26:45,22.0,0,LOW
2026-03-10 20:26:47,22.0,0,LOW
2026-03-10 20:26:49,22.0,0,LOW
2026-03-10 20:26:51,22.0,0,LOW
2026-03-10 20:26:53,22.0,0,LOW
2026-03-10 20:26:54,22.0,0,LOW
2026-03-10 20:26:56,22.0,0,LOW
2026-03-10 20:26:58,22.0,0,LOW
2026-03-10 20:27:00,22.0,0,LOW
2026-03-10 20:27:02,22.0,0,LOW
2026-03-10 20:27:04,22.0,0,LOW
2026-03-10 20:27:06,22.0,0,LOW
2026-03-10 20:27:08,22.0,0,LOW
2026-03-10 20:27:10,22.0,0,LOW
2026-03-10 20:27:12,22.0,0,LOW
2026-03-10 20:27:14,22.0,0,LOW
2026-03-10 20:27:16,22.0,0,LOW
2026-03-10 20:27:19,22.0,0,LOW
2026-03-10 20:27:21,22.0,0,LOW
2026-03-10 20:27:23,22.0,0,LOW
2026-03-10 20:27:25,22.0,0,LOW
2026-03-10 20:27:27,22.0,0,LOW
2026-03-10 20:27:29,22.0,0,LOW
2026-03-10 20:27:31,22.0,0,LOW
2026-03-10 20:27:33,22.0,0,LOW
2026-03-10 20:27:35,22.0,0,LOW
2026-03-10 20:27:37,22.0,0,LOW
2026-03-10 20:27:39,22.0,0,LOW
2026-03-10 20:27:41,22.0,0,LOW
2026-03-10 20:27:43,22.0,0,LOW
2026-03-10 20:27:45,22.0,0,LOW
2026-03-10 20:27:47,22.0,0,LOW
2026-03-10 20:27:49,22.0,0,LOW
2026-03-10 20:27:51,22.0,0,LOW
2026-03-10 20:27:53,22.0,0,LOW
2026-03-10 20:27:55,22.0,0,LOW
2026-03-10 20:27:57,22.0,0,LOW
2026-03-10 20:27:59,22.0,0,LOW
2026-03-10 20:28:01,22.0,0,LOW
2026-03-10 20:28:02,22.0,0,LOW
2026-03-10 20:28:05,22.0,0,LOW
2026-03-10 20:28:07,22.0,0,LOW
2026-03-10 20:28:09,22.0,0,LOW
2026-03-10 20:28:11,22.0,0,LOW
2026-03-10 20:28:13,22.0,0,LOW
2026-03-10 20:28:15,22.0,0,LOW
2026-03-10 20:28:17,22.0,0,LOW
2026-03-10 20:28:19,22.0,0,LOW
2026-03-10 20:28:21,22.0,0,LOW
2026-03-10 20:28:23,22.0,0,LOW
2026-03-10 20:28:25,22.0,0,LOW
2026-03-10 20:28:27,22.0,0,LOW
2026-03-10 20:28:29,22.0,0,LOW
2026-03-10 20:28:31,22.0,0,LOW
2026-03-10 20:28:33,22.0,0,LOW
2026-03-10 20:28:35,22.0,0,LOW
2026-03-10 20:28:37,22.0,0,LOW
2026-03-10 20:28:39,22.0,0,LOW
2026-03-10 20:28:41,22.0,0,LOW
2026-03-10 20:28:43,22.0,0,LOW
2026-03-10 20:28:45,22.0,0,LOW
2026-03-10 20:28:47,22.0,0,LOW
2026-03-10 20:28:49,22.0,0,LOW
2026-03-10 20:28:51,22.0,0,LOW
2026-03-10 20:28:53,22.0,0,LOW
2026-03-10 20:28:55,22.0,0,LOW
2026-03-10 20:28:57,22.0,0,LOW
2026-03-10 20:28:59,22.0,0,LOW
2026-03-10 20:29:01,22.0,0,LOW
2026-03-10 20:29:03,22.0,0,LOW
2026-03-10 20:29:05,22.0,0,LOW
2026-03-10 20:29:07,22.0,0,LOW
2026-03-10 20:29:09,22.0,0,LOW
2026-03-10 20:29:11,22.0,0,LOW
2026-03-10 20:29:13,22.0,0,LOW
2026-03-10 20:29:15,22.0,0,LOW
2026-03-10 20:29:17,22.0,0,LOW
2026-03-10 20:29:19,22.0,0,LOW
2026-03-10 20:29:21,22.0,0,LOW
2026-03-10 20:29:23,22.0,0,LOW
2026-03-10 20:29:25,22.0,0,LOW
2026-03-10 20:29:27,22.0,0,LOW
2026-03-10 20:29:29,22.0,0,LOW
2026-03-10 20:29:31,22.0,0,LOW
2026-03-10 20:29:33,22.0,0,LOW
2026-03-10 20:29:35,22.0,0,LOW
2026-03-10 20:29:37,22.0,0,LOW
2026-03-10 20:29:39,22.0,0,LOW
2026-03-10 20:29:41,22.0,0,LOW
2026-03-10 20:29:43,22.0,0,LOW
2026-03-10 20:29:45,22.0,0,LOW
2026-03-10 20:29:47,22.0,0,LOW
2026-03-10 20:29:49,22.0,0,LOW
2026-03-10 20:29:51,22.0,0,LOW
2026-03-10 20:29:53,22.0,0,LOW
2026-03-10 20:29:55,22.0,0,LOW
2026-03-10 20:29:57,22.0,0,LOW
2026-03-10 20:29:59,22.0,0,LOW
2026-03-10 20:30:01,22.0,0,LOW
2026-03-10 20:30:03,22.0,0,LOW
2026-03-10 20:30:05,22.0,0,LOW
2026-03-10 20:30:07,22.0,0,LOW
2026-03-10 20:30:09,22.0,0,LOW
2026-03-10 20:30:11,22.0,0,LOW
2026-03-10 20:30:13,22.0,0,LOW
2026-03-10 20:30:15,22.0,0,LOW
2026-03-10 20:30:17,22.0,0,LOW
2026-03-10 20:30:19,22.0,0,LOW
2026-03-10 20:30:21,22.0,0,LOW
2026-03-10 20:30:23,22.0,0,LOW
2026-03-10 20:30:25,22.0,0,LOW
2026-03-10 20:30:27,22.0,0,LOW
2026-03-10 20:30:29,22.0,0,LOW
2026-03-10 20:30:31,22.0,0,LOW
2026-03-10 20:30:33,22.0,0,LOW
2026-03-10 20:30:35,22.0,0,LOW
2026-03-10 20:30:37,22.0,0,LOW
2026-03-10 20:30:39,22.0,0,LOW
2026-03-10 20:30:41,22.0,0,LOW
2026-03-10 20:30:43,22.0,0,LOW
2026-03-10 20:30:45,22.0,0,LOW
2026-03-10 20:30:47,22.0,0,LOW
2026-03-10 20:30:49,22.0,0,LOW
2026-03-10 20:30:51,22.0,0,LOW
2026-03-10 20:30:53,22.0,0,LOW
2026-03-10 20:30:55,22.0,0,LOW
2026-03-10 20:30:57,22.0,0,LOW
2026-03-10 20:30:59,22.0,0,LOW
2026-03-10 20:31:01,22.0,0,LOW
2026-03-10 20:31:03,22.0,0,LOW
2026-03-10 20:31:05,22.0,0,LOW
2026-03-10 20:31:07,22.0,0,LOW
2026-03-10 20:31:09,22.0,0,LOW
2026-03-10 20:31:11,22.0,0,LOW
2026-03-10 20:31:13,22.0,0,LOW
2026-03-10 20:31:15,22.0,0,LOW
2026-03-10 20:31:17,22.0,0,LOW
2026-03-10 20:31:19,22.0,0,LOW
2026-03-10 20:31:21,22.0,0,LOW
2026-03-10 20:31:23,22.0,0,LOW
2026-03-10 20:31:25,22.0,0,LOW
2026-03-10 20:31:28,22.0,0,LOW
2026-03-10 20:31:29,22.0,0,LOW
2026-03-10 20:31:31,22.0,0,LOW
2026-03-10 20:31:33,22.0,0,LOW
2026-03-10 20:31:35,23.0,0,LOW
2026-03-10 20:31:37,22.0,0,LOW
2026-03-10 20:31:39,22.0,0,LOW
2026-03-10 20:31:41,22.0,0,LOW
2026-03-10 20:31:43,23.0,0,LOW
2026-03-10 20:31:45,22.0,0,LOW
2026-03-10 20:31:47,22.0,0,LOW
2026-03-10 20:31:49,22.0,0,LOW
2026-03-10 20:31:51,22.0,0,LOW
2026-03-10 20:31:54,22.0,0,LOW
2026-03-10 20:31:56,22.0,0,LOW
2026-03-10 20:31:58,22.0,0,LOW
2026-03-10 20:32:00,22.0,0,LOW
2026-03-10 20:32:02,23.0,0,LOW
2026-03-10 20:32:04,22.0,0,LOW
2026-03-10 20:32:05,22.0,0,LOW
2026-03-10 20:32:07,22.0,0,LOW
2026-03-10 20:32:09,22.0,0,LOW
2026-03-10 20:32:11,22.0,0,LOW
2026-03-10 20:32:13,22.0,0,LOW
2026-03-10 20:32:15,22.0,0,LOW
2026-03-10 20:32:17,22.0,0,LOW
2026-03-10 20:32:19,22.0,0,LOW
2026-03-10 20:32:21,22.0,0,LOW
2026-03-10 20:32:23,22.0,0,LOW
2026-03-10 20:32:25,23.0,0,LOW
2026-03-10 20:32:28,22.0,0,LOW
2026-03-10 20:32:30,23.0,0,LOW
2026-03-10 22:14:28,23.0,0,LOW
2026-03-10 22:14:30,23.0,0,LOW
2026-03-10 22:14:32,23.0,0,LOW
2026-03-10 22:14:34,23.0,0,LOW
2026-03-10 22:14:36,22.0,0,LOW
2026-03-10 22:14:38,23.0,0,LOW
2026-03-10 22:14:40,23.0,0,LOW
2026-03-10 22:14:42,22.0,0,LOW
2026-03-10 22:14:44,22.0,0,LOW
2026-03-10 22:14:46,23.0,0,LOW
2026-03-10 22:14:48,22.0,0,LOW
2026-03-10 22:14:50,23.0,0,LOW
2026-03-10 22:14:52,22.0,0,LOW
2026-03-10 22:14:54,23.0,0,LOW
2026-03-10 22:14:56,23.0,0,LOW
2026-03-10 22:14:58,23.0,0,LOW
2026-03-10 22:15:00,22.0,0,LOW
2026-03-10 22:15:02,23.0,0,LOW
2026-03-10 22:15:04,23.0,0,LOW
2026-03-10 22:15:06,22.0,0,LOW
2026-03-10 22:15:08,23.0,0,LOW
2026-03-10 22:15:11,23.0,0,LOW
2026-03-10 22:15:13,22.0,0,LOW
2026-03-10 22:15:14,22.0,0,LOW
2026-03-10 22:15:16,22.0,0,LOW
2026-03-10 22:15:18,23.0,0,LOW
2026-03-10 22:15:20,23.0,0,LOW
2026-03-10 22:15:22,22.0,0,LOW
2026-03-10 22:15:24,23.0,0,LOW
2026-03-10 22:15:26,22.0,0,LOW
2026-03-10 22:15:28,22.0,0,LOW
2026-03-10 22:15:30,22.0,0,LOW
2026-03-10 22:15:32,23.0,0,LOW
2026-03-10 22:15:35,23.0,0,LOW
2026-03-10 22:15:37,23.0,0,LOW
2026-03-10 22:15:39,23.0,0,LOW
2026-03-10 22:15:41,23.0,0,LOW
2026-03-10 22:15:43,22.0,0,LOW
2026-03-10 22:15:44,23.0,0,LOW
2026-03-10 22:15:46,22.0,0,LOW
2026-03-10 22:15:48,23.0,0,LOW
2026-03-10 22:15:50,23.0,0,LOW
2026-03-10 22:15:52,23.0,0,LOW
2026-03-10 22:15:54,23.0,0,LOW
2026-03-10 22:15:56,23.0,0,LOW
2026-03-10 22:15:58,23.0,0,LOW
2026-03-10 22:16:00,23.0,0,LOW
2026-03-10 22:16:02,23.0,0,LOW
2026-03-10 22:16:05,22.0,0,LOW
2026-03-10 22:16:07,23.0,0,LOW
2026-03-10 22:16:09,23.0,0,LOW
2026-03-10 22:16:11,22.0,0,LOW
2026-03-10 22:16:13,23.0,0,LOW
2026-03-10 22:16:15,23.0,0,LOW
2026-03-10 22:16:17,23.0,0,LOW
2026-03-10 22:16:18,22.0,0,LOW
2026-03-10 22:16:20,22.0,0,LOW
2026-03-10 22:16:22,23.0,0,LOW
2026-03-10 22:16:24,23.0,0,LOW
2026-03-10 22:16:26,22.0,0,LOW
2026-03-10 22:16:28,22.0,0,LOW
2026-03-10 22:16:30,22.0,0,LOW
2026-03-10 22:16:33,23.0,0,LOW
2026-03-10 22:16:35,22.0,0,LOW
2026-03-10 22:16:37,22.0,0,LOW
2026-03-10 22:16:39,22.0,0,LOW
2026-03-10 22:16:41,23.0,0,LOW
2026-03-10 22:16:43,23.0,0,LOW
2026-03-10 22:16:45,22.0,0,LOW
2026-03-10 22:16:47,22.0,0,LOW
2026-03-10 22:16:48,22.0,0,LOW
2026-03-10 22:16:50,23.0,0,LOW
2026-03-10 22:16:52,23.0,0,LOW
2026-03-10 22:16:54,22.0,0,LOW
2026-03-10 22:16:56,22.0,0,LOW
2026-03-10 22:16:59,22.0,0,LOW
2026-03-10 22:17:01,22.0,0,LOW
2026-03-10 22:17:03,23.0,0,LOW
2026-03-10 22:17:05,23.0,0,LOW
2026-03-10 22:17:07,22.0,0,LOW
2026-03-10 22:17:09,22.0,0,LOW
2026-03-10 22:17:11,22.0,0,LOW
2026-03-10 22:17:13,23.0,0,LOW
2026-03-10 22:17:15,22.0,0,LOW
2026-03-10 22:17:17,23.0,0,LOW
2026-03-10 22:17:19,23.0,0,LOW
2026-03-10 22:17:21,22.0,0,LOW
2026-03-10 22:17:23,23.0,0,LOW
2026-03-10 22:17:24,22.0,0,LOW
2026-03-10 22:17:27,22.0,0,LOW
2026-03-10 22:17:29,22.0,0,LOW
2026-03-10 22:17:31,22.0,0,LOW
2026-03-10 22:17:33,22.0,0,LOW
2026-03-10 22:17:35,23.0,0,LOW
2026-03-10 22:17:37,22.0,0,LOW
2026-03-10 22:17:39,22.0,0,LOW
2026-03-10 22:17:41,23.0,0,LOW
2026-03-10 22:17:43,22.0,0,LOW
2026-03-10 22:17:45,22.0,0,LOW
2026-03-10 22:17:47,22.0,0,LOW
2026-03-10 22:17:49,22.0,0,LOW
2026-03-10 22:17:51,22.0,0,LOW
2026-03-10 22:17:53,22.0,0,LOW
2026-03-10 22:17:55,22.0,0,LOW
2026-03-10 22:17:57,22.0,0,LOW
2026-03-10 22:17:59,22.0,0,LOW
2026-03-10 22:18:01,22.0,0,LOW
2026-03-10 22:18:03,22.0,0,LOW
2026-03-10 22:18:05,22.0,0,LOW
2026-03-10 22:18:07,23.0,0,LOW
2026-03-10 22:18:09,23.0,0,LOW
2026-03-10 22:18:11,23.0,0,LOW
2026-03-10 22:18:13,22.0,0,LOW
2026-03-10 22:18:15,23.0,0,LOW
2026-03-10 22:18:17,22.0,0,LOW
2026-03-10 22:18:19,23.0,0,LOW
2026-03-10 22:18:21,23.0,0,LOW
2026-03-10 22:18:23,23.0,0,LOW
2026-03-10 22:18:25,23.0,0,LOW
2026-03-10 22:18:27,22.0,0,LOW
2026-03-10 22:18:29,23.0,0,LOW
2026-03-10 22:18:31,22.0,0,LOW
2026-03-10 22:18:33,23.0,0,LOW
2026-03-10 22:18:35,23.0,0,LOW
2026-03-10 22:18:37,23.0,0,LOW
2026-03-10 22:18:39,23.0,0,LOW
2026-03-10 22:18:41,23.0,0,LOW
2026-03-10 22:18:43,22.0,0,LOW
2026-03-10 22:18:45,22.0,0,LOW
2026-03-10 22:18:47,22.0,0,LOW
2026-03-10 22:18:49,22.0,0,LOW
2026-03-10 22:18:51,23.0,0,LOW
2026-03-10 22:18:53,22.0,0,LOW
2026-03-10 22:18:55,22.0,0,LOW
2026-03-10 22:18:57,22.0,0,LOW
2026-03-10 22:18:59,22.0,0,LOW
2026-03-10 22:19:01,23.0,0,LOW
2026-03-10 22:19:03,23.0,0,LOW
2026-03-10 22:19:05,23.0,0,LOW
2026-03-10 22:19:07,22.0,0,LOW
2026-03-10 22:19:09,22.0,0,LOW
2026-03-10 22:19:11,23.0,0,LOW
2026-03-10 22:19:13,23.0,0,LOW
2026-03-10 22:19:15,23.0,0,LOW
2026-03-10 22:19:17,23.0,0,LOW
2026-03-10 22:19:19,23.0,0,LOW
2026-03-10 22:19:21,23.0,0,LOW
2026-03-10 22:19:23,23.0,0,LOW
2026-03-10 22:19:25,23.0,0,LOW
2026-03-10 22:19:27,22.0,0,LOW
2026-03-10 22:19:29,22.0,0,LOW
2026-03-10 22:19:31,23.0,0,LOW
2026-03-10 22:19:33,23.0,0,LOW
2026-03-10 22:19:35,22.0,0,LOW
2026-03-10 22:19:37,23.0,0,LOW
2026-03-10 22:19:39,23.0,0,LOW
2026-03-10 22:19:41,23.0,0,LOW
2026-03-10 22:19:43,23.0,0,LOW
2026-03-10 22:19:45,23.0,0,LOW
2026-03-10 22:19:47,23.0,0,LOW
2026-03-10 22:19:49,23.0,0,LOW
2026-03-10 22:19:51,22.0,0,LOW
2026-03-10 22:19:53,22.0,0,LOW
2026-03-10 22:19:55,23.0,0,LOW
2026-03-10 22:19:57,23.0,0,LOW
2026-03-10 22:19:59,22.0,0,LOW
2026-03-10 22:20:01,22.0,0,LOW
2026-03-10 22:20:03,22.0,0,LOW
2026-03-10 22:20:05,22.0,0,LOW
2026-03-10 22:20:07,22.0,0,LOW
2026-03-10 22:20:09,22.0,0,LOW
2026-03-10 22:20:11,22.0,0,LOW
2026-03-10 22:20:13,22.0,0,LOW
2026-03-10 22:20:15,23.0,0,LOW
2026-03-10 22:20:17,22.0,0,LOW
2026-03-10 22:20:19,22.0,0,LOW
2026-03-10 22:20:21,22.0,0,LOW
2026-03-10 22:20:23,23.0,0,LOW
2026-03-10 22:20:25,23.0,0,LOW
2026-03-10 22:20:27,23.0,0,LOW
2026-03-10 22:20:29,23.0,0,LOW
2026-03-10 22:20:31,23.0,0,LOW
2026-03-10 22:20:33,23.0,0,LOW
2026-03-10 22:20:35,22.0,0,LOW
2026-03-10 22:20:37,22.0,0,LOW
2026-03-10 22:20:39,22.0,0,LOW
2026-03-10 22:20:41,22.0,0,LOW
2026-03-10 22:20:43,23.0,0,LOW
2026-03-10 22:20:45,22.0,0,LOW
2026-03-10 22:20:47,23.0,0,LOW
2026-03-10 22:20:49,22.0,0,LOW
2026-03-10 22:20:51,22.0,0,LOW
2026-03-10 22:20:53,22.0,0,LOW
2026-03-10 22:20:55,23.0,0,LOW
2026-03-10 22:20:58,23.0,0,LOW
2026-03-10 22:21:00,22.0,0,LOW
2026-03-10 22:21:01,22.0,0,LOW
2026-03-10 22:21:03,23.0,0,LOW
2026-03-10 22:21:05,23.0,0,LOW
2026-03-10 22:21:07,22.0,0,LOW
2026-03-10 22:21:09,23.0,0,LOW
2026-03-10 22:21:11,23.0,0,LOW
2026-03-10 22:21:13,22.0,0,LOW
2026-03-10 22:21:15,22.0,0,LOW
2026-03-10 22:21:17,22.0,0,LOW
2026-03-10 22:21:19,22.0,0,LOW
2026-03-10 22:21:21,23.0,0,LOW
2026-03-10 22:21:23,23.0,0,LOW
2026-03-10 22:21:25,22.0,0,LOW
2026-03-10 22:21:28,22.0,0,LOW
2026-03-10 22:21:30,22.0,0,LOW
2026-03-10 22:21:32,23.0,0,LOW
2026-03-10 22:21:34,22.0,0,LOW
2026-03-10 22:21:36,23.0,0,LOW
2026-03-10 22:21:37,22.0,0,LOW
2026-03-10 22:21:39,23.0,0,LOW
2026-03-10 22:21:41,22.0,0,LOW
2026-03-10 22:21:43,22.0,0,LOW
2026-03-10 22:21:45,23.0,0,LOW
2026-03-10 22:21:47,23.0,0,LOW
2026-03-10 22:21:49,23.0,0,LOW
2026-03-10 22:21:52,23.0,0,LOW
2026-03-10 22:21:54,23.0,0,LOW
2026-03-10 22:21:56,23.0,0,LOW
2026-03-10 22:21:58,22.0,0,LOW
2026-03-10 22:22:00,23.0,0,LOW
2026-03-10 22:22:02,22.0,0,LOW
2026-03-10 22:22:04,23.0,0,LOW
2026-03-10 22:22:06,23.0,0,LOW
2026-03-10 22:22:07,23.0,0,LOW
2026-03-10 22:22:09,23.0,0,LOW
2026-03-10 22:22:11,22.0,0,LOW
2026-03-10 22:22:13,22.0,0,LOW
2026-03-10 22:22:15,23.0,0,LOW
2026-03-10 22:22:17,23.0,0,LOW
2026-03-10 22:22:19,22.0,0,LOW
2026-03-10 22:22:22,22.0,0,LOW
2026-03-10 22:22:24,23.0,0,LOW
2026-03-10 22:22:26,23.0,0,LOW
2026-03-10 22:22:28,23.0,0,LOW
2026-03-10 22:22:30,23.0,0,LOW
2026-03-10 22:22:32,23.0,0,LOW
2026-03-10 22:22:34,23.0,0,LOW
2026-03-10 22:22:36,22.0,0,LOW
2026-03-10 22:22:38,22.0,0,LOW
2026-03-10 22:22:40,22.0,0,LOW
2026-03-10 22:22:42,22.0,0,LOW
2026-03-10 22:22:44,22.0,0,LOW
2026-03-10 22:22:46,23.0,0,LOW
2026-03-10 22:22:47,22.0,0,LOW
2026-03-10 22:22:49,22.0,0,LOW
2026-03-10 22:22:52,22.0,0,LOW
2026-03-10 22:22:54,22.0,0,LOW
2026-03-10 22:22:56,23.0,0,LOW
2026-03-10 22:22:58,22.0,0,LOW
2026-03-10 22:23:00,22.0,0,LOW
2026-03-10 22:23:02,22.0,0,LOW
2026-03-10 22:23:04,22.0,0,LOW
2026-03-10 22:23:06,22.0,0,LOW
2026-03-10 22:23:08,22.0,0,LOW
2026-03-10 22:23:10,22.0,0,LOW
2026-03-10 22:23:12,22.0,0,LOW
2026-03-10 22:23:14,22.0,0,LOW
2026-03-10 22:23:16,22.0,0,LOW
2026-03-10 22:23:18,22.0,0,LOW
2026-03-10 22:23:20,22.0,0,LOW
2026-03-10 22:23:22,23.0,0,LOW
2026-03-10 22:23:24,22.0,0,LOW
2026-03-10 22:23:26,22.0,0,LOW
2026-03-10 22:23:28,22.0,0,LOW
2026-03-10 22:23:30,23.0,0,LOW
2026-03-10 22:23:32,22.0,0,LOW
2026-03-10 22:23:34,22.0,0,LOW
2026-03-10 22:23:36,22.0,0,LOW
2026-03-10 22:23:38,22.0,0,LOW
2026-03-10 22:23:40,22.0,0,LOW
2026-03-10 22:23:42,22.0,0,LOW
2026-03-10 22:23:44,23.0,0,LOW
2026-03-10 22:23:46,22.0,0,LOW
2026-03-10 22:23:48,23.0,0,LOW
2026-03-10 22:23:50,22.0,0,LOW
2026-03-10 22:23:52,22.0,0,LOW
2026-03-10 22:23:54,22.0,0,LOW
2026-03-10 22:23:56,22.0,0,LOW
2026-03-10 22:23:58,22.0,0,LOW
2026-03-10 22:24:00,23.0,0,LOW
2026-03-10 22:24:02,22.0,0,LOW
2026-03-10 22:24:04,23.0,0,LOW
2026-03-10 22:24:06,22.0,0,LOW
2026-03-10 22:24:08,22.0,0,LOW
2026-03-10 22:24:10,22.0,0,LOW
2026-03-10 22:24:12,23.0,0,LOW
2026-03-10 22:24:14,23.0,0,LOW
2026-03-10 22:24:16,22.0,0,LOW
2026-03-10 22:24:18,22.0,0,LOW
2026-03-10 22:24:20,22.0,0,LOW
2026-03-10 22:24:22,23.0,0,LOW
2026-03-10 22:24:24,22.0,0,LOW
2026-03-10 22:24:26,23.0,0,LOW
2026-03-10 22:24:28,23.0,0,LOW
2026-03-10 22:24:30,22.0,0,LOW
2026-03-10 22:24:32,22.0,0,LOW
2026-03-10 22:24:34,22.0,0,LOW
2026-03-10 22:24:36,22.0,0,LOW
2026-03-10 22:24:38,22.0,0,LOW
2026-03-10 22:24:40,22.0,0,LOW
2026-03-10 22:24:42,23.0,0,LOW
2026-03-10 22:24:44,23.0,0,LOW
2026-03-10 22:24:46,22.0,0,LOW
2026-03-10 22:24:48,23.0,0,LOW
2026-03-10 22:24:50,23.0,0,LOW
2026-03-10 22:24:52,23.0,0,LOW
2026-03-10 22:24:54,23.0,0,LOW
2026-03-10 22:24:56,23.0,0,LOW
2026-03-10 22:24:58,22.0,0,LOW
2026-03-10 22:25:00,22.0,0,LOW
2026-03-10 22:25:02,23.0,0,LOW
2026-03-10 22:25:04,23.0,0,LOW
2026-03-10 22:25:06,23.0,0,LOW
2026-03-10 22:25:08,22.0,0,LOW
2026-03-10 22:25:10,22.0,0,LOW
2026-03-10 22:25:12,22.0,0,LOW
2026-03-10 22:25:14,22.0,0,LOW
2026-03-10 22:25:16,23.0,0,LOW
2026-03-10 22:25:18,22.0,0,LOW
2026-03-10 22:25:20,22.0,0,LOW
2026-03-10 22:25:22,22.0,0,LOW
2026-03-10 22:25:24,22.0,0,LOW
2026-03-10 22:25:26,22.0,0,LOW
2026-03-10 22:25:28,22.0,0,LOW
2026-03-10 22:25:30,23.0,0,LOW
2026-03-10 22:25:32,23.0,0,LOW
2026-03-10 22:25:34,22.0,0,LOW
2026-03-10 22:25:36,23.0,0,LOW
2026-03-10 22:25:38,22.0,0,LOW
2026-03-10 22:25:40,23.0,0,LOW
2026-03-10 22:25:42,22.0,0,LOW
2026-03-10 22:25:44,22.0,0,LOW
2026-03-10 22:25:46,22.0,0,LOW
2026-03-10 22:25:48,22.0,0,LOW
2026-03-10 22:25:50,23.0,0,LOW
2026-03-10 22:25:52,23.0,0,LOW
2026-03-10 22:25:54,23.0,0,LOW
2026-03-10 22:25:56,22.0,0,LOW
2026-03-10 22:25:58,23.0,0,LOW
2026-03-10 22:26:00,22.0,0,LOW
2026-03-10 22:26:02,22.0,0,LOW
2026-03-10 22:26:04,23.0,0,LOW
2026-03-10 22:26:06,22.0,0,LOW
2026-03-10 22:26:08,22.0,0,LOW
2026-03-10 22:26:10,22.0,0,LOW
2026-03-10 22:26:12,22.0,0,LOW
2026-03-10 22:26:14,22.0,0,LOW
2026-03-10 22:26:16,22.0,0,LOW
2026-03-10 22:26:18,22.0,0,LOW
2026-03-10 22:26:20,22.0,0,LOW
2026-03-10 22:26:22,22.0,0,LOW
2026-03-10 22:26:24,22.0,0,LOW
2026-03-10 22:26:27,22.0,0,LOW
2026-03-10 22:26:29,22.0,0,LOW
2026-03-10 22:26:31,22.0,0,LOW
2026-03-10 22:26:33,22.0,0,LOW
2026-03-10 22:26:35,22.0,0,LOW
2026-03-10 22:26:36,22.0,0,LOW
2026-03-10 22:26:38,22.0,0,LOW
2026-03-10 22:26:40,22.0,0,LOW
2026-03-10 22:26:42,22.0,0,LOW
2026-03-10 22:26:44,22.0,0,LOW
2026-03-10 22:26:46,23.0,0,LOW
2026-03-10 22:26:48,22.0,0,LOW
2026-03-10 22:26:50,22.0,0,LOW
2026-03-10 22:26:52,22.0,0,LOW
2026-03-10 22:26:54,22.0,0,LOW
2026-03-10 22:26:57,22.0,0,LOW
2026-03-10 22:26:59,22.0,0,LOW
2026-03-10 22:27:01,22.0,0,LOW
2026-03-10 22:27:03,22.0,0,LOW
2026-03-10 22:27:05,22.0,0,LOW
2026-03-10 22:27:07,22.0,0,LOW
2026-03-10 22:27:09,23.0,0,LOW
2026-03-10 22:27:10,23.0,0,LOW
2026-03-10 22:27:12,22.0,0,LOW
2026-03-10 22:27:14,22.0,0,LOW
2026-03-10 22:27:16,22.0,0,LOW
2026-03-10 22:27:18,23.0,0,LOW
2026-03-10 22:27:20,22.0,0,LOW
2026-03-10 22:27:22,22.0,0,LOW
2026-03-10 22:27:25,22.0,0,LOW
2026-03-10 22:27:27,23.0,0,LOW
2026-03-10 22:27:29,22.0,0,LOW
2026-03-10 22:27:31,22.0,0,LOW
2026-03-10 22:27:33,22.0,0,LOW
2026-03-10 22:27:35,22.0,0,LOW
2026-03-10 22:27:37,22.0,0,LOW
2026-03-10 22:27:39,22.0,0,LOW
2026-03-10 22:27:41,23.0,0,LOW
2026-03-10 22:27:42,22.0,0,LOW
2026-03-10 22:27:44,23.0,0,LOW
2026-03-10 22:27:46,22.0,0,LOW
2026-03-10 22:27:48,22.0,0,LOW
2026-03-10 22:27:50,22.0,0,LOW
2026-03-10 22:27:53,22.0,0,LOW
2026-03-10 22:27:55,23.0,0,LOW
2026-03-10 22:27:57,22.0,0,LOW
2026-03-10 22:27:59,22.0,0,LOW
2026-03-10 22:28:01,22.0,0,LOW
2026-03-10 22:28:03,22.0,0,LOW
2026-03-10 22:28:05,22.0,0,LOW
2026-03-10 22:28:07,22.0,0,LOW
2026-03-10 22:28:09,22.0,0,LOW
2026-03-10 22:28:11,22.0,0,LOW
2026-03-10 22:28:13,22.0,0,LOW
2026-03-10 22:28:14,22.0,0,LOW
2026-03-10 22:28:16,23.0,0,LOW
2026-03-10 22:28:19,23.0,0,LOW
2026-03-10 22:28:21,22.0,0,LOW
2026-03-10 22:28:23,22.0,0,LOW
2026-03-10 22:28:25,22.0,0,LOW
2026-03-10 22:28:27,22.0,0,LOW
2026-03-10 22:28:29,22.0,0,LOW
2026-03-10 22:28:31,22.0,0,LOW
2026-03-10 22:28:33,22.0,0,LOW
2026-03-10 22:28:35,22.0,0,LOW
2026-03-10 22:28:37,22.0,0,LOW
2026-03-10 22:28:39,22.0,0,LOW
2026-03-10 22:28:41,22.0,0,LOW
2026-03-10 22:28:43,22.0,0,LOW
2026-03-10 22:28:45,22.0,0,LOW
2026-03-10 22:28:47,22.0,0,LOW
2026-03-10 22:28:49,22.0,0,LOW
2026-03-10 22:28:51,23.0,0,LOW
2026-03-10 22:28:53,22.0,0,LOW
2026-03-10 22:28:55,22.0,0,LOW
2026-03-10 22:28:57,22.0,0,LOW
2026-03-10 22:28:59,22.0,0,LOW
2026-03-10 22:29:01,22.0,0,LOW
2026-03-10 22:29:03,22.0,0,LOW
2026-03-10 22:29:05,22.0,0,LOW
2026-03-10 22:29:07,22.0,0,LOW
2026-03-10 22:29:09,22.0,0,LOW
2026-03-10 22:29:11,22.0,0,LOW
2026-03-10 22:29:13,22.0,0,LOW
2026-03-10 22:29:15,22.0,0,LOW
2026-03-10 22:29:17,22.0,0,LOW
2026-03-10 22:29:19,22.0,0,LOW
2026-03-10 22:29:21,22.0,0,LOW
2026-03-10 22:29:23,22.0,0,LOW
2026-03-10 22:29:25,22.0,0,LOW
2026-03-10 22:29:27,22.0,0,LOW
2026-03-10 22:29:29,22.0,0,LOW
2026-03-10 22:29:31,22.0,0,LOW
2026-03-10 22:29:33,22.0,0,LOW
2026-03-10 22:29:35,22.0,0,LOW
2026-03-10 22:29:37,22.0,0,LOW
2026-03-10 22:29:39,22.0,0,LOW
2026-03-10 22:29:41,22.0,0,LOW
2026-03-10 22:29:43,22.0,0,LOW
2026-03-10 22:29:45,22.0,0,LOW
2026-03-10 22:29:47,22.0,0,LOW
2026-03-10 22:29:49,22.0,0,LOW
2026-03-10 22:29:51,22.0,0,LOW
2026-03-10 22:29:53,23.0,0,LOW
2026-03-10 22:29:55,22.0,0,LOW
2026-03-10 22:29:57,22.0,0,LOW
2026-03-10 22:29:59,22.0,0,LOW
2026-03-10 22:30:01,22.0,0,LOW
2026-03-10 22:30:03,22.0,0,LOW
2026-03-10 22:30:05,23.0,0,LOW
2026-03-10 22:30:07,22.0,0,LOW
2026-03-10 22:30:09,22.0,0,LOW
2026-03-10 22:30:11,23.0,0,LOW
2026-03-10 22:30:13,23.0,0,LOW
2026-03-10 22:30:15,23.0,0,LOW
2026-03-10 22:30:17,23.0,0,LOW
2026-03-10 22:30:19,23.0,0,LOW
2026-03-10 22:30:21,23.0,0,LOW
2026-03-10 22:30:23,23.0,0,LOW
2026-03-10 22:30:25,23.0,0,LOW
2026-03-10 22:30:27,23.0,0,LOW
2026-03-10 22:30:29,22.0,0,LOW
2026-03-10 22:30:31,22.0,0,LOW
2026-03-10 22:30:33,23.0,0,LOW
2026-03-10 22:30:35,23.0,0,LOW
2026-03-10 22:30:37,23.0,0,LOW
2026-03-10 22:30:39,23.0,0,LOW
2026-03-10 22:30:41,22.0,0,LOW
2026-03-10 22:30:43,22.0,0,LOW
2026-03-10 22:30:45,23.0,0,LOW
2026-03-10 22:30:47,23.0,0,LOW
2026-03-10 22:30:49,23.0,0,LOW
2026-03-10 22:30:51,23.0,0,LOW
2026-03-10 22:30:53,23.0,0,LOW
2026-03-10 22:30:55,23.0,0,LOW
2026-03-10 22:30:57,22.0,0,LOW
2026-03-10 22:30:59,22.0,0,LOW
2026-03-10 22:31:01,23.0,0,LOW
2026-03-10 22:31:03,23.0,0,LOW
2026-03-10 22:31:05,23.0,0,LOW
2026-03-10 22:31:07,22.0,0,LOW
2026-03-10 22:31:09,22.0,0,LOW
2026-03-10 22:31:11,22.0,0,LOW
2026-03-10 22:31:13,22.0,0,LOW
2026-03-10 22:31:15,22.0,0,LOW
2026-03-10 22:31:17,22.0,0,LOW
2026-03-10 22:31:19,22.0,0,LOW
2026-03-10 22:31:21,22.0,0,LOW
2026-03-10 22:31:23,22.0,0,LOW
2026-03-10 22:31:25,22.0,0,LOW
2026-03-10 22:31:27,22.0,0,LOW
2026-03-10 22:31:29,22.0,0,LOW
2026-03-10 22:31:31,22.0,0,LOW
2026-03-10 22:31:33,22.0,0,LOW
2026-03-10 22:31:35,22.0,0,LOW
2026-03-10 22:31:37,22.0,0,LOW
2026-03-10 22:31:39,22.0,0,LOW
2026-03-10 22:31:41,22.0,0,LOW
2026-03-10 22:31:44,22.0,0,LOW
2026-03-10 22:31:46,23.0,0,LOW
2026-03-10 22:31:48,22.0,0,LOW
2026-03-10 22:31:49,23.0,0,LOW
2026-03-10 22:31:51,22.0,0,LOW
2026-03-10 22:31:53,23.0,0,LOW
2026-03-10 22:31:55,23.0,0,LOW
2026-03-10 22:31:57,22.0,0,LOW
2026-03-10 22:31:59,22.0,0,LOW
2026-03-10 22:32:01,22.0,0,LOW
2026-03-10 22:32:03,23.0,0,LOW
2026-03-10 22:32:05,23.0,0,LOW
2026-03-10 22:32:07,23.0,0,LOW
2026-03-10 22:32:10,22.0,0,LOW
2026-03-10 22:32:12,23.0,0,LOW
2026-03-10 22:32:14,22.0,0,LOW
2026-03-10 22:32:16,23.0,0,LOW
2026-03-10 22:32:17,22.0,0,LOW
2026-03-10 22:32:19,23.0,0,LOW
2026-03-10 22:32:21,23.0,0,LOW
2026-03-10 22:32:23,22.0,0,LOW
2026-03-10 22:32:25,23.0,0,LOW
2026-03-10 22:32:27,23.0,0,LOW
2026-03-10 22:32:29,23.0,0,LOW
2026-03-10 22:32:31,22.0,0,LOW
2026-03-10 22:32:34,22.0,0,LOW
2026-03-10 22:32:36,23.0,0,LOW
2026-03-10 22:32:38,23.0,0,LOW
2026-03-10 22:32:40,23.0,0,LOW
2026-03-10 22:32:42,22.0,0,LOW
2026-03-10 22:32:44,22.0,0,LOW
2026-03-10 22:32:46,22.0,0,LOW
2026-03-10 22:32:48,22.0,0,LOW
2026-03-10 22:32:49,22.0,0,LOW
2026-03-10 22:32:51,22.0,0,LOW
2026-03-10 22:32:53,22.0,0,LOW
2026-03-10 22:32:55,22.0,0,LOW
2026-03-10 22:32:57,22.0,0,LOW
2026-03-10 22:33:00,22.0,0,LOW
2026-03-10 22:33:02,22.0,0,LOW
2026-03-10 22:33:04,22.0,0,LOW
2026-03-10 22:33:06,22.0,0,LOW
2026-03-10 22:33:08,22.0,0,LOW
2026-03-10 22:33:10,22.0,0,LOW
2026-03-10 22:33:12,22.0,0,LOW
2026-03-10 22:33:14,22.0,0,LOW
2026-03-10 22:33:16,22.0,0,LOW
2026-03-10 22:33:17,23.0,0,LOW
2026-03-10 22:33:19,23.0,0,LOW
2026-03-10 22:33:21,23.0,0,LOW
2026-03-10 22:33:23,22.0,0,LOW
2026-03-10 22:33:26,23.0,0,LOW
2026-03-10 22:33:28,22.0,0,LOW
2026-03-10 22:33:30,22.0,0,LOW
2026-03-10 22:33:32,23.0,0,LOW
2026-03-10 22:33:34,22.0,0,LOW
2026-03-10 22:33:36,23.0,0,LOW
2026-03-10 22:33:38,22.0,0,LOW
2026-03-10 22:33:40,23.0,0,LOW
2026-03-10 22:33:42,22.0,0,LOW
2026-03-10 22:33:44,22.0,0,LOW
2026-03-10 22:33:46,22.0,0,LOW
2026-03-10 22:33:48,22.0,0,LOW
2026-03-10 22:33:50,23.0,0,LOW
2026-03-10 22:33:51,22.0,0,LOW
2026-03-10 22:33:54,22.0,0,LOW
2026-03-10 22:33:56,23.0,0,LOW
2026-03-10 22:33:58,22.0,0,LOW
2026-03-10 22:34:00,22.0,0,LOW
2026-03-10 22:34:02,22.0,0,LOW
2026-03-10 22:34:04,22.0,0,LOW
2026-03-10 22:34:06,23.0,0,LOW
2026-03-10 22:34:08,22.0,0,LOW
2026-03-10 22:34:10,22.0,0,LOW
2026-03-10 22:34:12,23.0,0,LOW
2026-03-10 22:34:14,22.0,0,LOW
2026-03-10 22:34:16,23.0,0,LOW
2026-03-10 22:34:18,22.0,0,LOW
2026-03-10 22:34:20,23.0,0,LOW
2026-03-10 22:34:22,23.0,0,LOW
2026-03-10 22:34:24,23.0,0,LOW
2026-03-10 22:34:26,22.0,0,LOW
2026-03-10 22:34:28,22.0,0,LOW
2026-03-10 22:34:30,23.0,0,LOW
2026-03-10 22:34:32,22.0,0,LOW
2026-03-10 22:34:34,23.0,0,LOW
2026-03-10 22:34:36,22.0,0,LOW
2026-03-10 22:34:38,22.0,0,LOW
2026-03-10 22:34:40,22.0,0,LOW
2026-03-10 22:34:42,22.0,0,LOW
2026-03-10 22:34:44,22.0,0,LOW
2026-03-10 22:34:46,22.0,0,LOW
2026-03-10 22:34:48,22.0,0,LOW
2026-03-10 22:34:50,22.0,0,LOW
2026-03-10 22:34:52,22.0,0,LOW
2026-03-10 22:34:54,22.0,0,LOW
2026-03-10 22:34:56,22.0,0,LOW
2026-03-10 22:34:58,22.0,0,LOW
2026-03-10 22:35:00,22.0,0,LOW
2026-03-10 22:35:02,23.0,0,LOW
2026-03-10 22:35:04,22.0,0,LOW
2026-03-10 22:35:06,22.0,0,LOW
2026-03-10 22:35:08,22.0,0,LOW
2026-03-10 22:35:10,23.0,0,LOW
2026-03-10 22:35:12,23.0,0,LOW
2026-03-10 22:35:14,22.0,0,LOW
2026-03-10 22:35:16,22.0,0,LOW
2026-03-10 22:35:18,23.0,0,LOW
2026-03-10 22:35:20,22.0,0,LOW
2026-03-10 22:35:22,23.0,0,LOW
2026-03-10 22:35:24,22.0,0,LOW
2026-03-10 22:35:26,23.0,0,LOW
2026-03-10 22:35:28,23.0,0,LOW
2026-03-10 22:35:30,22.0,0,LOW
2026-03-10 22:35:32,22.0,0,LOW
2026-03-10 22:35:34,23.0,0,LOW
2026-03-10 22:35:36,23.0,0,LOW
2026-03-10 22:35:38,22.0,0,LOW
2026-03-10 22:35:40,23.0,0,LOW
2026-03-10 22:35:42,23.0,0,LOW
2026-03-10 22:36:00,22.0,0,LOW,sensor
2026-03-10 22:36:02,22.0,0,LOW,sensor
2026-03-10 22:36:04,22.0,0,LOW,sensor
2026-03-10 22:36:06,22.0,0,LOW,sensor
2026-03-10 22:36:08,22.0,0,LOW,sensor
2026-03-10 22:36:10,23.0,0,LOW,sensor
2026-03-10 22:36:12,22.0,180,HIGH,sensor
2026-03-10 22:36:14,22.0,228,CRITICAL,sensor
2026-03-10 22:36:17,22.0,0,LOW,sensor
2026-03-10 22:36:19,23.0,0,LOW,sensor
2026-03-10 22:36:21,23.0,0,LOW,sensor
2026-03-10 22:36:23,22.0,0,LOW,sensor
2026-03-10 22:36:25,23.0,0,LOW,sensor
2026-03-10 22:36:27,23.0,0,LOW,sensor
2026-03-10 22:36:29,23.0,0,LOW,sensor
2026-03-10 22:36:31,23.0,0,LOW,sensor
2026-03-10 22:36:33,23.0,0,LOW,sensor
2026-03-10 22:36:35,23.0,0,LOW,sensor
2026-03-10 22:36:37,23.0,0,LOW,sensor
2026-03-10 22:36:39,23.0,0,LOW,sensor
2026-03-10 22:36:41,22.0,0,LOW,sensor
2026-03-10 22:36:43,22.0,0,LOW,sensor
2026-03-10 22:36:45,22.0,0,LOW,sensor
2026-03-10 22:36:47,22.0,0,LOW,sensor
2026-03-10 22:36:49,23.0,0,LOW,sensor
2026-03-10 22:36:51,22.0,0,LOW,sensor
2026-03-10 22:36:53,22.0,0,LOW,sensor
2026-03-10 22:36:55,22.0,0,LOW,sensor
2026-03-10 22:36:57,22.0,0,LOW,sensor
2026-03-10 22:36:59,22.0,0,LOW,sensor
2026-03-10 22:37:01,22.0,0,LOW,sensor
2026-03-10 22:37:03,22.0,0,LOW,sensor
2026-03-10 22:37:05,23.0,0,LOW,sensor
2026-03-10 22:37:07,23.0,0,LOW,sensor
2026-03-10 22:37:09,23.0,0,LOW,sensor
2026-03-10 22:37:11,23.0,0,LOW,sensor
2026-03-10 22:37:13,22.0,0,LOW,sensor
2026-03-10 22:37:15,23.0,0,LOW,sensor
2026-03-10 22:37:17,22.0,0,LOW,sensor
2026-03-10 22:37:19,22.0,0,LOW,sensor
2026-03-10 22:37:21,23.0,0,LOW,sensor
2026-03-10 22:37:23,23.0,0,LOW,sensor
2026-03-10 22:37:25,23.0,0,LOW,sensor
2026-03-10 22:37:27,22.0,0,LOW,sensor
2026-03-10 22:37:29,22.0,0,LOW,sensor
2026-03-10 22:37:31,23.0,0,LOW,sensor
2026-03-10 22:37:33,22.0,0,LOW,sensor
2026-03-10 22:37:35,22.0,0,LOW,sensor
2026-03-10 22:37:37,22.0,0,LOW,sensor
2026-03-10 22:37:39,22.0,0,LOW,sensor
2026-03-10 22:37:41,23.0,0,LOW,sensor
2026-03-10 22:37:43,23.0,0,LOW,sensor
2026-03-10 22:37:45,23.0,0,LOW,sensor
2026-03-10 22:37:47,22.0,0,LOW,sensor
2026-03-10 22:37:49,22.0,0,LOW,sensor
2026-03-10 22:37:51,22.0,0,LOW,sensor
2026-03-10 22:37:53,23.0,0,LOW,sensor
2026-03-10 22:37:55,23.0,0,LOW,sensor
2026-03-10 22:37:57,23.0,0,LOW,sensor
2026-03-10 22:37:59,22.0,0,LOW,sensor
2026-03-10 22:38:01,22.0,0,LOW,sensor
2026-03-10 22:38:03,22.0,0,LOW,sensor
2026-03-10 22:38:05,22.0,0,LOW,sensor
2026-03-10 22:38:07,22.0,0,LOW,sensor
2026-03-10 22:38:09,22.0,0,LOW,sensor
2026-03-10 22:38:11,23.0,0,LOW,sensor
2026-03-10 22:38:13,23.0,0,LOW,sensor
2026-03-10 22:38:15,23.0,0,LOW,sensor
2026-03-10 22:38:17,23.0,0,LOW,sensor
2026-03-10 22:38:19,22.0,0,LOW,sensor
2026-03-10 22:38:21,22.0,0,LOW,sensor
2026-03-10 22:38:23,23.0,0,LOW,sensor
2026-03-10 22:38:25,23.0,0,LOW,sensor
2026-03-10 22:38:27,23.0,0,LOW,sensor
2026-03-10 22:38:29,22.0,0,LOW,sensor
2026-03-10 22:38:31,23.0,0,LOW,sensor
2026-03-10 22:38:33,22.0,0,LOW,sensor
2026-03-10 22:38:35,22.0,0,LOW,sensor
2026-03-10 22:38:37,22.0,0,LOW,sensor
2026-03-10 22:38:39,23.0,0,LOW,sensor
2026-03-10 22:38:41,22.0,0,LOW,sensor
2026-03-10 22:38:43,22.0,0,LOW,sensor
2026-03-10 22:38:45,22.0,0,LOW,sensor
2026-03-10 22:38:47,23.0,0,LOW,sensor
2026-03-10 22:38:49,23.0,0,LOW,sensor
2026-03-10 22:38:51,23.0,0,LOW,sensor
2026-03-10 22:38:53,23.0,0,LOW,sensor
2026-03-10 22:38:55,22.0,0,LOW,sensor
2026-03-10 22:38:58,23.0,0,LOW,sensor
2026-03-10 22:39:00,22.0,0,LOW,sensor
2026-03-10 22:39:02,22.0,0,LOW,sensor
2026-03-10 22:39:03,22.0,0,LOW,sensor
2026-03-10 22:39:05,22.0,0,LOW,sensor
2026-03-10 22:39:07,22.0,0,LOW,sensor
2026-03-10 22:39:09,22.0,0,LOW,sensor
2026-03-10 22:39:11,22.0,0,LOW,sensor
2026-03-10 22:39:13,23.0,0,LOW,sensor
2026-03-10 22:39:15,22.0,0,LOW,sensor
2026-03-10 22:39:17,22.0,0,LOW,sensor
2026-03-10 22:39:19,23.0,0,LOW,sensor
2026-03-10 22:39:21,23.0,0,LOW,sensor
2026-03-10 22:39:24,22.0,0,LOW,sensor
2026-03-10 22:39:26,23.0,0,LOW,sensor
2026-03-10 22:39:28,22.0,0,LOW,sensor
2026-03-10 22:39:30,23.0,0,LOW,sensor
2026-03-10 22:39:32,23.0,0,LOW,sensor
2026-03-10 22:39:34,22.0,0,LOW,sensor
2026-03-10 22:39:35,22.0,0,LOW,sensor
2026-03-10 22:39:37,22.0,0,LOW,sensor
2026-03-10 22:39:39,22.0,0,LOW,sensor
2026-03-10 22:39:41,22.0,0,LOW,sensor
2026-03-10 22:39:43,22.0,0,LOW,sensor
2026-03-10 22:39:45,22.0,0,LOW,sensor
2026-03-10 22:39:47,22.0,0,LOW,sensor
2026-03-10 22:39:50,22.0,0,LOW,sensor
2026-03-10 22:39:52,23.0,0,LOW,sensor
2026-03-10 22:39:54,22.0,0,LOW,sensor
2026-03-10 22:39:56,22.0,0,LOW,sensor
2026-03-10 22:39:58,23.0,0,LOW,sensor
2026-03-10 22:40:00,22.0,0,LOW,sensor
2026-03-10 22:40:02,22.0,0,LOW,sensor
2026-03-10 22:40:03,23.0,0,LOW,sensor
2026-03-10 22:40:05,22.0,0,LOW,sensor
2026-03-10 22:40:07,22.0,0,LOW,sensor
2026-03-10 22:40:09,23.0,0,LOW,sensor
2026-03-10 22:40:11,23.0,0,LOW,sensor
2026-03-10 22:40:14,23.0,0,LOW,sensor
2026-03-10 22:40:16,23.0,0,LOW,sensor
2026-03-10 22:40:18,23.0,0,LOW,sensor
2026-03-10 22:40:20,22.0,0,LOW,sensor
2026-03-10 22:40:22,23.0,0,LOW,sensor
2026-03-10 22:40:24,23.0,0,LOW,sensor
2026-03-10 22:40:26,23.0,0,LOW,sensor
2026-03-10 22:40:28,23.0,0,LOW,sensor
2026-03-10 22:40:30,23.0,0,LOW,sensor
2026-03-10 22:40:32,23.0,0,LOW,sensor
2026-03-10 22:40:33,23.0,0,LOW,sensor
2026-03-10 22:40:35,23.0,0,LOW,sensor
2026-03-10 22:40:37,23.0,0,LOW,sensor
2026-03-10 22:40:39,23.0,0,LOW,sensor
2026-03-10 22:40:42,23.0,0,LOW,sensor
2026-03-10 22:40:44,22.0,0,LOW,sensor
2026-03-10 22:40:46,23.0,0,LOW,sensor
2026-03-10 22:40:48,23.0,0,LOW,sensor
2026-03-10 22:40:50,22.0,0,LOW,sensor
2026-03-10 22:40:52,23.0,0,LOW,sensor
2026-03-10 22:40:54,23.0,0,LOW,sensor
2026-03-10 22:40:56,23.0,0,LOW,sensor
2026-03-10 22:40:58,23.0,0,LOW,sensor
2026-03-10 22:41:00,23.0,0,LOW,sensor
2026-03-10 22:41:01,23.0,0,LOW,sensor
2026-03-10 22:41:03,23.0,0,LOW,sensor
2026-03-10 22:41:06,23.0,0,LOW,sensor
2026-03-10 22:41:08,23.0,0,LOW,sensor
2026-03-10 22:41:10,23.0,0,LOW,sensor
2026-03-10 22:41:12,23.0,0,LOW,sensor
2026-03-10 22:41:14,23.0,0,LOW,sensor
2026-03-10 22:41:16,22.0,0,LOW,sensor
2026-03-10 22:41:18,23.0,0,LOW,sensor
2026-03-10 22:41:20,23.0,0,LOW,sensor
2026-03-10 22:41:22,23.0,0,LOW,sensor
2026-03-10 22:41:24,23.0,0,LOW,sensor
2026-03-10 22:41:26,23.0,0,LOW,sensor
2026-03-10 22:41:28,22.0,0,LOW,sensor
2026-03-10 22:41:30,23.0,0,LOW,sensor
2026-03-10 22:41:32,23.0,0,LOW,sensor
2026-03-10 22:41:34,23.0,0,LOW,sensor
2026-03-10 22:41:36,23.0,0,LOW,sensor
2026-03-10 22:41:38,23.0,0,LOW,sensor
2026-03-10 22:41:40,23.0,0,LOW,sensor
2026-03-10 22:41:42,23.0,0,LOW,sensor
2026-03-10 22:41:44,23.0,0,LOW,sensor
2026-03-10 22:41:46,23.0,0,LOW,sensor
2026-03-10 22:41:48,23.0,0,LOW,sensor
2026-03-10 22:41:50,23.0,0,LOW,sensor
2026-03-10 22:41:52,23.0,0,LOW,sensor
2026-03-10 22:41:54,23.0,0,LOW,sensor
2026-03-10 22:41:56,23.0,0,LOW,sensor
2026-03-10 22:41:58,23.0,0,LOW,sensor
2026-03-10 22:42:00,23.0,0,LOW,sensor
2026-03-10 22:42:02,23.0,0,LOW,sensor
2026-03-10 22:42:04,23.0,0,LOW,sensor
2026-03-10 22:42:06,23.0,0,LOW,sensor
2026-03-10 22:42:08,23.0,0,LOW,sensor
2026-03-10 22:42:10,23.0,0,LOW,sensor
2026-03-10 22:42:12,22.0,0,LOW,sensor
2026-03-10 22:42:14,22.0,0,LOW,sensor
2026-03-10 22:42:16,23.0,0,LOW,sensor
2026-03-10 22:42:18,23.0,0,LOW,sensor
2026-03-10 22:42:20,23.0,0,LOW,sensor
2026-03-10 22:42:22,23.0,0,LOW,sensor
2026-03-10 22:42:24,22.0,0,LOW,sensor
2026-03-10 22:42:26,22.0,0,LOW,sensor
2026-03-10 22:42:28,23.0,0,LOW,sensor
2026-03-10 22:42:30,23.0,0,LOW,sensor
2026-03-10 22:42:32,22.0,0,LOW,sensor
2026-03-10 22:42:34,22.0,0,LOW,sensor
2026-03-10 22:42:36,23.0,0,LOW,sensor
2026-03-10 22:42:38,23.0,0,LOW,sensor
2026-03-10 22:42:40,22.0,0,LOW,sensor
2026-03-10 22:42:42,23.0,0,LOW,sensor
2026-03-10 22:42:44,22.0,0,LOW,sensor
2026-03-10 22:42:46,23.0,0,LOW,sensor
2026-03-10 22:42:48,23.0,0,LOW,sensor
2026-03-10 22:42:50,22.0,0,LOW,sensor
2026-03-10 22:42:52,22.0,0,LOW,sensor
2026-03-10 22:42:54,22.0,0,LOW,sensor
2026-03-10 22:42:56,23.0,0,LOW,sensor
2026-03-10 22:42:58,23.0,0,LOW,sensor
2026-03-10 22:43:00,22.0,0,LOW,sensor
2026-03-10 22:43:02,23.0,0,LOW,sensor
2026-03-10 22:43:04,22.0,0,LOW,sensor
2026-03-10 22:43:06,23.0,0,LOW,sensor
2026-03-10 22:43:08,23.0,0,LOW,sensor
2026-03-10 22:43:10,22.0,0,LOW,sensor
2026-03-10 22:43:12,22.0,0,LOW,sensor
2026-03-10 22:43:14,22.0,0,LOW,sensor
2026-03-10 22:43:16,23.0,0,LOW,sensor
2026-03-10 22:43:18,22.0,0,LOW,sensor
2026-03-10 22:43:20,23.0,0,LOW,sensor
2026-03-10 22:43:22,23.0,0,LOW,sensor
2026-03-10 22:43:24,23.0,0,LOW,sensor
2026-03-10 22:43:26,23.0,0,LOW,sensor
2026-03-10 22:43:28,23.0,0,LOW,sensor
2026-03-10 22:43:30,23.0,0,LOW,sensor
2026-03-10 22:43:32,23.0,0,LOW,sensor
2026-03-10 22:43:34,22.0,0,LOW,sensor
2026-03-10 22:43:36,22.0,0,LOW,sensor
2026-03-10 22:43:38,22.0,0,LOW,sensor
2026-03-10 22:43:40,22.0,0,LOW,sensor
2026-03-10 22:43:42,22.0,0,LOW,sensor
2026-03-10 22:43:44,22.0,0,LOW,sensor
2026-03-10 22:43:46,23.0,0,LOW,sensor
2026-03-10 22:43:48,22.0,0,LOW,sensor
2026-03-10 22:43:50,22.0,0,LOW,sensor
2026-03-10 22:43:52,22.0,0,LOW,sensor
2026-03-10 22:43:54,22.0,0,LOW,sensor
2026-03-10 22:43:56,22.0,0,LOW,sensor
2026-03-10 22:43:58,22.0,0,LOW,sensor
2026-03-10 22:44:00,22.0,0,LOW,sensor
2026-03-10 22:44:02,22.0,0,LOW,sensor
2026-03-10 22:44:04,22.0,0,LOW,sensor
2026-03-10 22:44:06,22.0,0,LOW,sensor
2026-03-10 22:44:08,22.0,0,LOW,sensor
2026-03-10 22:44:10,22.0,0,LOW,sensor
2026-03-10 22:44:12,22.0,0,LOW,sensor
2026-03-10 22:44:14,22.0,0,LOW,sensor
2026-03-10 22:44:16,22.0,0,LOW,sensor
2026-03-10 22:44:18,22.0,0,LOW,sensor
2026-03-10 22:44:20,22.0,0,LOW,sensor
2026-03-10 22:44:22,23.0,0,LOW,sensor
2026-03-10 22:44:24,22.0,0,LOW,sensor
2026-03-10 22:44:26,22.0,0,LOW,sensor
2026-03-10 22:44:28,22.0,0,LOW,sensor
2026-03-10 22:44:30,22.0,0,LOW,sensor
2026-03-10 22:44:32,22.0,0,LOW,sensor
2026-03-10 22:44:34,22.0,0,LOW,sensor
2026-03-10 22:44:36,23.0,0,LOW,sensor
2026-03-10 22:44:38,23.0,0,LOW,sensor
2026-03-10 22:44:40,22.0,0,LOW,sensor
2026-03-10 22:44:42,22.0,0,LOW,sensor
2026-03-10 22:44:44,22.0,0,LOW,sensor
2026-03-10 22:44:46,22.0,0,LOW,sensor
2026-03-10 22:44:49,22.0,0,LOW,sensor
2026-03-10 22:44:51,22.0,0,LOW,sensor
2026-03-10 22:44:52,22.0,0,LOW,sensor
2026-03-10 22:44:54,22.0,0,LOW,sensor
2026-03-10 22:44:56,23.0,0,LOW,sensor
2026-03-10 22:44:58,22.0,0,LOW,sensor
2026-03-10 22:45:00,23.0,0,LOW,sensor
2026-03-10 22:45:02,22.0,0,LOW,sensor
2026-03-10 22:45:04,22.0,0,LOW,sensor
2026-03-10 22:45:06,22.0,0,LOW,sensor
2026-03-10 22:45:08,22.0,0,LOW,sensor
2026-03-10 22:45:10,23.0,0,LOW,sensor
2026-03-10 22:45:12,22.0,0,LOW,sensor
2026-03-10 22:45:15,22.0,0,LOW,sensor
2026-03-10 22:45:17,22.0,0,LOW,sensor
2026-03-10 22:45:19,22.0,0,LOW,sensor
2026-03-10 22:45:21,22.0,0,LOW,sensor
2026-03-10 22:45:23,22.0,0,LOW,sensor
2026-03-10 22:45:24,22.0,0,LOW,sensor
2026-03-10 22:45:26,22.0,0,LOW,sensor
2026-03-10 22:45:28,22.0,0,LOW,sensor
2026-03-10 22:45:30,22.0,0,LOW,sensor
2026-03-10 22:45:32,23.0,0,LOW,sensor
2026-03-10 22:45:34,22.0,0,LOW,sensor
2026-03-10 22:45:36,22.0,0,LOW,sensor
2026-03-10 22:45:39,22.0,0,LOW,sensor
2026-03-10 22:45:41,22.0,0,LOW,sensor
2026-03-10 22:45:43,22.0,0,LOW,sensor
2026-03-10 22:45:45,22.0,0,LOW,sensor
2026-03-10 22:45:47,22.0,0,LOW,sensor
2026-03-10 22:45:49,23.0,0,LOW,sensor
2026-03-10 22:45:51,23.0,0,LOW,sensor
2026-03-10 22:45:52,22.0,0,LOW,sensor
2026-03-10 22:45:54,22.0,0,LOW,sensor
2026-03-10 22:45:56,22.0,0,LOW,sensor
2026-03-10 22:45:58,22.0,0,LOW,sensor
2026-03-10 22:46:00,22.0,0,LOW,sensor
2026-03-10 22:46:03,22.0,0,LOW,sensor
2026-03-10 22:46:05,23.0,0,LOW,sensor
2026-03-10 22:46:07,22.0,0,LOW,sensor
2026-03-10 22:46:09,22.0,0,LOW,sensor
2026-03-10 22:46:11,23.0,0,LOW,sensor
2026-03-10 22:46:13,23.0,0,LOW,sensor
2026-03-10 22:46:15,23.0,0,LOW,sensor
2026-03-10 22:46:17,23.0,0,LOW,sensor
2026-03-10 22:46:18,22.0,0,LOW,sensor
2026-03-10 22:46:20,22.0,0,LOW,sensor
2026-03-10 22:46:22,23.0,0,LOW,sensor
2026-03-10 22:46:24,22.0,0,LOW,sensor
2026-03-10 22:46:27,22.0,0,LOW,sensor
2026-03-10 22:46:29,23.0,0,LOW,sensor
2026-03-10 22:46:31,22.0,0,LOW,sensor
2026-03-10 22:46:33,23.0,0,LOW,sensor
2026-03-10 22:46:35,22.0,0,LOW,sensor
2026-03-10 22:46:37,22.0,0,LOW,sensor
2026-03-10 22:46:39,22.0,0,LOW,sensor
2026-03-10 22:46:41,22.0,0,LOW,sensor
2026-03-10 22:46:43,22.0,0,LOW,sensor
2026-03-10 22:46:44,22.0,0,LOW,sensor
2026-03-10 22:46:46,22.0,0,LOW,sensor
2026-03-10 22:46:49,22.0,0,LOW,sensor
2026-03-10 22:46:51,22.0,0,LOW,sensor
2026-03-10 22:46:53,22.0,0,LOW,sensor
2026-03-10 22:46:55,22.0,0,LOW,sensor
2026-03-10 22:46:57,22.0,0,LOW,sensor
2026-03-10 22:46:59,22.0,0,LOW,sensor
2026-03-10 22:47:01,22.0,0,LOW,sensor
2026-03-10 22:47:03,22.0,0,LOW,sensor
2026-03-10 22:47:05,22.0,0,LOW,sensor
2026-03-10 22:47:07,22.0,0,LOW,sensor
2026-03-10 22:47:09,22.0,0,LOW,sensor
2026-03-10 22:47:11,22.0,0,LOW,sensor
2026-03-10 22:47:13,22.0,0,LOW,sensor
2026-03-10 22:47:15,22.0,0,LOW,sensor
2026-03-10 22:47:17,22.0,0,LOW,sensor
2026-03-10 22:47:19,22.0,0,LOW,sensor
2026-03-10 22:47:21,22.0,0,LOW,sensor
2026-03-10 22:47:23,22.0,0,LOW,sensor
2026-03-10 22:47:25,22.0,0,LOW,sensor
2026-03-10 22:47:27,22.0,0,LOW,sensor
2026-03-10 22:47:29,22.0,0,LOW,sensor
2026-03-10 22:47:31,23.0,0,LOW,sensor
2026-03-10 22:47:33,22.0,0,LOW,sensor
2026-03-10 22:47:35,22.0,0,LOW,sensor
2026-03-10 22:47:37,22.0,0,LOW,sensor
2026-03-10 22:47:39,22.0,0,LOW,sensor
2026-03-10 22:47:41,23.0,0,LOW,sensor
2026-03-10 22:47:43,23.0,0,LOW,sensor
2026-03-10 22:47:45,22.0,0,LOW,sensor
2026-03-10 22:47:47,22.0,0,LOW,sensor
2026-03-10 22:47:49,22.0,0,LOW,sensor
2026-03-10 22:47:51,23.0,0,LOW,sensor
2026-03-10 22:47:53,22.0,0,LOW,sensor
2026-03-10 22:47:55,23.0,0,LOW,sensor
2026-03-10 22:47:57,23.0,0,LOW,sensor
2026-03-10 22:47:59,22.0,0,LOW,sensor
2026-03-10 22:48:01,23.0,0,LOW,sensor
2026-03-10 22:48:03,22.0,0,LOW,sensor
2026-03-10 22:48:05,23.0,0,LOW,sensor
2026-03-10 22:48:07,22.0,0,LOW,sensor
2026-03-10 22:48:09,23.0,0,LOW,sensor
2026-03-10 22:48:11,23.0,0,LOW,sensor
2026-03-10 22:48:13,22.0,0,LOW,sensor
2026-03-10 22:48:15,23.0,0,LOW,sensor
2026-03-10 22:48:17,23.0,0,LOW,sensor
2026-03-10 22:48:19,23.0,0,LOW,sensor
2026-03-10 22:48:21,22.0,0,LOW,sensor
2026-03-10 22:48:23,22.0,0,LOW,sensor
2026-03-10 22:48:25,23.0,0,LOW,sensor
2026-03-10 22:48:27,22.0,0,LOW,sensor
2026-03-10 22:48:29,22.0,0,LOW,sensor
2026-03-10 22:48:31,22.0,0,LOW,sensor
2026-03-10 22:48:33,22.0,0,LOW,sensor
2026-03-10 22:48:35,22.0,0,LOW,sensor
2026-03-10 22:48:37,22.0,0,LOW,sensor
2026-03-10 22:48:39,22.0,0,LOW,sensor
2026-03-10 22:48:41,22.0,0,LOW,sensor
2026-03-10 22:48:43,22.0,0,LOW,sensor
2026-03-10 22:48:45,22.0,0,LOW,sensor
2026-03-10 22:48:47,22.0,0,LOW,sensor
2026-03-10 22:48:49,22.0,0,LOW,sensor
2026-03-10 22:48:51,22.0,0,LOW,sensor
2026-03-10 22:48:53,22.0,0,LOW,sensor
2026-03-10 22:48:55,22.0,0,LOW,sensor
2026-03-10 22:48:57,22.0,0,LOW,sensor
2026-03-10 22:48:59,23.0,0,LOW,sensor
2026-03-10 22:49:01,23.0,0,LOW,sensor
2026-03-10 22:49:03,22.0,0,LOW,sensor
2026-03-10 22:49:05,22.0,0,LOW,sensor
2026-03-10 22:49:07,23.0,0,LOW,sensor
2026-03-10 22:49:09,22.0,0,LOW,sensor
2026-03-10 22:49:11,23.0,0,LOW,sensor
2026-03-10 22:49:13,22.0,0,LOW,sensor
2026-03-10 22:49:15,22.0,0,LOW,sensor
2026-03-10 22:49:17,22.0,0,LOW,sensor
2026-03-10 22:49:19,22.0,0,LOW,sensor
2026-03-10 22:49:21,23.0,0,LOW,sensor
2026-03-10 22:49:23,23.0,0,LOW,sensor
2026-03-10 22:49:25,23.0,0,LOW,sensor
2026-03-10 22:49:27,23.0,0,LOW,sensor
2026-03-10 22:49:29,22.0,0,LOW,sensor
2026-03-10 22:49:31,22.0,0,LOW,sensor
2026-03-10 22:49:33,22.0,0,LOW,sensor
2026-03-10 22:49:35,23.0,0,LOW,sensor
2026-03-10 22:49:37,23.0,0,LOW,sensor
2026-03-10 22:49:39,22.0,0,LOW,sensor
2026-03-10 22:49:41,22.0,0,LOW,sensor
2026-03-10 22:49:43,22.0,0,LOW,sensor
2026-03-10 22:49:45,22.0,0,LOW,sensor
2026-03-10 22:49:47,22.0,0,LOW,sensor
2026-03-10 22:49:49,22.0,0,LOW,sensor
2026-03-10 22:49:51,22.0,0,LOW,sensor
2026-03-10 22:49:53,22.0,0,LOW,sensor
2026-03-10 22:49:55,22.0,0,LOW,sensor
2026-03-10 22:49:57,22.0,0,LOW,sensor
2026-03-10 22:50:00,22.0,0,LOW,sensor
2026-03-10 22:50:02,22.0,0,LOW,sensor
2026-03-10 22:50:04,22.0,0,LOW,sensor
2026-03-10 22:50:06,22.0,0,LOW,sensor
2026-03-10 22:50:07,23.0,0,LOW,sensor
2026-03-10 22:50:09,22.0,0,LOW,sensor
2026-03-10 22:50:11,22.0,0,LOW,sensor
2026-03-10 22:50:13,22.0,0,LOW,sensor
2026-03-10 22:50:15,22.0,0,LOW,sensor
2026-03-10 22:50:17,22.0,0,LOW,sensor
2026-03-10 22:50:19,22.0,0,LOW,sensor
2026-03-10 22:50:21,22.0,0,LOW,sensor
2026-03-10 22:50:23,22.0,0,LOW,sensor
2026-03-10 22:50:25,22.0,0,LOW,sensor
2026-03-10 22:50:27,22.0,0,LOW,sensor
2026-03-10 22:50:29,22.0,0,LOW,sensor
2026-03-10 22:50:32,22.0,0,LOW,sensor
2026-03-10 22:50:34,22.0,0,LOW,sensor
2026-03-10 22:50:36,22.0,0,LOW,sensor
2026-03-10 22:50:38,23.0,0,LOW,sensor
2026-03-10 22:50:40,22.0,0,LOW,sensor
2026-03-10 22:50:42,22.0,0,LOW,sensor
2026-03-10 22:50:44,22.0,0,LOW,sensor
2026-03-10 22:50:46,23.0,0,LOW,sensor
2026-03-10 22:50:47,22.0,0,LOW,sensor
2026-03-10 22:50:49,22.0,0,LOW,sensor
2026-03-10 22:50:51,22.0,0,LOW,sensor
2026-03-10 22:50:53,22.0,0,LOW,sensor
2026-03-10 22:50:55,23.0,0,LOW,sensor
2026-03-10 22:50:58,22.0,0,LOW,sensor
2026-03-10 22:51:00,22.0,0,LOW,sensor
2026-03-10 22:51:02,23.0,0,LOW,sensor
2026-03-10 22:51:04,22.0,0,LOW,sensor
2026-03-10 22:51:06,22.0,0,LOW,sensor
2026-03-10 22:51:08,22.0,0,LOW,sensor
2026-03-10 22:51:10,23.0,0,LOW,sensor
2026-03-10 22:51:12,22.0,0,LOW,sensor
2026-03-10 22:51:14,22.0,0,LOW,sensor
2026-03-10 22:51:16,22.0,0,LOW,sensor
2026-03-10 22:51:18,22.0,0,LOW,sensor
2026-03-10 22:51:20,23.0,0,LOW,sensor
2026-03-10 22:51:22,22.0,0,LOW,sensor
2026-03-10 22:51:23,22.0,0,LOW,sensor
2026-03-10 22:51:25,22.0,0,LOW,sensor
2026-03-10 22:51:27,22.0,0,LOW,sensor
2026-03-10 22:51:30,23.0,0,LOW,sensor
2026-03-10 22:51:32,23.0,0,LOW,sensor
2026-03-10 22:51:34,23.0,0,LOW,sensor
2026-03-10 22:51:36,22.0,0,LOW,sensor
2026-03-10 22:51:38,22.0,0,LOW,sensor
2026-03-10 22:51:40,23.0,0,LOW,sensor
2026-03-10 22:51:42,22.0,0,LOW,sensor
2026-03-10 22:51:44,22.0,0,LOW,sensor
2026-03-10 22:51:46,22.0,0,LOW,sensor
2026-03-10 22:51:48,23.0,0,LOW,sensor
2026-03-10 22:51:50,22.0,0,LOW,sensor
2026-03-10 22:51:52,22.0,0,LOW,sensor
2026-03-10 22:52:16,22.0,0,LOW,sensor
2026-03-10 22:52:18,22.0,0,LOW,sensor
2026-03-10 22:52:20,23.0,0,LOW,sensor
2026-03-10 22:52:22,22.0,0,LOW,sensor
2026-03-10 22:52:24,22.0,0,LOW,sensor
2026-03-10 22:52:26,22.0,0,LOW,sensor
2026-03-10 22:52:28,23.0,0,LOW,sensor
2026-03-10 22:52:30,23.0,0,LOW,sensor
2026-03-10 22:52:32,23.0,0,LOW,sensor
2026-03-10 22:52:34,22.0,0,LOW,sensor
2026-03-10 22:52:36,22.0,0,LOW,sensor
2026-03-10 22:52:38,23.0,91,LOW,sensor
2026-03-10 22:52:40,23.0,192,HIGH,sensor
2026-03-10 22:52:42,23.0,209,HIGH,sensor
2026-03-10 22:52:44,23.0,189,HIGH,sensor
2026-03-10 22:52:46,22.0,0,LOW,sensor
2026-03-10 22:52:49,23.0,0,LOW,sensor
2026-03-10 22:52:51,23.0,0,LOW,sensor
2026-03-10 22:52:53,22.0,0,LOW,sensor
2026-03-10 22:52:54,22.0,0,LOW,sensor
2026-03-10 22:52:56,22.0,0,LOW,sensor
2026-03-10 22:52:59,23.0,0,LOW,sensor
2026-03-10 22:53:01,23.0,0,LOW,sensor
2026-03-10 22:53:03,23.0,0,LOW,sensor
2026-03-10 22:53:05,23.0,0,LOW,sensor
2026-03-10 22:53:07,23.0,0,LOW,sensor
2026-03-10 22:53:08,23.0,0,LOW,sensor
2026-03-10 22:53:11,23.0,0,LOW,sensor
2026-03-10 22:53:13,23.0,0,LOW,sensor
2026-03-10 22:53:15,23.0,0,LOW,sensor
2026-03-10 22:53:17,23.0,0,LOW,sensor
2026-03-10 22:53:19,23.0,0,LOW,sensor
2026-03-10 22:53:20,23.0,0,LOW,sensor
2026-03-10 22:53:23,23.0,0,LOW,sensor
2026-03-10 22:53:25,23.0,0,LOW,sensor
2026-03-10 22:53:27,23.0,0,LOW,sensor
2026-03-10 22:53:29,23.0,0,LOW,sensor
2026-03-10 22:53:31,23.0,0,LOW,sensor
2026-03-10 22:53:32,23.0,0,LOW,sensor
2026-03-10 22:53:35,23.0,0,LOW,sensor
2026-03-10 22:53:37,23.0,0,LOW,sensor
2026-03-10 22:53:39,23.0,0,LOW,sensor
2026-03-10 22:53:41,23.0,0,LOW,sensor
2026-03-10 22:53:43,23.0,0,LOW,sensor
2026-03-10 22:53:45,23.0,0,LOW,sensor
2026-03-10 22:53:46,23.0,0,LOW,sensor
2026-03-10 22:53:49,23.0,0,LOW,sensor
2026-03-10 22:53:51,23.0,0,LOW,sensor
2026-03-10 22:53:53,23.0,0,LOW,sensor
2026-03-10 22:53:55,23.0,0,LOW,sensor
2026-03-10 22:53:57,23.0,0,LOW,sensor
2026-03-10 22:53:58,23.0,0,LOW,sensor
2026-03-10 22:54:01,23.0,0,LOW,sensor
2026-03-10 22:54:03,23.0,0,LOW,sensor
2026-03-10 22:54:05,23.0,0,LOW,sensor
2026-03-10 22:54:07,23.0,0,LOW,sensor
2026-03-10 22:54:09,23.0,0,LOW,sensor
2026-03-10 22:54:11,23.0,0,LOW,sensor
2026-03-10 22:54:13,23.0,0,LOW,sensor
2026-03-10 22:54:15,23.0,0,LOW,sensor
2026-03-10 22:54:17,23.0,0,LOW,sensor
2026-03-10 22:54:19,23.0,0,LOW,sensor
2026-03-10 22:54:21,23.0,0,LOW,sensor
2026-03-10 22:54:23,22.0,0,LOW,sensor
2026-03-10 22:54:25,23.0,0,LOW,sensor
2026-03-10 22:54:27,23.0,0,LOW,sensor
2026-03-10 22:54:29,23.0,0,LOW,sensor
2026-03-10 22:54:31,23.0,0,LOW,sensor
2026-03-10 22:54:33,23.0,0,LOW,sensor
2026-03-10 22:54:35,23.0,0,LOW,sensor
2026-03-10 22:54:37,23.0,0,LOW,sensor
2026-03-10 22:54:39,23.0,0,LOW,sensor
2026-03-10 22:54:41,23.0,0,LOW,sensor
2026-03-10 22:54:43,23.0,0,LOW,sensor
2026-03-10 22:54:45,23.0,0,LOW,sensor
2026-03-10 22:54:47,23.0,0,LOW,sensor
2026-03-10 22:54:49,23.0,0,LOW,sensor
2026-03-10 22:54:51,23.0,0,LOW,sensor
2026-03-10 22:54:53,23.0,0,LOW,sensor
2026-03-10 22:54:55,23.0,0,LOW,sensor
2026-03-10 22:54:57,23.0,0,LOW,sensor
2026-03-10 22:54:59,23.0,0,LOW,sensor
2026-03-10 22:55:01,23.0,0,LOW,sensor
2026-03-10 22:55:03,23.0,0,LOW,sensor
2026-03-10 22:55:05,23.0,0,LOW,sensor
2026-03-10 22:55:07,22.0,0,LOW,sensor
2026-03-10 22:55:09,23.0,0,LOW,sensor
2026-03-10 22:55:11,23.0,0,LOW,sensor
2026-03-10 22:55:13,23.0,0,LOW,sensor
2026-03-10 22:55:15,22.0,0,LOW,sensor
2026-03-10 22:55:17,22.0,0,LOW,sensor
2026-03-10 22:55:19,23.0,0,LOW,sensor
2026-03-10 22:55:21,22.0,0,LOW,sensor
2026-03-10 22:55:23,23.0,0,LOW,sensor
2026-03-10 22:55:25,23.0,0,LOW,sensor
2026-03-10 22:55:27,23.0,0,LOW,sensor
2026-03-10 22:55:29,23.0,0,LOW,sensor
2026-03-10 22:55:31,23.0,0,LOW,sensor
2026-03-10 22:55:33,23.0,145,MODERATE,sensor
2026-03-10 22:55:35,23.0,166,MODERATE,sensor
2026-03-10 22:55:37,23.0,193,HIGH,sensor
2026-03-10 22:55:40,23.0,238,CRITICAL,sensor
2026-03-10 22:55:42,23.0,239,CRITICAL,sensor
2026-03-10 22:55:44,23.0,237,CRITICAL,sensor
2026-03-10 22:55:46,23.0,0,LOW,sensor
2026-03-10 22:55:48,23.0,0,LOW,sensor
2026-03-10 22:55:50,23.0,0,LOW,sensor
2026-03-10 22:55:52,23.0,0,LOW,sensor
2026-03-10 22:55:54,23.0,0,LOW,sensor
2026-03-10 22:55:56,23.0,0,LOW,sensor
2026-03-10 22:55:58,23.0,0,LOW,sensor
2026-03-10 22:56:00,23.0,0,LOW,sensor
2026-03-10 22:56:02,23.0,0,LOW,sensor
2026-03-10 22:56:04,23.0,0,LOW,sensor
2026-03-10 22:56:06,22.0,0,LOW,sensor
2026-03-10 22:56:08,23.0,0,LOW,sensor
2026-03-10 22:56:10,23.0,0,LOW,sensor
2026-03-10 22:56:12,22.0,0,LOW,sensor
2026-03-10 22:56:14,23.0,0,LOW,sensor
2026-03-10 22:56:16,23.0,0,LOW,sensor
2026-03-10 22:56:18,23.0,0,LOW,sensor
2026-03-10 22:56:20,22.0,0,LOW,sensor
2026-03-10 22:56:22,23.0,0,LOW,sensor
2026-03-10 22:56:24,23.0,0,LOW,sensor
2026-03-10 22:56:26,23.0,0,LOW,sensor
2026-03-10 22:56:28,23.0,0,LOW,sensor
2026-03-10 22:56:30,23.0,0,LOW,sensor
2026-03-10 22:56:32,23.0,0,LOW,sensor
2026-03-10 22:56:34,23.0,0,LOW,sensor
2026-03-10 22:56:36,23.0,0,LOW,sensor
2026-03-10 22:56:38,23.0,0,LOW,sensor
2026-03-10 22:56:40,23.0,0,LOW,sensor
2026-03-10 22:56:42,23.0,0,LOW,sensor
2026-03-10 22:56:44,23.0,0,LOW,sensor
2026-03-10 22:56:46,23.0,0,LOW,sensor
2026-03-10 22:56:48,23.0,0,LOW,sensor
2026-03-10 22:56:50,23.0,0,LOW,sensor
2026-03-10 22:56:52,23.0,0,LOW,sensor
2026-03-10 22:56:54,23.0,0,LOW,sensor
2026-03-10 22:56:56,23.0,0,LOW,sensor
2026-03-10 22:56:58,23.0,0,LOW,sensor
2026-03-10 22:57:00,23.0,0,LOW,sensor
2026-03-10 22:57:03,23.0,0,LOW,sensor
2026-03-10 22:57:05,23.0,0,LOW,sensor
2026-03-10 22:57:06,23.0,0,LOW,sensor
2026-03-10 22:57:08,23.0,0,LOW,sensor
2026-03-10 22:57:10,23.0,0,LOW,sensor
2026-03-10 22:57:12,23.0,0,LOW,sensor
2026-03-10 22:57:14,23.0,0,LOW,sensor
2026-03-10 22:57:16,23.0,0,LOW,sensor
2026-03-10 22:57:18,23.0,0,LOW,sensor
2026-03-10 22:57:20,23.0,0,LOW,sensor
2026-03-10 22:57:22,23.0,0,LOW,sensor
2026-03-10 22:57:24,23.0,0,LOW,sensor
2026-03-10 22:57:26,23.0,0,LOW,sensor
2026-03-10 22:57:28,23.0,0,LOW,sensor
2026-03-10 22:57:31,23.0,0,LOW,sensor
2026-03-10 22:57:33,23.0,0,LOW,sensor
2026-03-10 22:57:35,23.0,0,LOW,sensor
2026-03-10 22:57:37,23.0,0,LOW,sensor
2026-03-10 22:57:39,23.0,0,LOW,sensor
2026-03-10 22:57:40,23.0,0,LOW,sensor
2026-03-10 22:57:42,23.0,0,LOW,sensor
2026-03-10 22:57:44,22.0,0,LOW,sensor
2026-03-10 22:57:46,23.0,0,LOW,sensor
2026-03-10 22:57:48,23.0,0,LOW,sensor
2026-03-10 22:57:50,23.0,0,LOW,sensor
2026-03-10 22:57:52,23.0,0,LOW,sensor
2026-03-10 22:57:54,23.0,0,LOW,sensor
2026-03-10 22:57:56,23.0,0,LOW,sensor
2026-03-10 22:57:58,23.0,0,LOW,sensor
2026-03-10 22:58:01,23.0,0,LOW,sensor
2026-03-10 22:58:03,23.0,0,LOW,sensor
2026-03-10 22:58:05,23.0,0,LOW,sensor
2026-03-10 22:58:07,23.0,0,LOW,sensor
2026-03-10 22:58:09,23.0,0,LOW,sensor
2026-03-10 22:58:11,23.0,0,LOW,sensor
2026-03-10 22:58:13,23.0,0,LOW,sensor
2026-03-10 22:58:14,23.0,0,LOW,sensor
2026-03-10 22:58:16,23.0,0,LOW,sensor
2026-03-10 22:58:18,23.0,0,LOW,sensor
2026-03-10 22:58:20,23.0,0,LOW,sensor
2026-03-10 22:58:22,23.0,0,LOW,sensor
2026-03-10 22:58:24,23.0,0,LOW,sensor
2026-03-10 22:58:26,23.0,0,LOW,sensor
2026-03-10 22:58:29,23.0,0,LOW,sensor
2026-03-10 22:58:31,23.0,0,LOW,sensor
2026-03-10 22:58:33,23.0,0,LOW,sensor
2026-03-10 22:58:35,23.0,0,LOW,sensor
2026-03-10 22:58:37,23.0,0,LOW,sensor
2026-03-10 22:58:39,23.0,0,LOW,sensor
2026-03-10 22:58:41,23.0,0,LOW,sensor
2026-03-10 22:58:43,23.0,0,LOW,sensor
2026-03-10 22:58:45,23.0,0,LOW,sensor
2026-03-10 22:58:46,23.0,0,LOW,sensor
2026-03-10 22:58:48,23.0,0,LOW,sensor
2026-03-10 22:58:50,23.0,0,LOW,sensor
2026-03-10 22:58:52,23.0,0,LOW,sensor
2026-03-10 22:58:55,23.0,0,LOW,sensor
2026-03-10 22:58:57,23.0,0,LOW,sensor
2026-03-10 22:58:59,23.0,0,LOW,sensor
2026-03-10 22:59:01,23.0,0,LOW,sensor
2026-03-10 22:59:03,23.0,0,LOW,sensor
2026-03-10 22:59:05,23.0,0,LOW,sensor
2026-03-10 22:59:07,23.0,0,LOW,sensor
2026-03-10 22:59:09,23.0,0,LOW,sensor
2026-03-10 22:59:11,23.0,0,LOW,sensor
2026-03-10 22:59:13,23.0,0,LOW,sensor
2026-03-10 22:59:15,23.0,0,LOW,sensor
2026-03-10 22:59:16,22.0,0,LOW,sensor
2026-03-10 22:59:18,22.0,0,LOW,sensor
2026-03-10 22:59:21,23.0,0,LOW,sensor
2026-03-10 22:59:23,23.0,0,LOW,sensor
2026-03-10 22:59:25,23.0,0,LOW,sensor
2026-03-10 22:59:27,23.0,0,LOW,sensor
2026-03-10 22:59:29,23.0,0,LOW,sensor
2026-03-10 22:59:31,23.0,0,LOW,sensor
2026-03-10 22:59:33,23.0,0,LOW,sensor
2026-03-10 22:59:35,23.0,0,LOW,sensor
2026-03-10 22:59:37,23.0,0,LOW,sensor
2026-03-10 22:59:39,23.0,0,LOW,sensor
2026-03-10 22:59:41,23.0,0,LOW,sensor
2026-03-10 22:59:43,22.0,0,LOW,sensor
2026-03-10 22:59:45,23.0,0,LOW,sensor
2026-03-10 22:59:47,23.0,0,LOW,sensor
2026-03-10 22:59:49,23.0,0,LOW,sensor
2026-03-10 22:59:51,23.0,0,LOW,sensor
2026-03-10 22:59:53,23.0,0,LOW,sensor
2026-03-10 22:59:55,23.0,0,LOW,sensor
2026-03-10 22:59:57,23.0,0,LOW,sensor
2026-03-10 22:59:59,22.0,0,LOW,sensor
2026-03-10 23:00:01,23.0,0,LOW,sensor
2026-03-10 23:00:03,23.0,0,LOW,sensor
2026-03-10 23:00:05,23.0,0,LOW,sensor
2026-03-10 23:00:07,23.0,0,LOW,sensor
2026-03-10 23:00:09,23.0,0,LOW,sensor
2026-03-10 23:00:11,23.0,0,LOW,sensor
2026-03-10 23:00:13,23.0,0,LOW,sensor
2026-03-10 23:00:15,23.0,0,LOW,sensor
2026-03-10 23:00:17,23.0,0,LOW,sensor
2026-03-10 23:00:19,23.0,0,LOW,sensor
2026-03-10 23:00:21,23.0,0,LOW,sensor
2026-03-10 23:00:23,23.0,0,LOW,sensor
2026-03-10 23:00:25,23.0,0,LOW,sensor
2026-03-10 23:00:27,23.0,0,LOW,sensor
2026-03-10 23:00:29,23.0,0,LOW,sensor
2026-03-10 23:00:31,23.0,0,LOW,sensor
2026-03-10 23:00:33,23.0,0,LOW,sensor
2026-03-10 23:00:35,22.0,0,LOW,sensor
2026-03-10 23:00:37,23.0,0,LOW,sensor
2026-03-10 23:00:39,23.0,0,LOW,sensor
2026-03-10 23:00:41,23.0,0,LOW,sensor
2026-03-10 23:00:43,23.0,0,LOW,sensor
2026-03-10 23:00:45,23.0,0,LOW,sensor
2026-03-10 23:00:47,23.0,0,LOW,sensor
2026-03-10 23:00:49,23.0,0,LOW,sensor
2026-03-10 23:00:51,23.0,0,LOW,sensor
2026-03-10 23:00:53,23.0,0,LOW,sensor
2026-03-10 23:00:55,23.0,0,LOW,sensor
2026-03-10 23:00:57,23.0,0,LOW,sensor
2026-03-10 23:00:59,23.0,0,LOW,sensor
2026-03-10 23:01:01,23.0,0,LOW,sensor
2026-03-10 23:01:03,23.0,0,LOW,sensor
2026-03-10 23:01:05,23.0,0,LOW,sensor
2026-03-10 23:01:07,23.0,0,LOW,sensor
2026-03-10 23:01:09,23.0,0,LOW,sensor
2026-03-10 23:01:11,23.0,0,LOW,sensor
2026-03-10 23:01:13,23.0,0,LOW,sensor
2026-03-10 23:01:15,23.0,0,LOW,sensor
2026-03-10 23:01:17,23.0,0,LOW,sensor
2026-03-10 23:01:19,23.0,0,LOW,sensor
2026-03-10 23:01:21,23.0,0,LOW,sensor
2026-03-10 23:01:23,23.0,0,LOW,sensor
2026-03-10 23:01:25,23.0,0,LOW,sensor
2026-03-10 23:01:27,23.0,0,LOW,sensor
2026-03-10 23:01:29,23.0,0,LOW,sensor
2026-03-10 23:01:31,23.0,0,LOW,sensor
2026-03-10 23:01:33,23.0,0,LOW,sensor
2026-03-10 23:01:35,23.0,0,LOW,sensor
2026-03-10 23:01:37,23.0,0,LOW,sensor
2026-03-10 23:01:39,23.0,0,LOW,sensor
2026-03-10 23:01:41,23.0,0,LOW,sensor
2026-03-10 23:01:43,23.0,0,LOW,sensor
2026-03-10 23:01:45,23.0,0,LOW,sensor
2026-03-10 23:01:47,23.0,0,LOW,sensor
2026-03-10 23:01:49,23.0,0,LOW,sensor
2026-03-10 23:01:51,23.0,0,LOW,sensor
2026-03-10 23:01:53,23.0,0,LOW,sensor
2026-03-10 23:01:55,23.0,0,LOW,sensor
2026-03-10 23:01:57,23.0,0,LOW,sensor
2026-03-10 23:01:59,23.0,0,LOW,sensor
2026-03-10 23:02:01,23.0,0,LOW,sensor
2026-03-10 23:02:03,23.0,0,LOW,sensor
2026-03-10 23:02:05,23.0,0,LOW,sensor
2026-03-10 23:02:07,23.0,0,LOW,sensor
2026-03-10 23:02:09,23.0,0,LOW,sensor
2026-03-10 23:02:11,23.0,0,LOW,sensor
2026-03-10 23:02:13,23.0,0,LOW,sensor
2026-03-10 23:02:15,23.0,0,LOW,sensor
2026-03-10 23:02:17,23.0,0,LOW,sensor
2026-03-10 23:02:19,23.0,0,LOW,sensor
2026-03-10 23:02:21,23.0,0,LOW,sensor
2026-03-10 23:02:23,23.0,0,LOW,sensor
2026-03-10 23:02:25,23.0,0,LOW,sensor
2026-03-10 23:02:27,23.0,0,LOW,sensor
2026-03-10 23:02:29,23.0,0,LOW,sensor
2026-03-10 23:02:31,23.0,0,LOW,sensor
2026-03-10 23:02:33,23.0,0,LOW,sensor
2026-03-10 23:02:35,23.0,0,LOW,sensor
2026-03-10 23:02:37,23.0,0,LOW,sensor
2026-03-10 23:02:39,23.0,0,LOW,sensor
2026-03-10 23:02:41,23.0,0,LOW,sensor
2026-03-10 23:02:43,23.0,0,LOW,sensor
2026-03-10 23:02:45,23.0,0,LOW,sensor
2026-03-10 23:02:47,23.0,0,LOW,sensor
2026-03-10 23:02:49,23.0,0,LOW,sensor
2026-03-10 23:02:51,23.0,0,LOW,sensor
2026-03-10 23:02:53,23.0,0,LOW,sensor
2026-03-10 23:02:55,23.0,0,LOW,sensor
2026-03-10 23:02:57,23.0,0,LOW,sensor
2026-03-10 23:02:59,23.0,0,LOW,sensor
2026-03-10 23:03:01,23.0,0,LOW,sensor
2026-03-10 23:03:03,23.0,0,LOW,sensor
2026-03-10 23:03:05,23.0,0,LOW,sensor
2026-03-10 23:03:07,23.0,0,LOW,sensor
2026-03-10 23:03:09,23.0,0,LOW,sensor
2026-03-10 23:03:11,23.0,0,LOW,sensor
2026-03-10 23:03:13,23.0,0,LOW,sensor
2026-03-10 23:03:15,23.0,0,LOW,sensor
2026-03-10 23:03:17,23.0,0,LOW,sensor
2026-03-10 23:03:19,23.0,0,LOW,sensor
2026-03-10 23:03:21,23.0,0,LOW,sensor
2026-03-10 23:03:24,23.0,0,LOW,sensor
2026-03-10 23:03:25,23.0,0,LOW,sensor
2026-03-10 23:03:27,23.0,0,LOW,sensor
2026-03-10 23:03:29,23.0,0,LOW,sensor
2026-03-10 23:03:31,23.0,0,LOW,sensor
2026-03-10 23:03:33,23.0,0,LOW,sensor
2026-03-10 23:03:35,23.0,0,LOW,sensor
2026-03-10 23:03:37,23.0,0,LOW,sensor
2026-03-10 23:03:39,23.0,0,LOW,sensor
2026-03-10 23:03:41,23.0,0,LOW,sensor
2026-03-10 23:03:43,23.0,0,LOW,sensor
2026-03-10 23:03:45,23.0,0,LOW,sensor
2026-03-10 23:03:47,23.0,0,LOW,sensor
2026-03-10 23:03:50,23.0,0,LOW,sensor
2026-03-10 23:03:52,23.0,0,LOW,sensor
2026-03-10 23:03:54,23.0,0,LOW,sensor
2026-03-10 23:03:55,23.0,0,LOW,sensor
2026-03-10 23:03:57,23.0,0,LOW,sensor
2026-03-10 23:03:59,23.0,0,LOW,sensor
2026-03-10 23:04:01,23.0,0,LOW,sensor
2026-03-10 23:04:03,23.0,0,LOW,sensor
2026-03-10 23:04:05,23.0,0,LOW,sensor
2026-03-10 23:04:07,23.0,0,LOW,sensor
2026-03-10 23:04:09,23.0,0,LOW,sensor
2026-03-10 23:04:11,23.0,0,LOW,sensor
2026-03-10 23:04:13,23.0,0,LOW,sensor
2026-03-10 23:04:15,23.0,0,LOW,sensor
2026-03-10 23:04:18,23.0,0,LOW,sensor
2026-03-10 23:04:20,23.0,0,LOW,sensor
2026-03-10 23:04:22,23.0,0,LOW,sensor
2026-03-10 23:04:24,23.0,0,LOW,sensor
2026-03-10 23:04:26,23.0,0,LOW,sensor
2026-03-10 23:04:28,23.0,0,LOW,sensor
2026-03-10 23:04:30,23.0,0,LOW,sensor
2026-03-10 23:04:32,23.0,0,LOW,sensor
2026-03-10 23:04:33,23.0,0,LOW,sensor
2026-03-10 23:04:35,23.0,0,LOW,sensor
2026-03-10 23:04:37,23.0,0,LOW,sensor
2026-03-10 23:04:39,23.0,0,LOW,sensor
2026-03-10 23:04:41,23.0,0,LOW,sensor
2026-03-10 23:04:43,23.0,0,LOW,sensor
2026-03-10 23:04:45,23.0,0,LOW,sensor
2026-03-10 23:04:47,23.0,0,LOW,sensor
2026-03-10 23:04:50,23.0,0,LOW,sensor
2026-03-10 23:04:52,22.0,0,LOW,sensor
2026-03-10 23:04:54,23.0,0,LOW,sensor
2026-03-10 23:04:56,23.0,0,LOW,sensor
2026-03-10 23:04:58,23.0,0,LOW,sensor
2026-03-10 23:05:00,23.0,0,LOW,sensor
2026-03-10 23:05:02,22.0,0,LOW,sensor
2026-03-10 23:05:04,23.0,0,LOW,sensor
2026-03-10 23:05:06,23.0,0,LOW,sensor
2026-03-10 23:05:07,23.0,0,LOW,sensor
2026-03-10 23:05:09,23.0,0,LOW,sensor
2026-03-10 23:05:11,23.0,0,LOW,sensor
2026-03-10 23:05:13,23.0,0,LOW,sensor
2026-03-10 23:05:15,23.0,0,LOW,sensor
2026-03-10 23:05:18,23.0,0,LOW,sensor
2026-03-10 23:05:20,23.0,0,LOW,sensor
2026-03-10 23:05:22,23.0,0,LOW,sensor
2026-03-10 23:05:24,23.0,0,LOW,sensor
2026-03-10 23:05:26,23.0,0,LOW,sensor
2026-03-10 23:05:28,23.0,0,LOW,sensor
2026-03-10 23:05:30,23.0,0,LOW,sensor
2026-03-10 23:05:32,23.0,0,LOW,sensor
2026-03-10 23:05:34,23.0,0,LOW,sensor
2026-03-10 23:05:36,23.0,0,LOW,sensor
2026-03-10 23:05:38,23.0,0,LOW,sensor
2026-03-10 23:05:39,23.0,0,LOW,sensor
2026-03-10 23:05:41,23.0,0,LOW,sensor
2026-03-10 23:05:43,23.0,0,LOW,sensor
2026-03-10 23:05:46,23.0,0,LOW,sensor
2026-03-10 23:05:48,22.0,0,LOW,sensor
2026-03-10 23:05:50,23.0,0,LOW,sensor
2026-03-10 23:05:52,23.0,0,LOW,sensor
2026-03-10 23:05:54,22.0,0,LOW,sensor
2026-03-10 23:05:56,23.0,0,LOW,sensor
2026-03-10 23:05:58,23.0,0,LOW,sensor
2026-03-10 23:06:00,23.0,0,LOW,sensor
2026-03-10 23:06:02,23.0,0,LOW,sensor
2026-03-10 23:06:04,22.0,0,LOW,sensor
2026-03-10 23:06:05,22.0,0,LOW,sensor
2026-03-10 23:06:08,23.0,0,LOW,sensor
2026-03-10 23:06:10,23.0,0,LOW,sensor
2026-03-10 23:06:12,23.0,0,LOW,sensor
2026-03-10 23:06:14,23.0,0,LOW,sensor
2026-03-10 23:06:16,23.0,0,LOW,sensor
2026-03-10 23:06:18,23.0,0,LOW,sensor
2026-03-10 23:06:20,23.0,0,LOW,sensor
2026-03-10 23:06:22,23.0,0,LOW,sensor
2026-03-10 23:06:24,23.0,0,LOW,sensor
2026-03-10 23:06:26,23.0,0,LOW,sensor
2026-03-10 23:06:28,23.0,0,LOW,sensor
2026-03-10 23:06:30,23.0,0,LOW,sensor
2026-03-10 23:06:32,23.0,0,LOW,sensor
2026-03-10 23:06:34,22.0,0,LOW,sensor
2026-03-10 23:06:36,23.0,0,LOW,sensor
2026-03-10 23:06:38,23.0,0,LOW,sensor
2026-03-10 23:06:40,23.0,0,LOW,sensor
2026-03-10 23:06:42,23.0,0,LOW,sensor
2026-03-10 23:06:44,23.0,0,LOW,sensor
2026-03-10 23:06:46,23.0,0,LOW,sensor
2026-03-10 23:06:48,23.0,0,LOW,sensor
2026-03-10 23:06:50,23.0,0,LOW,sensor
2026-03-10 23:06:52,23.0,0,LOW,sensor
2026-03-10 23:06:54,23.0,0,LOW,sensor
2026-03-10 23:06:56,23.0,0,LOW,sensor
2026-03-10 23:06:58,23.0,0,LOW,sensor
2026-03-10 23:07:00,23.0,0,LOW,sensor
2026-03-10 23:07:02,23.0,0,LOW,sensor
2026-03-10 23:07:04,23.0,0,LOW,sensor
2026-03-10 23:07:06,22.0,0,LOW,sensor
2026-03-10 23:07:08,23.0,0,LOW,sensor
2026-03-10 23:07:10,23.0,0,LOW,sensor
2026-03-10 23:07:12,23.0,0,LOW,sensor
2026-03-10 23:07:14,23.0,0,LOW,sensor
2026-03-10 23:07:16,23.0,0,LOW,sensor
2026-03-10 23:07:18,23.0,0,LOW,sensor
2026-03-10 23:07:20,23.0,0,LOW,sensor
2026-03-10 23:07:22,23.0,0,LOW,sensor
2026-03-10 23:07:24,23.0,0,LOW,sensor
2026-03-10 23:07:26,23.0,0,LOW,sensor
2026-03-10 23:07:28,23.0,0,LOW,sensor
2026-03-10 23:07:30,23.0,0,LOW,sensor
2026-03-10 23:07:32,23.0,0,LOW,sensor
2026-03-10 23:07:34,23.0,0,LOW,sensor
2026-03-10 23:07:36,23.0,0,LOW,sensor
2026-03-10 23:07:38,23.0,0,LOW,sensor
2026-03-10 23:07:40,23.0,0,LOW,sensor
2026-03-10 23:07:42,22.0,0,LOW,sensor
2026-03-10 23:07:44,23.0,0,LOW,sensor
2026-03-10 23:07:46,23.0,0,LOW,sensor
2026-03-10 23:07:48,22.0,0,LOW,sensor
2026-03-10 23:07:50,23.0,0,LOW,sensor
2026-03-10 23:07:52,23.0,0,LOW,sensor
2026-03-10 23:07:54,23.0,0,LOW,sensor
2026-03-10 23:07:56,23.0,0,LOW,sensor
2026-03-10 23:07:58,23.0,0,LOW,sensor
2026-03-10 23:08:00,23.0,0,LOW,sensor
2026-03-10 23:08:02,23.0,0,LOW,sensor
2026-03-10 23:08:04,23.0,0,LOW,sensor
2026-03-10 23:08:06,23.0,0,LOW,sensor
2026-03-10 23:08:08,23.0,0,LOW,sensor
2026-03-10 23:08:10,23.0,0,LOW,sensor
2026-03-10 23:08:12,23.0,0,LOW,sensor
2026-03-10 23:08:14,23.0,0,LOW,sensor
2026-03-10 23:08:16,23.0,0,LOW,sensor
2026-03-10 23:08:18,23.0,0,LOW,sensor
2026-03-10 23:08:20,23.0,0,LOW,sensor
2026-03-10 23:08:22,23.0,0,LOW,sensor
2026-03-10 23:08:24,23.0,0,LOW,sensor
2026-03-10 23:08:26,23.0,0,LOW,sensor
2026-03-10 23:08:28,23.0,0,LOW,sensor
2026-03-10 23:08:30,23.0,0,LOW,sensor
2026-03-10 23:08:32,23.0,0,LOW,sensor
2026-03-10 23:08:34,23.0,0,LOW,sensor
2026-03-10 23:08:36,23.0,0,LOW,sensor
2026-03-10 23:08:38,23.0,0,LOW,sensor
2026-03-10 23:08:40,23.0,0,LOW,sensor
2026-03-10 23:08:42,23.0,0,LOW,sensor
2026-03-10 23:08:44,23.0,0,LOW,sensor
2026-03-10 23:08:46,23.0,0,LOW,sensor
2026-03-10 23:08:48,23.0,0,LOW,sensor
2026-03-10 23:08:50,23.0,0,LOW,sensor
2026-03-10 23:08:52,23.0,0,LOW,sensor
2026-03-10 23:08:54,23.0,0,LOW,sensor
2026-03-10 23:08:56,23.0,0,LOW,sensor
2026-03-10 23:08:58,23.0,0,LOW,sensor
2026-03-10 23:09:00,23.0,0,LOW,sensor
2026-03-10 23:09:02,23.0,0,LOW,sensor
2026-03-10 23:09:04,23.0,0,LOW,sensor
2026-03-10 23:09:06,23.0,0,LOW,sensor
2026-03-10 23:09:08,23.0,0,LOW,sensor
2026-03-10 23:09:10,23.0,0,LOW,sensor
2026-03-10 23:09:12,23.0,0,LOW,sensor
2026-03-10 23:09:14,23.0,0,LOW,sensor
2026-03-10 23:09:16,23.0,0,LOW,sensor
2026-03-10 23:09:18,23.0,0,LOW,sensor
2026-03-10 23:09:20,23.0,0,LOW,sensor
2026-03-10 23:09:22,23.0,0,LOW,sensor
2026-03-10 23:09:24,23.0,0,LOW,sensor
2026-03-10 23:09:26,23.0,0,LOW,sensor
2026-03-10 23:09:28,23.0,0,LOW,sensor
2026-03-10 23:09:30,23.0,0,LOW,sensor
2026-03-10 23:09:32,23.0,0,LOW,sensor
2026-03-10 23:09:34,23.0,0,LOW,sensor
2026-03-10 23:09:36,23.0,0,LOW,sensor
2026-03-10 23:09:38,23.0,0,LOW,sensor
2026-03-10 23:09:40,23.0,0,LOW,sensor
2026-03-10 23:09:42,23.0,0,LOW,sensor
2026-03-10 23:09:44,23.0,0,LOW,sensor
2026-03-10 23:09:46,23.0,0,LOW,sensor
2026-03-10 23:09:48,23.0,0,LOW,sensor
2026-03-10 23:09:50,23.0,0,LOW,sensor
2026-03-10 23:09:52,23.0,0,LOW,sensor
2026-03-10 23:09:54,23.0,0,LOW,sensor
2026-03-10 23:09:56,23.0,0,LOW,sensor
2026-03-10 23:09:58,23.0,0,LOW,sensor
2026-03-10 23:10:00,23.0,0,LOW,sensor
2026-03-10 23:10:02,23.0,0,LOW,sensor
2026-03-10 23:10:04,23.0,0,LOW,sensor
2026-03-10 23:10:06,23.0,0,LOW,sensor
2026-03-10 23:10:08,23.0,0,LOW,sensor
2026-03-10 23:10:10,23.0,0,LOW,sensor
2026-03-10 23:10:12,22.0,0,LOW,sensor
2026-03-10 23:10:14,23.0,0,LOW,sensor
2026-03-10 23:10:17,23.0,0,LOW,sensor
2026-03-10 23:10:19,23.0,0,LOW,sensor
2026-03-10 23:10:20,23.0,0,LOW,sensor
2026-03-10 23:10:22,23.0,0,LOW,sensor
2026-03-10 23:10:24,23.0,0,LOW,sensor
2026-03-10 23:10:26,23.0,0,LOW,sensor
2026-03-10 23:10:28,23.0,0,LOW,sensor
2026-03-10 23:10:30,23.0,0,LOW,sensor
2026-03-10 23:10:32,23.0,0,LOW,sensor
2026-03-10 23:10:34,23.0,0,LOW,sensor
2026-03-10 23:10:36,23.0,0,LOW,sensor
2026-03-10 23:10:38,23.0,0,LOW,sensor
2026-03-10 23:10:40,23.0,0,LOW,sensor
2026-03-10 23:10:43,23.0,0,LOW,sensor
2026-03-10 23:10:45,23.0,0,LOW,sensor
2026-03-10 23:10:46,23.0,0,LOW,sensor
2026-03-10 23:10:48,23.0,0,LOW,sensor
2026-03-10 23:10:50,23.0,0,LOW,sensor
2026-03-10 23:10:52,23.0,0,LOW,sensor
2026-03-10 23:10:54,23.0,0,LOW,sensor
2026-03-10 23:10:56,23.0,0,LOW,sensor
2026-03-10 23:10:58,22.0,0,LOW,sensor
2026-03-10 23:11:00,22.0,0,LOW,sensor
2026-03-10 23:11:02,22.0,0,LOW,sensor
2026-03-10 23:11:04,23.0,0,LOW,sensor
2026-03-10 23:11:06,22.0,0,LOW,sensor
2026-03-10 23:11:09,23.0,0,LOW,sensor
2026-03-10 23:11:11,23.0,0,LOW,sensor
2026-03-10 23:11:13,23.0,0,LOW,sensor
2026-03-10 23:11:15,23.0,0,LOW,sensor
2026-03-10 23:11:17,23.0,0,LOW,sensor
2026-03-10 23:11:19,23.0,0,LOW,sensor
2026-03-10 23:11:20,23.0,0,LOW,sensor
2026-03-10 23:11:22,23.0,0,LOW,sensor
2026-03-10 23:11:24,23.0,0,LOW,sensor
2026-03-10 23:11:26,23.0,0,LOW,sensor
2026-03-10 23:11:28,23.0,0,LOW,sensor
2026-03-10 23:11:30,23.0,0,LOW,sensor
2026-03-10 23:11:32,23.0,0,LOW,sensor
2026-03-10 23:11:34,23.0,0,LOW,sensor
2026-03-10 23:11:37,23.0,0,LOW,sensor
2026-03-10 23:11:39,23.0,0,LOW,sensor
2026-03-10 23:11:41,23.0,0,LOW,sensor
2026-03-10 23:11:43,23.0,0,LOW,sensor
2026-03-10 23:11:45,23.0,0,LOW,sensor
2026-03-10 23:11:47,23.0,0,LOW,sensor
2026-03-10 23:11:49,23.0,0,LOW,sensor
2026-03-10 23:11:51,23.0,0,LOW,sensor
2026-03-10 23:11:52,23.0,0,LOW,sensor
2026-03-10 23:11:54,23.0,0,LOW,sensor
2026-03-10 23:11:56,23.0,0,LOW,sensor
2026-03-10 23:11:58,23.0,0,LOW,sensor
2026-03-10 23:12:00,23.0,0,LOW,sensor
2026-03-10 23:12:02,23.0,0,LOW,sensor
2026-03-10 23:12:05,23.0,0,LOW,sensor
2026-03-10 23:12:07,23.0,0,LOW,sensor
2026-03-10 23:12:09,23.0,0,LOW,sensor
2026-03-10 23:12:11,23.0,0,LOW,sensor
2026-03-10 23:12:13,23.0,0,LOW,sensor
2026-03-10 23:12:15,23.0,0,LOW,sensor
2026-03-10 23:12:17,23.0,0,LOW,sensor
2026-03-10 23:12:18,23.0,0,LOW,sensor
2026-03-10 23:12:20,23.0,0,LOW,sensor
2026-03-10 23:12:22,23.0,0,LOW,sensor
2026-03-10 23:12:24,23.0,0,LOW,sensor
2026-03-10 23:12:26,23.0,0,LOW,sensor
2026-03-10 23:12:29,23.0,0,LOW,sensor
2026-03-10 23:12:31,23.0,0,LOW,sensor
2026-03-10 23:12:33,23.0,0,LOW,sensor
2026-03-10 23:12:35,23.0,0,LOW,sensor
2026-03-10 23:12:37,23.0,0,LOW,sensor
2026-03-10 23:12:39,23.0,0,LOW,sensor
2026-03-10 23:12:41,23.0,0,LOW,sensor
2026-03-10 23:12:43,23.0,0,LOW,sensor
2026-03-10 23:12:45,23.0,0,LOW,sensor
2026-03-10 23:12:47,22.0,0,LOW,sensor
2026-03-10 23:12:49,23.0,0,LOW,sensor
2026-03-10 23:12:50,23.0,0,LOW,sensor
2026-03-10 23:12:52,23.0,0,LOW,sensor
2026-03-10 23:12:54,23.0,0,LOW,sensor
2026-03-10 23:12:57,23.0,0,LOW,sensor
2026-03-10 23:12:59,23.0,0,LOW,sensor
2026-03-10 23:13:01,23.0,0,LOW,sensor
2026-03-10 23:13:03,23.0,0,LOW,sensor
2026-03-10 23:13:05,23.0,0,LOW,sensor
2026-03-10 23:13:07,23.0,0,LOW,sensor
2026-03-10 23:13:09,23.0,0,LOW,sensor
2026-03-10 23:13:11,23.0,0,LOW,sensor
2026-03-10 23:13:13,23.0,0,LOW,sensor
2026-03-10 23:13:15,23.0,0,LOW,sensor
2026-03-10 23:13:17,23.0,0,LOW,sensor
2026-03-10 23:13:19,23.0,0,LOW,sensor
2026-03-10 23:13:21,23.0,0,LOW,sensor
2026-03-10 23:13:22,23.0,0,LOW,sensor
2026-03-10 23:13:25,23.0,0,LOW,sensor
2026-03-10 23:13:27,23.0,0,LOW,sensor
2026-03-10 23:13:29,23.0,0,LOW,sensor
2026-03-10 23:13:31,23.0,0,LOW,sensor
2026-03-10 23:13:33,23.0,0,LOW,sensor
2026-03-10 23:13:35,23.0,0,LOW,sensor
2026-03-10 23:13:37,23.0,0,LOW,sensor
2026-03-10 23:13:39,23.0,0,LOW,sensor
2026-03-10 23:13:41,23.0,0,LOW,sensor
2026-03-10 23:13:43,23.0,0,LOW,sensor
2026-03-10 23:13:45,23.0,0,LOW,sensor
2026-03-10 23:13:47,23.0,0,LOW,sensor
2026-03-10 23:13:49,23.0,0,LOW,sensor
2026-03-10 23:13:51,23.0,0,LOW,sensor
2026-03-10 23:13:53,23.0,0,LOW,sensor
2026-03-10 23:13:55,23.0,0,LOW,sensor
2026-03-10 23:13:57,23.0,0,LOW,sensor
2026-03-10 23:13:59,23.0,0,LOW,sensor
2026-03-10 23:14:01,23.0,0,LOW,sensor
2026-03-10 23:14:03,23.0,0,LOW,sensor
2026-03-10 23:14:05,23.0,0,LOW,sensor
2026-03-10 23:14:07,23.0,0,LOW,sensor
2026-03-10 23:14:09,23.0,0,LOW,sensor
2026-03-10 23:14:11,23.0,0,LOW,sensor
2026-03-10 23:14:13,23.0,0,LOW,sensor
2026-03-10 23:14:15,23.0,0,LOW,sensor
2026-03-10 23:14:17,23.0,0,LOW,sensor
2026-03-10 23:14:19,23.0,0,LOW,sensor
2026-03-10 23:14:21,23.0,0,LOW,sensor
2026-03-10 23:14:23,23.0,0,LOW,sensor
2026-03-10 23:14:25,23.0,0,LOW,sensor
2026-03-10 23:14:27,23.0,0,LOW,sensor
2026-03-10 23:14:29,23.0,0,LOW,sensor
2026-03-10 23:14:31,23.0,0,LOW,sensor
2026-03-10 23:14:33,23.0,0,LOW,sensor
2026-03-10 23:14:35,23.0,0,LOW,sensor
2026-03-10 23:14:37,23.0,0,LOW,sensor
2026-03-10 23:14:39,23.0,0,LOW,sensor
2026-03-10 23:14:41,23.0,0,LOW,sensor
2026-03-10 23:14:43,23.0,0,LOW,sensor
2026-03-10 23:14:45,23.0,0,LOW,sensor
2026-03-10 23:14:47,23.0,0,LOW,sensor
2026-03-10 23:14:49,23.0,0,LOW,sensor
2026-03-10 23:14:51,23.0,0,LOW,sensor
2026-03-10 23:14:53,23.0,0,LOW,sensor
2026-03-10 23:14:55,23.0,0,LOW,sensor
2026-03-10 23:14:57,23.0,0,LOW,sensor
2026-03-10 23:14:59,23.0,0,LOW,sensor
2026-03-10 23:15:01,23.0,0,LOW,sensor
2026-03-10 23:15:03,23.0,0,LOW,sensor
2026-03-10 23:15:05,23.0,0,LOW,sensor
2026-03-10 23:15:07,23.0,0,LOW,sensor
2026-03-10 23:15:09,23.0,0,LOW,sensor
2026-03-10 23:15:11,23.0,0,LOW,sensor
2026-03-10 23:15:13,23.0,0,LOW,sensor
2026-03-10 23:15:15,23.0,0,LOW,sensor
2026-03-10 23:15:17,23.0,0,LOW,sensor
2026-03-10 23:15:19,23.0,0,LOW,sensor
2026-03-10 23:15:21,23.0,0,LOW,sensor
2026-03-10 23:15:23,23.0,0,LOW,sensor
2026-03-10 23:15:25,23.0,0,LOW,sensor
2026-03-10 23:15:27,23.0,0,LOW,sensor
2026-03-10 23:15:29,23.0,0,LOW,sensor
2026-03-10 23:15:31,23.0,0,LOW,sensor
2026-03-10 23:15:33,23.0,0,LOW,sensor
2026-03-10 23:15:35,23.0,0,LOW,sensor
2026-03-10 23:15:37,23.0,0,LOW,sensor
2026-03-10 23:15:39,23.0,0,LOW,sensor
2026-03-10 23:15:41,23.0,0,LOW,sensor
2026-03-10 23:15:43,23.0,0,LOW,sensor
2026-03-10 23:15:45,23.0,0,LOW,sensor
2026-03-10 23:15:47,23.0,0,LOW,sensor
2026-03-10 23:15:49,23.0,0,LOW,sensor
2026-03-10 23:15:51,23.0,0,LOW,sensor
2026-03-10 23:15:53,23.0,0,LOW,sensor
2026-03-10 23:15:55,23.0,0,LOW,sensor
2026-03-10 23:15:57,23.0,0,LOW,sensor
2026-03-10 23:15:59,23.0,0,LOW,sensor
2026-03-10 23:16:01,23.0,0,LOW,sensor
2026-03-10 23:16:03,23.0,0,LOW,sensor
2026-03-10 23:16:05,23.0,0,LOW,sensor
2026-03-10 23:16:07,23.0,0,LOW,sensor
2026-03-10 23:16:09,23.0,0,LOW,sensor
2026-03-10 23:16:11,23.0,0,LOW,sensor
2026-03-10 23:16:13,23.0,0,LOW,sensor
2026-03-10 23:16:15,23.0,0,LOW,sensor
2026-03-10 23:16:17,23.0,0,LOW,sensor
2026-03-10 23:16:19,23.0,0,LOW,sensor
2026-03-10 23:16:21,23.0,0,LOW,sensor
2026-03-10 23:16:23,23.0,0,LOW,sensor
2026-03-10 23:16:25,23.0,0,LOW,sensor
2026-03-10 23:16:27,23.0,0,LOW,sensor
2026-03-10 23:16:29,23.0,0,LOW,sensor
2026-03-10 23:16:31,23.0,0,LOW,sensor
2026-03-10 23:16:33,23.0,0,LOW,sensor
2026-03-10 23:16:35,23.0,0,LOW,sensor
2026-03-10 23:16:37,23.0,0,LOW,sensor
2026-03-10 23:16:39,23.0,0,LOW,sensor
2026-03-10 23:16:41,23.0,0,LOW,sensor
2026-03-10 23:16:43,23.0,0,LOW,sensor
2026-03-10 23:16:45,23.0,0,LOW,sensor
2026-03-10 23:16:47,23.0,0,LOW,sensor
2026-03-10 23:16:49,22.0,0,LOW,sensor
2026-03-10 23:16:51,23.0,0,LOW,sensor
2026-03-10 23:16:53,23.0,0,LOW,sensor
2026-03-10 23:16:55,22.0,0,LOW,sensor
2026-03-10 23:16:57,23.0,0,LOW,sensor
2026-03-10 23:16:59,23.0,0,LOW,sensor
2026-03-10 23:17:01,22.0,0,LOW,sensor
2026-03-10 23:17:03,22.0,0,LOW,sensor
2026-03-10 23:17:05,23.0,0,LOW,sensor
2026-03-10 23:17:07,22.0,0,LOW,sensor
2026-03-10 23:17:09,23.0,0,LOW,sensor
2026-03-10 23:17:11,23.0,0,LOW,sensor
2026-03-10 23:17:13,23.0,0,LOW,sensor
2026-03-10 23:17:15,22.0,0,LOW,sensor
2026-03-10 23:17:17,23.0,0,LOW,sensor
2026-03-10 23:17:19,22.0,0,LOW,sensor
2026-03-10 23:17:21,22.0,0,LOW,sensor
2026-03-10 23:17:23,23.0,0,LOW,sensor
2026-03-10 23:17:25,23.0,0,LOW,sensor
2026-03-10 23:17:27,23.0,0,LOW,sensor
2026-03-10 23:17:29,23.0,0,LOW,sensor
2026-03-10 23:17:31,23.0,0,LOW,sensor
2026-03-10 23:17:33,23.0,0,LOW,sensor
2026-03-10 23:17:35,23.0,0,LOW,sensor
2026-03-10 23:17:37,23.0,0,LOW,sensor
2026-03-10 23:17:39,22.0,0,LOW,sensor
2026-03-10 23:17:41,22.0,0,LOW,sensor
2026-03-10 23:17:43,23.0,0,LOW,sensor
2026-03-10 23:17:45,22.0,0,LOW,sensor
2026-03-10 23:17:48,23.0,0,LOW,sensor
2026-03-10 23:17:50,22.0,0,LOW,sensor
2026-03-10 23:17:51,22.0,0,LOW,sensor
2026-03-10 23:17:53,23.0,0,LOW,sensor
2026-03-10 23:17:55,23.0,0,LOW,sensor
2026-03-10 23:17:57,23.0,0,LOW,sensor
2026-03-10 23:17:59,23.0,0,LOW,sensor
2026-03-10 23:18:01,23.0,0,LOW,sensor
2026-03-10 23:18:03,23.0,0,LOW,sensor
2026-03-10 23:18:05,23.0,0,LOW,sensor
2026-03-10 23:18:07,23.0,0,LOW,sensor
2026-03-10 23:18:09,23.0,0,LOW,sensor
2026-03-10 23:18:11,23.0,0,LOW,sensor
2026-03-10 23:18:13,23.0,0,LOW,sensor
2026-03-10 23:18:16,23.0,0,LOW,sensor
2026-03-10 23:18:18,23.0,0,LOW,sensor
2026-03-10 23:18:20,23.0,0,LOW,sensor
2026-03-10 23:18:22,23.0,0,LOW,sensor
2026-03-10 23:18:23,23.0,0,LOW,sensor
2026-03-10 23:18:25,23.0,0,LOW,sensor
2026-03-10 23:18:27,23.0,0,LOW,sensor
2026-03-10 23:18:29,23.0,0,LOW,sensor
2026-03-10 23:18:31,23.0,0,LOW,sensor
2026-03-10 23:18:33,22.0,0,LOW,sensor
2026-03-10 23:18:35,23.0,0,LOW,sensor
2026-03-10 23:18:37,23.0,0,LOW,sensor
2026-03-10 23:18:39,23.0,0,LOW,sensor
2026-03-10 23:18:42,23.0,0,LOW,sensor
2026-03-10 23:18:44,22.0,0,LOW,sensor
2026-03-10 23:18:46,22.0,0,LOW,sensor
2026-03-10 23:18:48,22.0,0,LOW,sensor
2026-03-10 23:18:49,23.0,0,LOW,sensor
2026-03-10 23:18:51,23.0,0,LOW,sensor
2026-03-10 23:18:53,23.0,0,LOW,sensor
2026-03-10 23:18:55,22.0,0,LOW,sensor
2026-03-10 23:18:57,23.0,0,LOW,sensor
2026-03-10 23:18:59,23.0,0,LOW,sensor
2026-03-10 23:19:01,22.0,0,LOW,sensor
2026-03-10 23:19:03,23.0,0,LOW,sensor
2026-03-10 23:19:06,23.0,0,LOW,sensor
2026-03-10 23:19:08,22.0,0,LOW,sensor
2026-03-10 23:19:10,23.0,0,LOW,sensor
2026-03-10 23:19:12,22.0,0,LOW,sensor
2026-03-10 23:19:14,23.0,0,LOW,sensor
2026-03-10 23:19:16,22.0,0,LOW,sensor
2026-03-10 23:19:18,22.0,0,LOW,sensor
2026-03-10 23:19:20,22.0,0,LOW,sensor
2026-03-10 23:19:21,23.0,0,LOW,sensor
2026-03-10 23:19:23,23.0,0,LOW,sensor
2026-03-10 23:19:25,22.0,0,LOW,sensor
2026-03-10 23:19:27,23.0,0,LOW,sensor
2026-03-10 23:19:29,23.0,0,LOW,sensor
2026-03-10 23:19:32,22.0,0,LOW,sensor
2026-03-10 23:19:34,23.0,0,LOW,sensor
2026-03-10 23:19:36,23.0,0,LOW,sensor
2026-03-10 23:19:38,23.0,0,LOW,sensor
2026-03-10 23:19:40,22.0,0,LOW,sensor
2026-03-10 23:19:42,23.0,0,LOW,sensor
2026-03-10 23:19:44,23.0,0,LOW,sensor
2026-03-10 23:19:46,23.0,0,LOW,sensor
2026-03-10 23:19:48,23.0,0,LOW,sensor
2026-03-10 23:19:49,23.0,0,LOW,sensor
2026-03-10 23:19:51,22.0,0,LOW,sensor
2026-03-10 23:19:53,22.0,0,LOW,sensor
2026-03-10 23:19:55,22.0,0,LOW,sensor
2026-03-10 23:19:58,22.0,0,LOW,sensor
2026-03-10 23:20:00,22.0,0,LOW,sensor
2026-03-10 23:20:02,22.0,0,LOW,sensor
2026-03-10 23:20:04,22.0,0,LOW,sensor
2026-03-10 23:20:06,23.0,0,LOW,sensor
2026-03-10 23:20:08,22.0,0,LOW,sensor
2026-03-10 23:20:10,22.0,0,LOW,sensor
2026-03-10 23:20:12,22.0,0,LOW,sensor
2026-03-10 23:20:14,22.0,0,LOW,sensor
2026-03-10 23:20:16,22.0,0,LOW,sensor
2026-03-10 23:20:18,22.0,0,LOW,sensor
2026-03-10 23:20:19,23.0,0,LOW,sensor
2026-03-10 23:20:21,22.0,0,LOW,sensor
2026-03-10 23:20:24,23.0,0,LOW,sensor
2026-03-10 23:20:26,22.0,0,LOW,sensor
2026-03-10 23:20:28,23.0,0,LOW,sensor
2026-03-10 23:20:30,22.0,0,LOW,sensor
2026-03-10 23:20:32,22.0,0,LOW,sensor
2026-03-10 23:20:34,23.0,0,LOW,sensor
2026-03-10 23:20:36,23.0,0,LOW,sensor
2026-03-10 23:20:38,23.0,0,LOW,sensor
2026-03-10 23:20:40,22.0,0,LOW,sensor
2026-03-10 23:20:42,22.0,0,LOW,sensor
2026-03-10 23:20:44,22.0,0,LOW,sensor
2026-03-10 23:20:46,22.0,0,LOW,sensor
2026-03-10 23:20:48,23.0,0,LOW,sensor
2026-03-10 23:20:50,22.0,0,LOW,sensor
2026-03-10 23:20:52,22.0,0,LOW,sensor
2026-03-10 23:20:54,23.0,0,LOW,sensor
2026-03-10 23:20:56,22.0,0,LOW,sensor
2026-03-10 23:20:58,22.0,0,LOW,sensor
2026-03-10 23:21:00,22.0,0,LOW,sensor
2026-03-10 23:21:02,22.0,0,LOW,sensor
2026-03-10 23:21:04,23.0,0,LOW,sensor
2026-03-10 23:21:06,22.0,0,LOW,sensor
2026-03-10 23:21:08,23.0,0,LOW,sensor
2026-03-10 23:21:10,22.0,0,LOW,sensor
2026-03-10 23:21:12,22.0,0,LOW,sensor
2026-03-10 23:21:14,22.0,0,LOW,sensor
2026-03-10 23:21:16,23.0,0,LOW,sensor
2026-03-10 23:21:18,23.0,0,LOW,sensor
2026-03-10 23:21:20,23.0,0,LOW,sensor
2026-03-10 23:21:22,23.0,0,LOW,sensor
2026-03-10 23:21:24,23.0,0,LOW,sensor
2026-03-10 23:21:26,22.0,0,LOW,sensor
2026-03-10 23:21:28,22.0,0,LOW,sensor
2026-03-10 23:21:30,22.0,0,LOW,sensor
2026-03-10 23:21:32,22.0,0,LOW,sensor
2026-03-10 23:21:34,22.0,0,LOW,sensor
2026-03-10 23:21:36,22.0,0,LOW,sensor
2026-03-10 23:21:38,22.0,0,LOW,sensor
2026-03-10 23:21:40,22.0,0,LOW,sensor
2026-03-10 23:21:42,22.0,0,LOW,sensor
2026-03-10 23:21:44,22.0,0,LOW,sensor
2026-03-10 23:21:46,22.0,0,LOW,sensor
2026-03-10 23:21:48,22.0,0,LOW,sensor
2026-03-10 23:21:50,22.0,0,LOW,sensor
2026-03-10 23:21:52,22.0,0,LOW,sensor
2026-03-10 23:21:54,22.0,0,LOW,sensor
2026-03-10 23:21:56,22.0,0,LOW,sensor
2026-03-10 23:21:58,22.0,0,LOW,sensor
2026-03-10 23:22:00,22.0,0,LOW,sensor
2026-03-10 23:22:02,22.0,0,LOW,sensor
2026-03-10 23:22:04,22.0,0,LOW,sensor
2026-03-10 23:22:06,22.0,0,LOW,sensor
2026-03-10 23:22:08,22.0,0,LOW,sensor
2026-03-10 23:22:10,22.0,0,LOW,sensor
2026-03-10 23:22:12,23.0,0,LOW,sensor
2026-03-10 23:22:14,22.0,0,LOW,sensor
2026-03-10 23:22:16,22.0,0,LOW,sensor
2026-03-10 23:22:18,23.0,0,LOW,sensor
2026-03-10 23:22:20,22.0,0,LOW,sensor
2026-03-10 23:22:22,22.0,0,LOW,sensor
2026-03-10 23:22:24,22.0,0,LOW,sensor
2026-03-10 23:22:26,22.0,0,LOW,sensor
2026-03-10 23:22:28,22.0,0,LOW,sensor
2026-03-10 23:22:30,23.0,0,LOW,sensor
2026-03-10 23:22:32,22.0,0,LOW,sensor
2026-03-10 23:22:34,22.0,0,LOW,sensor
2026-03-10 23:22:36,22.0,0,LOW,sensor
2026-03-10 23:22:38,22.0,0,LOW,sensor
2026-03-10 23:22:40,22.0,0,LOW,sensor
2026-03-10 23:22:42,23.0,0,LOW,sensor
2026-03-10 23:22:44,22.0,0,LOW,sensor
2026-03-10 23:22:46,23.0,0,LOW,sensor
2026-03-10 23:22:48,22.0,0,LOW,sensor
2026-03-10 23:22:50,23.0,0,LOW,sensor
2026-03-10 23:22:52,22.0,0,LOW,sensor
2026-03-10 23:22:54,22.0,0,LOW,sensor
2026-03-10 23:22:56,23.0,0,LOW,sensor
2026-03-10 23:22:58,23.0,0,LOW,sensor
2026-03-10 23:23:00,23.0,0,LOW,sensor
2026-03-10 23:23:02,23.0,0,LOW,sensor
2026-03-10 23:23:04,23.0,0,LOW,sensor
2026-03-10 23:23:06,23.0,0,LOW,sensor
2026-03-10 23:23:08,23.0,0,LOW,sensor
2026-03-10 23:23:10,23.0,0,LOW,sensor
2026-03-10 23:23:12,23.0,0,LOW,sensor
2026-03-10 23:23:14,23.0,0,LOW,sensor
2026-03-10 23:23:16,23.0,0,LOW,sensor
2026-03-10 23:23:18,22.0,0,LOW,sensor
2026-03-10 23:23:20,22.0,0,LOW,sensor
2026-03-10 23:23:22,23.0,0,LOW,sensor
2026-03-10 23:23:24,22.0,0,LOW,sensor
2026-03-10 23:23:26,23.0,0,LOW,sensor
2026-03-10 23:23:28,22.0,0,LOW,sensor
2026-03-10 23:23:30,23.0,0,LOW,sensor
2026-03-10 23:23:32,23.0,0,LOW,sensor
2026-03-10 23:23:34,23.0,0,LOW,sensor
2026-03-10 23:23:36,23.0,0,LOW,sensor
2026-03-10 23:23:38,23.0,0,LOW,sensor
2026-03-10 23:23:40,23.0,0,LOW,sensor
2026-03-10 23:23:42,23.0,0,LOW,sensor
2026-03-10 23:23:44,23.0,0,LOW,sensor
2026-03-10 23:23:46,23.0,0,LOW,sensor
2026-03-10 23:23:48,23.0,0,LOW,sensor
2026-03-10 23:23:50,23.0,0,LOW,sensor
2026-03-10 23:23:52,23.0,0,LOW,sensor
2026-03-10 23:23:54,23.0,0,LOW,sensor
2026-03-10 23:23:56,23.0,0,LOW,sensor
2026-03-10 23:23:58,23.0,0,LOW,sensor
2026-03-10 23:24:00,23.0,0,LOW,sensor
2026-03-10 23:24:02,23.0,0,LOW,sensor
2026-03-10 23:24:05,23.0,0,LOW,sensor
2026-03-10 23:24:07,23.0,0,LOW,sensor
2026-03-10 23:24:08,23.0,0,LOW,sensor
2026-03-10 23:24:10,23.0,0,LOW,sensor
2026-03-10 23:24:12,23.0,0,LOW,sensor
2026-03-10 23:24:14,23.0,0,LOW,sensor
2026-03-10 23:24:16,23.0,0,LOW,sensor
2026-03-10 23:24:18,23.0,0,LOW,sensor
2026-03-10 23:24:20,23.0,0,LOW,sensor
2026-03-10 23:24:22,23.0,0,LOW,sensor
2026-03-10 23:24:24,23.0,0,LOW,sensor
2026-03-10 23:24:26,23.0,0,LOW,sensor
2026-03-10 23:24:29,23.0,0,LOW,sensor
2026-03-10 23:24:31,23.0,0,LOW,sensor
2026-03-10 23:24:33,23.0,0,LOW,sensor
2026-03-10 23:24:35,23.0,0,LOW,sensor
2026-03-10 23:24:36,23.0,0,LOW,sensor
2026-03-10 23:24:38,23.0,0,LOW,sensor
2026-03-10 23:24:40,23.0,0,LOW,sensor
2026-03-10 23:24:42,23.0,0,LOW,sensor
2026-03-10 23:24:44,23.0,0,LOW,sensor
2026-03-10 23:24:46,23.0,0,LOW,sensor
2026-03-10 23:24:48,23.0,0,LOW,sensor
2026-03-10 23:24:50,23.0,0,LOW,sensor
2026-03-10 23:24:52,23.0,0,LOW,sensor
2026-03-10 23:24:55,23.0,0,LOW,sensor
2026-03-10 23:24:57,23.0,0,LOW,sensor
2026-03-10 23:24:59,23.0,0,LOW,sensor
2026-03-10 23:25:01,22.0,0,LOW,sensor
2026-03-10 23:25:03,22.0,0,LOW,sensor
2026-03-10 23:25:05,22.0,0,LOW,sensor
2026-03-10 23:25:07,22.0,0,LOW,sensor
2026-03-10 23:25:08,22.0,0,LOW,sensor
2026-03-10 23:25:10,22.0,0,LOW,sensor
2026-03-10 23:25:12,23.0,0,LOW,sensor
2026-03-10 23:25:14,22.0,0,LOW,sensor
2026-03-10 23:25:16,23.0,0,LOW,sensor
2026-03-10 23:25:18,23.0,0,LOW,sensor
2026-03-10 23:25:20,23.0,0,LOW,sensor
2026-03-10 23:25:23,23.0,0,LOW,sensor
2026-03-10 23:25:25,22.0,0,LOW,sensor
2026-03-10 23:25:27,23.0,0,LOW,sensor
2026-03-10 23:25:29,22.0,0,LOW,sensor
2026-03-10 23:25:31,23.0,0,LOW,sensor
2026-03-10 23:25:33,23.0,0,LOW,sensor
2026-03-10 23:25:35,22.0,0,LOW,sensor
2026-03-10 23:25:37,23.0,0,LOW,sensor
2026-03-10 23:25:38,22.0,0,LOW,sensor
2026-03-10 23:25:40,23.0,0,LOW,sensor
2026-03-10 23:25:42,23.0,0,LOW,sensor
2026-03-10 23:25:44,23.0,0,LOW,sensor
2026-03-10 23:25:47,22.0,0,LOW,sensor
2026-03-10 23:25:49,23.0,0,LOW,sensor
2026-03-10 23:25:51,22.0,0,LOW,sensor
2026-03-10 23:25:53,23.0,0,LOW,sensor
2026-03-10 23:25:55,23.0,0,LOW,sensor
2026-03-10 23:25:57,23.0,0,LOW,sensor
2026-03-10 23:25:59,23.0,0,LOW,sensor
2026-03-10 23:26:01,23.0,0,LOW,sensor
2026-03-10 23:26:03,22.0,0,LOW,sensor
2026-03-10 23:26:05,23.0,0,LOW,sensor
2026-03-10 23:26:07,23.0,0,LOW,sensor
2026-03-10 23:26:08,23.0,0,LOW,sensor
2026-03-10 23:26:11,22.0,0,LOW,sensor
2026-03-10 23:26:13,23.0,0,LOW,sensor
2026-03-10 23:26:15,22.0,0,LOW,sensor
2026-03-10 23:26:17,22.0,0,LOW,sensor
2026-03-10 23:26:19,22.0,0,LOW,sensor
2026-03-10 23:26:21,23.0,0,LOW,sensor
2026-03-10 23:26:23,23.0,0,LOW,sensor
2026-03-10 23:26:25,22.0,0,LOW,sensor
2026-03-10 23:26:27,23.0,0,LOW,sensor
2026-03-10 23:26:29,23.0,0,LOW,sensor
2026-03-10 23:26:31,23.0,0,LOW,sensor
2026-03-10 23:26:33,23.0,0,LOW,sensor
2026-03-10 23:26:35,23.0,0,LOW,sensor
2026-03-10 23:26:37,23.0,0,LOW,sensor
2026-03-10 23:26:39,23.0,0,LOW,sensor
2026-03-10 23:26:41,23.0,0,LOW,sensor
2026-03-10 23:26:43,23.0,0,LOW,sensor
2026-03-10 23:26:45,23.0,0,LOW,sensor
2026-03-10 23:26:47,22.0,0,LOW,sensor
2026-03-10 23:26:49,22.0,0,LOW,sensor
2026-03-10 23:26:51,23.0,0,LOW,sensor
2026-03-10 23:26:53,23.0,0,LOW,sensor
2026-03-10 23:26:55,23.0,0,LOW,sensor
2026-03-10 23:26:57,23.0,0,LOW,sensor
2026-03-10 23:26:59,22.0,0,LOW,sensor
2026-03-10 23:27:01,23.0,0,LOW,sensor
2026-03-10 23:27:03,23.0,0,LOW,sensor
2026-03-10 23:27:05,22.0,0,LOW,sensor
2026-03-10 23:27:07,23.0,0,LOW,sensor
2026-03-10 23:27:09,23.0,0,LOW,sensor
2026-03-10 23:27:11,23.0,0,LOW,sensor
2026-03-10 23:27:13,22.0,0,LOW,sensor
2026-03-10 23:27:15,23.0,0,LOW,sensor
2026-03-10 23:27:17,22.0,0,LOW,sensor
2026-03-10 23:27:19,23.0,0,LOW,sensor
2026-03-10 23:27:21,23.0,0,LOW,sensor
2026-03-10 23:27:23,23.0,0,LOW,sensor
2026-03-10 23:27:25,22.0,0,LOW,sensor
2026-03-10 23:27:27,22.0,0,LOW,sensor
2026-03-10 23:27:29,22.0,0,LOW,sensor
2026-03-10 23:27:31,23.0,0,LOW,sensor
2026-03-10 23:27:33,22.0,0,LOW,sensor
2026-03-10 23:27:35,22.0,0,LOW,sensor
2026-03-10 23:27:37,23.0,0,LOW,sensor
2026-03-10 23:27:39,23.0,0,LOW,sensor
2026-03-10 23:27:41,23.0,0,LOW,sensor
2026-03-10 23:27:43,23.0,0,LOW,sensor
2026-03-10 23:27:45,23.0,0,LOW,sensor
2026-03-10 23:27:47,22.0,0,LOW,sensor
2026-03-10 23:27:49,23.0,0,LOW,sensor
2026-03-10 23:27:51,22.0,0,LOW,sensor
2026-03-10 23:27:53,22.0,0,LOW,sensor
2026-03-10 23:27:55,23.0,0,LOW,sensor
2026-03-10 23:27:57,22.0,0,LOW,sensor
2026-03-10 23:27:59,22.0,0,LOW,sensor
2026-03-10 23:28:01,23.0,0,LOW,sensor
2026-03-10 23:28:03,23.0,0,LOW,sensor
2026-03-10 23:28:05,23.0,0,LOW,sensor
2026-03-10 23:28:07,23.0,0,LOW,sensor
2026-03-10 23:28:09,22.0,0,LOW,sensor
2026-03-10 23:28:11,23.0,0,LOW,sensor
2026-03-10 23:28:13,22.0,0,LOW,sensor
2026-03-10 23:28:15,23.0,0,LOW,sensor
2026-03-10 23:28:17,22.0,0,LOW,sensor
2026-03-10 23:28:19,22.0,0,LOW,sensor
2026-03-10 23:28:21,22.0,0,LOW,sensor
2026-03-10 23:28:23,23.0,0,LOW,sensor
2026-03-10 23:28:25,23.0,0,LOW,sensor
2026-03-10 23:28:27,23.0,0,LOW,sensor
2026-03-10 23:28:29,23.0,0,LOW,sensor
2026-03-10 23:28:31,22.0,0,LOW,sensor
2026-03-10 23:28:33,23.0,0,LOW,sensor
2026-03-10 23:28:35,23.0,0,LOW,sensor
2026-03-10 23:28:37,23.0,0,LOW,sensor
2026-03-10 23:28:39,23.0,0,LOW,sensor
2026-03-10 23:28:41,23.0,0,LOW,sensor
2026-03-10 23:28:43,23.0,0,LOW,sensor
2026-03-10 23:28:45,23.0,0,LOW,sensor
2026-03-10 23:28:47,23.0,0,LOW,sensor
2026-03-10 23:28:49,23.0,0,LOW,sensor
2026-03-10 23:28:51,23.0,0,LOW,sensor
2026-03-10 23:28:53,23.0,0,LOW,sensor
2026-03-10 23:28:55,23.0,0,LOW,sensor
2026-03-10 23:28:57,23.0,0,LOW,sensor
2026-03-10 23:28:59,23.0,0,LOW,sensor
2026-03-10 23:29:01,23.0,0,LOW,sensor
2026-03-10 23:29:03,23.0,0,LOW,sensor
2026-03-10 23:29:05,23.0,0,LOW,sensor
2026-03-10 23:29:07,23.0,0,LOW,sensor
2026-03-10 23:29:09,23.0,0,LOW,sensor
2026-03-10 23:29:11,23.0,0,LOW,sensor
2026-03-10 23:29:13,23.0,0,LOW,sensor
2026-03-10 23:29:15,23.0,0,LOW,sensor
2026-03-10 23:29:17,22.0,0,LOW,sensor
2026-03-10 23:29:19,23.0,0,LOW,sensor
2026-03-10 23:29:21,23.0,0,LOW,sensor
2026-03-10 23:29:23,23.0,0,LOW,sensor
2026-03-10 23:29:25,23.0,0,LOW,sensor
2026-03-10 23:29:27,23.0,0,LOW,sensor
2026-03-10 23:29:29,23.0,0,LOW,sensor
2026-03-10 23:29:31,23.0,0,LOW,sensor
2026-03-10 23:29:33,23.0,0,LOW,sensor
2026-03-10 23:29:35,23.0,0,LOW,sensor
2026-03-10 23:29:37,22.0,0,LOW,sensor
2026-03-10 23:29:39,23.0,0,LOW,sensor
2026-03-10 23:29:41,23.0,0,LOW,sensor
2026-03-10 23:29:43,23.0,0,LOW,sensor
2026-03-10 23:29:45,22.0,0,LOW,sensor
2026-03-10 23:29:47,23.0,0,LOW,sensor
2026-03-10 23:29:49,22.0,0,LOW,sensor
2026-03-10 23:29:51,23.0,0,LOW,sensor
2026-03-10 23:29:53,23.0,0,LOW,sensor
2026-03-10 23:29:55,23.0,0,LOW,sensor
2026-03-10 23:29:57,23.0,0,LOW,sensor
2026-03-10 23:29:59,23.0,0,LOW,sensor
2026-03-10 23:30:01,23.0,0,LOW,sensor
2026-03-10 23:30:03,23.0,0,LOW,sensor
2026-03-10 23:30:05,23.0,0,LOW,sensor
2026-03-10 23:30:07,23.0,0,LOW,sensor
2026-03-10 23:30:09,23.0,0,LOW,sensor
2026-03-10 23:30:11,22.0,0,LOW,sensor
2026-03-10 23:30:13,23.0,0,LOW,sensor
2026-03-10 23:30:15,22.0,0,LOW,sensor
2026-03-10 23:30:18,22.0,0,LOW,sensor
2026-03-10 23:30:19,23.0,0,LOW,sensor
2026-03-10 23:30:21,22.0,0,LOW,sensor
2026-03-10 23:30:23,22.0,0,LOW,sensor
2026-03-10 23:30:25,23.0,0,LOW,sensor
2026-03-10 23:30:27,23.0,0,LOW,sensor
2026-03-10 23:30:29,23.0,0,LOW,sensor
2026-03-10 23:30:31,22.0,0,LOW,sensor
2026-03-10 23:30:33,23.0,0,LOW,sensor
2026-03-10 23:30:35,22.0,0,LOW,sensor
2026-03-10 23:30:37,22.0,0,LOW,sensor
2026-03-10 23:30:39,23.0,0,LOW,sensor
2026-03-10 23:30:41,22.0,0,LOW,sensor
2026-03-10 23:30:43,22.0,0,LOW,sensor
2026-03-10 23:30:46,23.0,0,LOW,sensor
2026-03-10 23:30:48,23.0,0,LOW,sensor
2026-03-10 23:30:50,22.0,0,LOW,sensor
2026-03-10 23:30:51,22.0,0,LOW,sensor
2026-03-10 23:30:53,23.0,0,LOW,sensor
2026-03-10 23:30:55,23.0,0,LOW,sensor
2026-03-10 23:30:57,23.0,0,LOW,sensor
2026-03-10 23:30:59,23.0,0,LOW,sensor
2026-03-10 23:31:01,23.0,0,LOW,sensor
2026-03-10 23:31:03,23.0,0,LOW,sensor
2026-03-10 23:31:05,23.0,0,LOW,sensor
2026-03-10 23:31:08,23.0,0,LOW,sensor
2026-03-10 23:31:10,23.0,0,LOW,sensor
2026-03-10 23:31:12,22.0,0,LOW,sensor
2026-03-10 23:31:14,23.0,0,LOW,sensor
2026-03-10 23:31:16,23.0,0,LOW,sensor
2026-03-10 23:31:18,23.0,0,LOW,sensor
2026-03-10 23:31:19,23.0,0,LOW,sensor
2026-03-10 23:31:21,23.0,0,LOW,sensor
2026-03-10 23:31:23,23.0,0,LOW,sensor
2026-03-10 23:31:25,23.0,0,LOW,sensor
2026-03-10 23:31:27,23.0,0,LOW,sensor
2026-03-10 23:31:29,23.0,0,LOW,sensor
2026-03-10 23:31:31,23.0,0,LOW,sensor
2026-03-10 23:31:34,23.0,0,LOW,sensor
2026-03-10 23:31:36,23.0,0,LOW,sensor
2026-03-10 23:31:38,23.0,0,LOW,sensor
2026-03-10 23:31:40,23.0,0,LOW,sensor
2026-03-10 23:31:42,23.0,0,LOW,sensor
2026-03-10 23:31:44,23.0,0,LOW,sensor
2026-03-10 23:31:45,22.0,0,LOW,sensor
2026-03-10 23:31:47,23.0,0,LOW,sensor
2026-03-10 23:31:49,23.0,0,LOW,sensor
2026-03-10 23:31:51,23.0,0,LOW,sensor
2026-03-10 23:31:53,23.0,0,LOW,sensor
2026-03-10 23:31:55,22.0,0,LOW,sensor
2026-03-10 23:31:58,23.0,0,LOW,sensor
2026-03-10 23:32:00,23.0,0,LOW,sensor
2026-03-10 23:32:02,22.0,0,LOW,sensor
2026-03-10 23:32:04,23.0,0,LOW,sensor
2026-03-10 23:32:06,23.0,0,LOW,sensor
2026-03-10 23:32:08,23.0,0,LOW,sensor
2026-03-10 23:32:10,23.0,0,LOW,sensor
2026-03-10 23:32:11,23.0,0,LOW,sensor
2026-03-10 23:32:13,22.0,0,LOW,sensor
2026-03-10 23:32:15,22.0,0,LOW,sensor
2026-03-10 23:32:17,23.0,0,LOW,sensor
2026-03-10 23:32:19,23.0,0,LOW,sensor
2026-03-10 23:32:21,23.0,0,LOW,sensor
2026-03-10 23:32:24,23.0,0,LOW,sensor
2026-03-10 23:32:26,23.0,0,LOW,sensor
2026-03-10 23:32:28,23.0,0,LOW,sensor
2026-03-10 23:32:30,23.0,0,LOW,sensor
2026-03-10 23:32:32,23.0,0,LOW,sensor
2026-03-10 23:32:34,23.0,0,LOW,sensor
2026-03-10 23:32:36,23.0,0,LOW,sensor
2026-03-10 23:32:38,23.0,0,LOW,sensor
2026-03-10 23:32:40,22.0,0,LOW,sensor
2026-03-10 23:32:41,23.0,0,LOW,sensor
2026-03-10 23:32:43,23.0,0,LOW,sensor
2026-03-10 23:32:45,23.0,0,LOW,sensor
2026-03-10 23:32:47,22.0,0,LOW,sensor
2026-03-10 23:32:50,23.0,0,LOW,sensor
2026-03-10 23:32:52,23.0,0,LOW,sensor
2026-03-10 23:32:54,23.0,0,LOW,sensor
2026-03-10 23:32:56,23.0,0,LOW,sensor
2026-03-10 23:32:58,22.0,0,LOW,sensor
2026-03-10 23:33:00,23.0,0,LOW,sensor
2026-03-10 23:33:02,22.0,0,LOW,sensor
2026-03-10 23:33:04,22.0,0,LOW,sensor
2026-03-10 23:33:06,23.0,0,LOW,sensor
2026-03-10 23:33:08,22.0,0,LOW,sensor
2026-03-10 23:33:10,22.0,0,LOW,sensor
2026-03-10 23:33:12,22.0,0,LOW,sensor
2026-03-10 23:33:14,22.0,0,LOW,sensor
2026-03-10 23:33:15,22.0,0,LOW,sensor
2026-03-10 23:33:18,23.0,0,LOW,sensor
2026-03-10 23:33:20,23.0,0,LOW,sensor
2026-03-10 23:33:22,22.0,0,LOW,sensor
2026-03-10 23:33:24,22.0,0,LOW,sensor
2026-03-10 23:33:26,22.0,0,LOW,sensor
2026-03-10 23:33:28,23.0,0,LOW,sensor
2026-03-10 23:33:30,22.0,0,LOW,sensor
2026-03-10 23:33:32,22.0,0,LOW,sensor
2026-03-10 23:33:34,23.0,0,LOW,sensor
2026-03-10 23:33:36,23.0,0,LOW,sensor
2026-03-10 23:33:38,22.0,0,LOW,sensor
2026-03-10 23:33:40,23.0,0,LOW,sensor
2026-03-10 23:33:42,23.0,0,LOW,sensor
2026-03-10 23:33:44,23.0,0,LOW,sensor
2026-03-10 23:33:46,22.0,0,LOW,sensor
2026-03-10 23:33:48,22.0,0,LOW,sensor
2026-03-10 23:33:50,23.0,0,LOW,sensor
2026-03-10 23:33:52,22.0,0,LOW,sensor
2026-03-10 23:33:54,23.0,0,LOW,sensor
2026-03-10 23:33:56,23.0,0,LOW,sensor
2026-03-10 23:33:58,22.0,0,LOW,sensor
2026-03-10 23:34:00,23.0,0,LOW,sensor
2026-03-10 23:34:02,23.0,0,LOW,sensor
2026-03-10 23:34:04,22.0,0,LOW,sensor
2026-03-10 23:34:06,22.0,0,LOW,sensor
2026-03-10 23:34:08,22.0,0,LOW,sensor
2026-03-10 23:34:10,22.0,0,LOW,sensor
2026-03-10 23:34:12,22.0,0,LOW,sensor
2026-03-10 23:34:14,23.0,0,LOW,sensor
2026-03-10 23:34:16,23.0,0,LOW,sensor
2026-03-10 23:34:18,23.0,0,LOW,sensor
2026-03-10 23:34:20,23.0,0,LOW,sensor
2026-03-10 23:34:22,23.0,0,LOW,sensor
2026-03-10 23:34:24,23.0,0,LOW,sensor
2026-03-10 23:34:26,22.0,0,LOW,sensor
2026-03-10 23:34:28,23.0,0,LOW,sensor
2026-03-10 23:34:30,23.0,0,LOW,sensor
2026-03-10 23:34:32,23.0,0,LOW,sensor
2026-03-10 23:34:34,23.0,0,LOW,sensor
2026-03-10 23:34:36,22.0,0,LOW,sensor
2026-03-10 23:34:38,22.0,0,LOW,sensor
2026-03-10 23:34:40,22.0,0,LOW,sensor
2026-03-10 23:34:42,23.0,0,LOW,sensor
2026-03-10 23:34:44,23.0,0,LOW,sensor
2026-03-10 23:34:46,23.0,0,LOW,sensor
2026-03-10 23:34:48,23.0,0,LOW,sensor
2026-03-10 23:34:50,23.0,0,LOW,sensor
2026-03-10 23:34:52,22.0,0,LOW,sensor
2026-03-10 23:34:54,23.0,0,LOW,sensor
2026-03-10 23:34:56,23.0,0,LOW,sensor
2026-03-10 23:34:58,23.0,0,LOW,sensor
2026-03-10 23:35:00,22.0,0,LOW,sensor
2026-03-10 23:35:02,23.0,0,LOW,sensor
2026-03-10 23:35:04,23.0,0,LOW,sensor
2026-03-10 23:35:06,23.0,0,LOW,sensor
2026-03-10 23:35:08,22.0,0,LOW,sensor
2026-03-10 23:35:10,23.0,0,LOW,sensor
2026-03-10 23:35:12,23.0,0,LOW,sensor
2026-03-10 23:35:14,23.0,0,LOW,sensor
2026-03-10 23:35:16,23.0,0,LOW,sensor
2026-03-10 23:35:18,23.0,0,LOW,sensor
2026-03-10 23:35:20,23.0,0,LOW,sensor
2026-03-10 23:35:22,23.0,0,LOW,sensor
2026-03-10 23:35:24,22.0,0,LOW,sensor
2026-03-10 23:35:26,23.0,0,LOW,sensor
2026-03-10 23:35:28,22.0,0,LOW,sensor
2026-03-10 23:35:30,23.0,0,LOW,sensor
2026-03-10 23:35:32,23.0,0,LOW,sensor
2026-03-10 23:35:34,23.0,0,LOW,sensor
2026-03-10 23:35:36,22.0,0,LOW,sensor
2026-03-10 23:35:38,22.0,0,LOW,sensor
2026-03-10 23:35:40,22.0,0,LOW,sensor
2026-03-10 23:35:42,23.0,0,LOW,sensor
2026-03-10 23:35:44,23.0,0,LOW,sensor
2026-03-10 23:35:46,23.0,0,LOW,sensor
2026-03-10 23:35:48,23.0,0,LOW,sensor
2026-03-10 23:35:50,23.0,0,LOW,sensor
2026-03-10 23:35:52,23.0,0,LOW,sensor
2026-03-10 23:35:54,22.0,0,LOW,sensor
2026-03-10 23:35:56,23.0,0,LOW,sensor
2026-03-10 23:35:58,23.0,0,LOW,sensor
2026-03-10 23:36:00,23.0,0,LOW,sensor
2026-03-10 23:36:02,23.0,0,LOW,sensor
2026-03-10 23:36:04,23.0,0,LOW,sensor
2026-03-10 23:36:06,23.0,0,LOW,sensor
2026-03-10 23:36:08,23.0,0,LOW,sensor
2026-03-10 23:36:10,23.0,0,LOW,sensor
2026-03-10 23:36:12,23.0,0,LOW,sensor
2026-03-10 23:36:14,23.0,0,LOW,sensor
2026-03-10 23:36:16,23.0,0,LOW,sensor
2026-03-10 23:36:18,22.0,0,LOW,sensor
2026-03-10 23:36:20,23.0,0,LOW,sensor
2026-03-10 23:36:22,23.0,0,LOW,sensor
2026-03-10 23:36:24,23.0,0,LOW,sensor
2026-03-10 23:36:26,22.0,0,LOW,sensor
2026-03-10 23:36:28,23.0,0,LOW,sensor
2026-03-10 23:36:30,23.0,0,LOW,sensor
2026-03-10 23:36:32,23.0,0,LOW,sensor
2026-03-10 23:36:34,23.0,0,LOW,sensor
2026-03-10 23:36:36,23.0,0,LOW,sensor
2026-03-10 23:36:38,23.0,0,LOW,sensor
2026-03-10 23:36:40,23.0,0,LOW,sensor
2026-03-10 23:36:42,22.0,0,LOW,sensor
2026-03-10 23:36:44,22.0,0,LOW,sensor
2026-03-10 23:36:46,23.0,0,LOW,sensor
2026-03-10 23:36:48,22.0,0,LOW,sensor
2026-03-10 23:36:50,23.0,0,LOW,sensor
2026-03-10 23:36:52,23.0,0,LOW,sensor
2026-03-10 23:36:54,23.0,0,LOW,sensor
2026-03-10 23:36:56,23.0,0,LOW,sensor
2026-03-10 23:36:58,23.0,0,LOW,sensor
2026-03-10 23:37:00,23.0,0,LOW,sensor
2026-03-10 23:37:02,22.0,0,LOW,sensor
2026-03-10 23:37:04,23.0,0,LOW,sensor
2026-03-10 23:37:06,22.0,0,LOW,sensor
2026-03-10 23:37:08,23.0,0,LOW,sensor
2026-03-10 23:37:10,23.0,0,LOW,sensor
2026-03-10 23:37:12,23.0,0,LOW,sensor
2026-03-10 23:37:15,23.0,0,LOW,sensor
2026-03-10 23:37:17,23.0,0,LOW,sensor
2026-03-10 23:37:18,23.0,0,LOW,sensor
2026-03-10 23:37:20,23.0,0,LOW,sensor
2026-03-10 23:37:22,23.0,0,LOW,sensor
2026-03-10 23:37:24,23.0,0,LOW,sensor
2026-03-10 23:37:26,23.0,0,LOW,sensor
2026-03-10 23:37:28,23.0,0,LOW,sensor
2026-03-10 23:37:30,23.0,0,LOW,sensor
2026-03-10 23:37:32,23.0,0,LOW,sensor
2026-03-10 23:37:34,23.0,0,LOW,sensor
2026-03-10 23:37:36,23.0,0,LOW,sensor
2026-03-10 23:37:38,23.0,0,LOW,sensor
2026-03-10 23:37:40,23.0,0,LOW,sensor
2026-03-10 23:37:43,23.0,0,LOW,sensor
2026-03-10 23:37:45,23.0,0,LOW,sensor
2026-03-10 23:37:47,23.0,0,LOW,sensor
2026-03-10 23:37:49,23.0,0,LOW,sensor
2026-03-10 23:37:50,23.0,0,LOW,sensor
2026-03-10 23:37:52,23.0,0,LOW,sensor
2026-03-10 23:37:54,23.0,0,LOW,sensor
2026-03-10 23:37:56,23.0,0,LOW,sensor
2026-03-10 23:37:58,23.0,0,LOW,sensor
2026-03-10 23:38:00,23.0,0,LOW,sensor
2026-03-10 23:38:02,23.0,0,LOW,sensor
2026-03-10 23:38:04,22.0,0,LOW,sensor
2026-03-10 23:38:06,23.0,0,LOW,sensor
2026-03-10 23:38:09,22.0,0,LOW,sensor
2026-03-10 23:38:11,23.0,0,LOW,sensor
2026-03-10 23:38:13,23.0,0,LOW,sensor
2026-03-10 23:38:15,23.0,0,LOW,sensor
2026-03-10 23:38:17,22.0,0,LOW,sensor
2026-03-10 23:38:19,23.0,0,LOW,sensor
2026-03-10 23:38:20,22.0,0,LOW,sensor
2026-03-10 23:38:22,23.0,0,LOW,sensor
2026-03-10 23:38:24,23.0,0,LOW,sensor
2026-03-10 23:38:26,22.0,0,LOW,sensor
2026-03-10 23:38:28,23.0,0,LOW,sensor
2026-03-10 23:38:30,22.0,0,LOW,sensor
2026-03-10 23:38:32,23.0,0,LOW,sensor
2026-03-10 23:38:34,22.0,0,LOW,sensor
2026-03-10 23:38:37,22.0,0,LOW,sensor
2026-03-10 23:38:39,23.0,0,LOW,sensor
2026-03-10 23:38:41,22.0,0,LOW,sensor
2026-03-10 23:38:43,23.0,0,LOW,sensor
2026-03-10 23:38:45,23.0,0,LOW,sensor
2026-03-10 23:38:47,23.0,0,LOW,sensor
2026-03-10 23:38:49,23.0,0,LOW,sensor
2026-03-10 23:38:50,23.0,0,LOW,sensor
2026-03-10 23:38:52,23.0,0,LOW,sensor
2026-03-10 23:38:54,23.0,0,LOW,sensor
2026-03-10 23:38:56,22.0,0,LOW,sensor
2026-03-10 23:38:58,23.0,0,LOW,sensor
2026-03-10 23:39:01,23.0,0,LOW,sensor
2026-03-10 23:39:03,23.0,0,LOW,sensor
2026-03-10 23:39:05,23.0,0,LOW,sensor
2026-03-10 23:39:07,23.0,0,LOW,sensor
2026-03-10 23:39:09,23.0,0,LOW,sensor
2026-03-10 23:39:11,23.0,0,LOW,sensor
2026-03-10 23:39:13,23.0,0,LOW,sensor
2026-03-10 23:39:15,23.0,0,LOW,sensor
2026-03-10 23:39:17,23.0,0,LOW,sensor
2026-03-10 23:39:19,22.0,0,LOW,sensor
2026-03-10 23:39:21,22.0,0,LOW,sensor
2026-03-10 23:39:22,23.0,0,LOW,sensor
2026-03-10 23:39:24,23.0,0,LOW,sensor
2026-03-10 23:39:26,23.0,0,LOW,sensor
2026-03-10 23:39:29,23.0,0,LOW,sensor
2026-03-10 23:39:31,23.0,0,LOW,sensor
2026-03-10 23:39:33,23.0,0,LOW,sensor
2026-03-10 23:39:35,23.0,0,LOW,sensor
2026-03-10 23:39:37,22.0,0,LOW,sensor
2026-03-10 23:39:39,22.0,0,LOW,sensor
2026-03-10 23:39:41,23.0,0,LOW,sensor
2026-03-10 23:39:43,23.0,0,LOW,sensor
2026-03-10 23:39:45,23.0,0,LOW,sensor
2026-03-10 23:39:47,22.0,0,LOW,sensor
2026-03-10 23:39:49,23.0,0,LOW,sensor
2026-03-10 23:39:51,22.0,0,LOW,sensor
2026-03-10 23:39:53,22.0,0,LOW,sensor
2026-03-10 23:39:55,23.0,0,LOW,sensor
2026-03-10 23:39:57,23.0,0,LOW,sensor
2026-03-10 23:39:58,23.0,0,LOW,sensor
2026-03-10 23:40:01,23.0,0,LOW,sensor
2026-03-10 23:40:03,23.0,0,LOW,sensor
2026-03-10 23:40:05,23.0,0,LOW,sensor
2026-03-10 23:40:07,22.0,0,LOW,sensor
2026-03-10 23:40:09,22.0,0,LOW,sensor
2026-03-10 23:40:11,23.0,0,LOW,sensor
2026-03-10 23:40:13,23.0,0,LOW,sensor
2026-03-10 23:40:15,23.0,0,LOW,sensor
2026-03-10 23:40:17,23.0,0,LOW,sensor
2026-03-10 23:40:19,22.0,0,LOW,sensor
2026-03-10 23:40:21,23.0,0,LOW,sensor
2026-03-10 23:40:23,23.0,0,LOW,sensor
2026-03-10 23:40:25,22.0,0,LOW,sensor
2026-03-10 23:40:27,23.0,0,LOW,sensor
2026-03-10 23:40:29,23.0,0,LOW,sensor
2026-03-10 23:40:31,22.0,0,LOW,sensor
2026-03-10 23:40:33,22.0,0,LOW,sensor
2026-03-10 23:40:35,23.0,0,LOW,sensor
2026-03-10 23:40:37,23.0,0,LOW,sensor
2026-03-10 23:40:39,23.0,0,LOW,sensor
2026-03-10 23:40:41,22.0,0,LOW,sensor
2026-03-10 23:40:43,23.0,0,LOW,sensor
2026-03-10 23:40:45,23.0,0,LOW,sensor
2026-03-10 23:40:47,23.0,0,LOW,sensor
2026-03-10 23:40:49,23.0,0,LOW,sensor
2026-03-10 23:40:51,23.0,0,LOW,sensor
2026-03-10 23:40:53,23.0,0,LOW,sensor
2026-03-10 23:40:55,23.0,0,LOW,sensor
2026-03-10 23:40:57,23.0,0,LOW,sensor
2026-03-10 23:40:59,22.0,0,LOW,sensor
2026-03-10 23:41:01,22.0,0,LOW,sensor
2026-03-10 23:41:03,22.0,0,LOW,sensor
2026-03-10 23:41:05,23.0,0,LOW,sensor
2026-03-10 23:41:07,23.0,0,LOW,sensor
2026-03-10 23:41:09,22.0,0,LOW,sensor
2026-03-10 23:41:11,22.0,0,LOW,sensor
2026-03-10 23:41:13,23.0,0,LOW,sensor
2026-03-10 23:41:15,23.0,0,LOW,sensor
2026-03-10 23:41:17,22.0,0,LOW,sensor
2026-03-10 23:41:19,23.0,0,LOW,sensor
2026-03-10 23:41:21,22.0,0,LOW,sensor
2026-03-10 23:41:23,22.0,0,LOW,sensor
2026-03-10 23:41:25,23.0,0,LOW,sensor
2026-03-10 23:41:27,22.0,0,LOW,sensor
2026-03-10 23:41:29,22.0,0,LOW,sensor
2026-03-10 23:41:31,22.0,0,LOW,sensor
2026-03-10 23:41:33,22.0,0,LOW,sensor
2026-03-10 23:41:35,22.0,0,LOW,sensor
2026-03-10 23:41:37,22.0,0,LOW,sensor
2026-03-10 23:41:39,22.0,0,LOW,sensor
2026-03-10 23:41:41,22.0,0,LOW,sensor
2026-03-10 23:41:43,22.0,0,LOW,sensor
2026-03-10 23:41:45,23.0,0,LOW,sensor
2026-03-10 23:41:47,22.0,0,LOW,sensor
2026-03-10 23:41:49,22.0,0,LOW,sensor
2026-03-10 23:41:51,22.0,0,LOW,sensor
2026-03-10 23:41:53,23.0,0,LOW,sensor
2026-03-10 23:41:55,23.0,0,LOW,sensor
2026-03-10 23:41:57,22.0,0,LOW,sensor
2026-03-10 23:41:59,23.0,0,LOW,sensor
2026-03-10 23:42:01,23.0,0,LOW,sensor
2026-03-10 23:42:03,22.0,0,LOW,sensor
2026-03-10 23:42:05,22.0,0,LOW,sensor
2026-03-10 23:42:07,22.0,0,LOW,sensor
2026-03-10 23:42:09,22.0,0,LOW,sensor
2026-03-10 23:42:11,23.0,0,LOW,sensor
2026-03-10 23:42:13,23.0,0,LOW,sensor
2026-03-10 23:42:15,23.0,0,LOW,sensor
2026-03-10 23:42:17,23.0,0,LOW,sensor
2026-03-10 23:42:19,23.0,0,LOW,sensor
2026-03-10 23:42:21,23.0,0,LOW,sensor
2026-03-10 23:42:23,23.0,0,LOW,sensor
2026-03-10 23:42:25,23.0,0,LOW,sensor
2026-03-10 23:42:27,22.0,0,LOW,sensor
2026-03-10 23:42:29,22.0,0,LOW,sensor
2026-03-10 23:42:31,22.0,0,LOW,sensor
2026-03-10 23:42:33,23.0,0,LOW,sensor
2026-03-10 23:42:35,23.0,0,LOW,sensor
2026-03-10 23:42:37,23.0,0,LOW,sensor
2026-03-10 23:42:39,22.0,0,LOW,sensor
2026-03-10 23:42:41,23.0,0,LOW,sensor
2026-03-10 23:42:43,23.0,0,LOW,sensor
2026-03-10 23:42:45,23.0,0,LOW,sensor
2026-03-10 23:42:47,23.0,0,LOW,sensor
2026-03-10 23:42:49,23.0,0,LOW,sensor
2026-03-10 23:42:51,23.0,0,LOW,sensor
2026-03-10 23:42:53,23.0,0,LOW,sensor
2026-03-10 23:42:55,22.0,0,LOW,sensor
2026-03-10 23:42:57,23.0,0,LOW,sensor
2026-03-10 23:42:59,23.0,0,LOW,sensor
2026-03-10 23:43:01,22.0,0,LOW,sensor
2026-03-10 23:43:03,23.0,0,LOW,sensor
2026-03-10 23:43:05,23.0,0,LOW,sensor
2026-03-10 23:43:07,23.0,0,LOW,sensor
2026-03-10 23:43:09,23.0,0,LOW,sensor
2026-03-10 23:43:11,22.0,0,LOW,sensor
2026-03-10 23:43:13,22.0,0,LOW,sensor
2026-03-10 23:43:15,22.0,0,LOW,sensor
2026-03-10 23:43:17,22.0,0,LOW,sensor
2026-03-10 23:43:19,22.0,0,LOW,sensor
2026-03-10 23:43:21,22.0,0,LOW,sensor
2026-03-10 23:43:23,22.0,0,LOW,sensor
2026-03-10 23:43:25,22.0,0,LOW,sensor
2026-03-10 23:43:27,22.0,0,LOW,sensor
2026-03-10 23:43:29,23.0,0,LOW,sensor
2026-03-10 23:43:31,22.0,0,LOW,sensor
2026-03-10 23:43:33,23.0,0,LOW,sensor
2026-03-10 23:43:35,23.0,0,LOW,sensor
2026-03-10 23:43:37,23.0,0,LOW,sensor
2026-03-10 23:43:39,23.0,0,LOW,sensor
2026-03-10 23:43:41,23.0,0,LOW,sensor
2026-03-10 23:43:43,22.0,0,LOW,sensor
2026-03-10 23:43:45,22.0,0,LOW,sensor
2026-03-10 23:43:47,22.0,0,LOW,sensor
2026-03-10 23:43:49,23.0,0,LOW,sensor
2026-03-10 23:43:51,22.0,0,LOW,sensor
2026-03-10 23:43:53,22.0,0,LOW,sensor
2026-03-10 23:43:55,23.0,0,LOW,sensor
2026-03-10 23:43:57,22.0,0,LOW,sensor
2026-03-10 23:43:59,23.0,0,LOW,sensor
2026-03-10 23:44:01,22.0,0,LOW,sensor
2026-03-10 23:44:03,23.0,0,LOW,sensor
2026-03-10 23:44:06,22.0,0,LOW,sensor
2026-03-10 23:44:07,22.0,0,LOW,sensor
2026-03-10 23:44:09,23.0,0,LOW,sensor
2026-03-10 23:44:11,23.0,0,LOW,sensor
2026-03-10 23:44:13,23.0,0,LOW,sensor
2026-03-10 23:44:15,23.0,0,LOW,sensor
2026-03-10 23:44:17,23.0,0,LOW,sensor
2026-03-10 23:44:19,23.0,0,LOW,sensor
2026-03-10 23:44:21,22.0,0,LOW,sensor
2026-03-10 23:44:23,23.0,0,LOW,sensor
2026-03-10 23:44:25,23.0,0,LOW,sensor
2026-03-10 23:44:27,23.0,0,LOW,sensor
2026-03-10 23:44:29,23.0,0,LOW,sensor
2026-03-10 23:44:32,23.0,0,LOW,sensor
2026-03-10 23:44:34,23.0,0,LOW,sensor
2026-03-10 23:44:35,23.0,0,LOW,sensor
2026-03-10 23:44:37,23.0,0,LOW,sensor
2026-03-10 23:44:39,23.0,0,LOW,sensor
2026-03-10 23:44:41,23.0,0,LOW,sensor
2026-03-10 23:44:43,22.0,0,LOW,sensor
2026-03-10 23:44:45,23.0,0,LOW,sensor
2026-03-10 23:44:47,22.0,0,LOW,sensor
2026-03-10 23:44:49,23.0,0,LOW,sensor
2026-03-10 23:44:51,23.0,0,LOW,sensor
2026-03-10 23:44:53,23.0,0,LOW,sensor
2026-03-10 23:44:55,22.0,0,LOW,sensor
2026-03-10 23:44:57,22.0,0,LOW,sensor
2026-03-10 23:45:00,22.0,0,LOW,sensor
2026-03-10 23:45:02,23.0,0,LOW,sensor
2026-03-10 23:45:04,23.0,0,LOW,sensor
2026-03-10 23:45:06,23.0,0,LOW,sensor
2026-03-10 23:45:08,23.0,0,LOW,sensor
2026-03-10 23:45:09,22.0,0,LOW,sensor
2026-03-10 23:45:11,22.0,0,LOW,sensor
2026-03-10 23:45:13,23.0,0,LOW,sensor
2026-03-10 23:45:15,22.0,0,LOW,sensor
2026-03-10 23:45:17,23.0,0,LOW,sensor
2026-03-10 23:45:19,23.0,0,LOW,sensor
2026-03-10 23:45:21,23.0,0,LOW,sensor
2026-03-10 23:45:23,23.0,0,LOW,sensor
2026-03-10 23:45:26,22.0,0,LOW,sensor
2026-03-10 23:45:28,23.0,0,LOW,sensor
2026-03-10 23:45:30,23.0,0,LOW,sensor
2026-03-10 23:45:32,23.0,0,LOW,sensor
2026-03-10 23:45:34,23.0,0,LOW,sensor
2026-03-10 23:45:36,23.0,0,LOW,sensor
2026-03-10 23:45:38,23.0,0,LOW,sensor
2026-03-10 23:45:39,23.0,0,LOW,sensor
2026-03-10 23:45:41,22.0,0,LOW,sensor
2026-03-10 23:45:43,23.0,0,LOW,sensor
2026-03-10 23:45:45,23.0,0,LOW,sensor
2026-03-10 23:45:47,22.0,0,LOW,sensor
2026-03-10 23:45:49,23.0,0,LOW,sensor
2026-03-10 23:45:52,23.0,0,LOW,sensor
2026-03-10 23:45:54,23.0,0,LOW,sensor
2026-03-10 23:45:56,23.0,0,LOW,sensor
2026-03-10 23:45:58,23.0,0,LOW,sensor
2026-03-10 23:46:00,23.0,0,LOW,sensor
2026-03-10 23:46:02,23.0,0,LOW,sensor
2026-03-10 23:46:04,23.0,0,LOW,sensor
2026-03-10 23:46:06,23.0,0,LOW,sensor
2026-03-10 23:46:07,23.0,0,LOW,sensor
2026-03-10 23:46:09,23.0,0,LOW,sensor
2026-03-10 23:46:11,23.0,0,LOW,sensor
2026-03-10 23:46:13,23.0,0,LOW,sensor
2026-03-10 23:46:15,23.0,0,LOW,sensor
2026-03-10 23:46:18,23.0,0,LOW,sensor
2026-03-10 23:46:20,23.0,0,LOW,sensor
2026-03-10 23:46:22,23.0,0,LOW,sensor
2026-03-10 23:46:24,22.0,0,LOW,sensor
2026-03-10 23:46:26,23.0,0,LOW,sensor
2026-03-10 23:46:28,23.0,0,LOW,sensor
2026-03-10 23:46:30,23.0,0,LOW,sensor
2026-03-10 23:46:32,23.0,0,LOW,sensor
2026-03-10 23:46:34,23.0,0,LOW,sensor
2026-03-10 23:46:35,23.0,0,LOW,sensor
2026-03-10 23:46:37,23.0,0,LOW,sensor
2026-03-10 23:46:39,23.0,0,LOW,sensor
2026-03-10 23:46:41,23.0,0,LOW,sensor
2026-03-10 23:46:44,23.0,0,LOW,sensor
2026-03-10 23:46:46,23.0,0,LOW,sensor
2026-03-10 23:46:48,23.0,0,LOW,sensor
2026-03-10 23:46:50,23.0,0,LOW,sensor
2026-03-10 23:46:52,23.0,0,LOW,sensor
2026-03-10 23:46:54,23.0,0,LOW,sensor
2026-03-10 23:46:56,22.0,0,LOW,sensor
2026-03-10 23:46:58,22.0,0,LOW,sensor
2026-03-10 23:47:00,23.0,0,LOW,sensor
2026-03-10 23:47:02,23.0,0,LOW,sensor
2026-03-10 23:47:04,23.0,0,LOW,sensor
2026-03-10 23:47:05,22.0,0,LOW,sensor
2026-03-10 23:47:07,23.0,0,LOW,sensor
2026-03-10 23:47:10,23.0,0,LOW,sensor
2026-03-10 23:47:12,23.0,0,LOW,sensor
2026-03-10 23:47:14,23.0,0,LOW,sensor
2026-03-10 23:47:16,23.0,0,LOW,sensor
2026-03-10 23:47:18,22.0,0,LOW,sensor
2026-03-10 23:47:20,23.0,0,LOW,sensor
2026-03-10 23:47:22,23.0,0,LOW,sensor
2026-03-10 23:47:24,23.0,0,LOW,sensor
2026-03-10 23:47:26,23.0,0,LOW,sensor
2026-03-10 23:47:28,23.0,0,LOW,sensor
2026-03-10 23:47:30,23.0,0,LOW,sensor
2026-03-10 23:47:31,22.0,0,LOW,sensor
2026-03-10 23:47:34,23.0,0,LOW,sensor
2026-03-10 23:47:36,23.0,0,LOW,sensor
2026-03-10 23:47:38,22.0,0,LOW,sensor
2026-03-10 23:47:40,22.0,0,LOW,sensor
2026-03-10 23:47:42,23.0,0,LOW,sensor
2026-03-10 23:47:44,23.0,0,LOW,sensor
2026-03-10 23:47:46,22.0,0,LOW,sensor
2026-03-10 23:47:48,23.0,0,LOW,sensor
2026-03-10 23:47:50,22.0,0,LOW,sensor
2026-03-10 23:47:52,23.0,0,LOW,sensor
2026-03-10 23:47:54,23.0,0,LOW,sensor
2026-03-10 23:47:56,23.0,0,LOW,sensor
2026-03-10 23:47:58,22.0,0,LOW,sensor
2026-03-10 23:48:00,22.0,0,LOW,sensor
2026-03-10 23:48:02,23.0,0,LOW,sensor
2026-03-10 23:48:04,23.0,0,LOW,sensor
2026-03-10 23:48:06,23.0,0,LOW,sensor
2026-03-10 23:48:08,23.0,0,LOW,sensor
2026-03-10 23:48:10,23.0,0,LOW,sensor
2026-03-10 23:48:12,22.0,0,LOW,sensor
2026-03-10 23:48:14,22.0,0,LOW,sensor
2026-03-10 23:48:16,23.0,0,LOW,sensor
2026-03-10 23:48:18,23.0,0,LOW,sensor
2026-03-10 23:48:20,23.0,0,LOW,sensor
2026-03-10 23:48:22,23.0,0,LOW,sensor
2026-03-10 23:48:24,23.0,0,LOW,sensor
2026-03-10 23:48:26,23.0,0,LOW,sensor
2026-03-10 23:48:28,22.0,0,LOW,sensor
2026-03-10 23:48:30,22.0,0,LOW,sensor
2026-03-10 23:48:32,22.0,0,LOW,sensor
2026-03-10 23:48:34,22.0,0,LOW,sensor
2026-03-10 23:48:36,22.0,0,LOW,sensor
2026-03-10 23:48:38,23.0,0,LOW,sensor
2026-03-10 23:48:40,23.0,0,LOW,sensor
2026-03-10 23:48:42,23.0,0,LOW,sensor
2026-03-10 23:48:44,23.0,0,LOW,sensor
2026-03-10 23:48:46,22.0,0,LOW,sensor
2026-03-10 23:48:48,22.0,0,LOW,sensor
2026-03-10 23:48:50,23.0,0,LOW,sensor
2026-03-10 23:48:52,23.0,0,LOW,sensor
2026-03-10 23:48:54,23.0,0,LOW,sensor
2026-03-10 23:48:56,23.0,0,LOW,sensor
2026-03-10 23:48:58,23.0,0,LOW,sensor
2026-03-10 23:49:00,23.0,0,LOW,sensor
2026-03-10 23:49:02,23.0,0,LOW,sensor
2026-03-10 23:49:04,23.0,0,LOW,sensor
2026-03-10 23:49:06,23.0,0,LOW,sensor
2026-03-10 23:49:08,23.0,0,LOW,sensor
2026-03-10 23:49:10,23.0,0,LOW,sensor
2026-03-10 23:49:12,23.0,0,LOW,sensor
2026-03-10 23:49:14,23.0,0,LOW,sensor
2026-03-10 23:49:16,23.0,0,LOW,sensor
2026-03-10 23:49:18,23.0,0,LOW,sensor
2026-03-10 23:49:20,23.0,0,LOW,sensor
2026-03-10 23:49:22,22.0,0,LOW,sensor
2026-03-10 23:49:24,23.0,0,LOW,sensor
2026-03-10 23:49:26,22.0,0,LOW,sensor
2026-03-10 23:49:28,22.0,0,LOW,sensor
2026-03-10 23:49:30,23.0,0,LOW,sensor
2026-03-10 23:49:32,23.0,0,LOW,sensor
2026-03-10 23:49:34,22.0,0,LOW,sensor
2026-03-10 23:49:36,23.0,0,LOW,sensor
2026-03-10 23:49:38,23.0,0,LOW,sensor
2026-03-10 23:49:40,23.0,0,LOW,sensor
2026-03-10 23:49:42,22.0,0,LOW,sensor
2026-03-10 23:49:44,23.0,0,LOW,sensor
2026-03-10 23:49:46,22.0,0,LOW,sensor
2026-03-10 23:49:48,23.0,0,LOW,sensor
2026-03-10 23:49:50,23.0,0,LOW,sensor
2026-03-10 23:49:52,23.0,0,LOW,sensor
2026-03-10 23:49:54,23.0,0,LOW,sensor
2026-03-10 23:49:56,23.0,0,LOW,sensor
2026-03-10 23:49:58,23.0,0,LOW,sensor
2026-03-10 23:50:00,22.0,0,LOW,sensor
2026-03-10 23:50:02,22.0,0,LOW,sensor
2026-03-10 23:50:04,23.0,0,LOW,sensor
2026-03-10 23:50:06,22.0,0,LOW,sensor
2026-03-10 23:50:08,23.0,0,LOW,sensor
2026-03-10 23:50:10,22.0,0,LOW,sensor
2026-03-10 23:50:12,22.0,0,LOW,sensor
2026-03-10 23:50:14,23.0,0,LOW,sensor
2026-03-10 23:50:16,23.0,0,LOW,sensor
2026-03-10 23:50:18,23.0,0,LOW,sensor
2026-03-10 23:50:20,23.0,0,LOW,sensor
2026-03-10 23:50:22,22.0,0,LOW,sensor
2026-03-10 23:50:24,23.0,0,LOW,sensor
2026-03-10 23:50:26,23.0,0,LOW,sensor
2026-03-10 23:50:28,22.0,0,LOW,sensor
2026-03-10 23:50:30,23.0,0,LOW,sensor
2026-03-10 23:50:32,23.0,0,LOW,sensor
2026-03-10 23:50:34,23.0,0,LOW,sensor
2026-03-10 23:50:36,23.0,0,LOW,sensor
2026-03-10 23:50:38,23.0,0,LOW,sensor
2026-03-10 23:50:40,23.0,0,LOW,sensor
2026-03-10 23:50:42,22.0,0,LOW,sensor
2026-03-10 23:50:44,23.0,0,LOW,sensor
2026-03-10 23:50:46,23.0,0,LOW,sensor
2026-03-10 23:50:48,23.0,0,LOW,sensor
2026-03-10 23:50:50,23.0,0,LOW,sensor
2026-03-10 23:50:52,23.0,0,LOW,sensor
2026-03-10 23:50:54,23.0,0,LOW,sensor
2026-03-10 23:50:56,23.0,0,LOW,sensor
2026-03-10 23:50:58,23.0,0,LOW,sensor
2026-03-10 23:51:00,23.0,0,LOW,sensor
2026-03-10 23:51:02,23.0,0,LOW,sensor
2026-03-10 23:51:04,23.0,0,LOW,sensor
2026-03-10 23:51:06,22.0,0,LOW,sensor
2026-03-10 23:51:08,23.0,0,LOW,sensor
2026-03-10 23:51:10,23.0,0,LOW,sensor
2026-03-10 23:51:12,23.0,0,LOW,sensor
2026-03-10 23:51:14,23.0,0,LOW,sensor
2026-03-10 23:51:16,23.0,0,LOW,sensor
2026-03-10 23:51:18,22.0,0,LOW,sensor
2026-03-10 23:51:20,23.0,0,LOW,sensor
2026-03-10 23:51:22,22.0,0,LOW,sensor
2026-03-10 23:51:24,22.0,0,LOW,sensor
2026-03-10 23:51:26,23.0,0,LOW,sensor
2026-03-10 23:51:28,22.0,0,LOW,sensor
2026-03-10 23:51:31,23.0,0,LOW,sensor
2026-03-10 23:51:32,22.0,0,LOW,sensor
2026-03-10 23:51:34,22.0,0,LOW,sensor
2026-03-10 23:51:36,22.0,0,LOW,sensor
2026-03-10 23:51:38,22.0,0,LOW,sensor
2026-03-10 23:51:40,22.0,0,LOW,sensor
2026-03-10 23:51:42,23.0,0,LOW,sensor
2026-03-10 23:51:44,23.0,0,LOW,sensor
2026-03-10 23:51:46,23.0,0,LOW,sensor
2026-03-10 23:51:48,22.0,0,LOW,sensor
2026-03-10 23:51:50,23.0,0,LOW,sensor
2026-03-10 23:51:52,23.0,0,LOW,sensor
2026-03-10 23:51:54,22.0,0,LOW,sensor
2026-03-10 23:51:57,22.0,0,LOW,sensor
2026-03-10 23:51:59,23.0,0,LOW,sensor
2026-03-10 23:52:01,22.0,0,LOW,sensor
2026-03-10 23:52:02,23.0,0,LOW,sensor
2026-03-10 23:52:04,23.0,0,LOW,sensor
2026-03-10 23:52:06,23.0,0,LOW,sensor
2026-03-10 23:52:08,23.0,0,LOW,sensor
2026-03-10 23:52:10,23.0,0,LOW,sensor
2026-03-10 23:52:12,23.0,0,LOW,sensor
2026-03-10 23:52:14,23.0,0,LOW,sensor
2026-03-10 23:52:16,23.0,0,LOW,sensor
2026-03-10 23:52:18,23.0,0,LOW,sensor
2026-03-10 23:52:20,23.0,0,LOW,sensor
2026-03-10 23:52:22,23.0,0,LOW,sensor
2026-03-10 23:52:25,23.0,0,LOW,sensor
2026-03-10 23:52:27,23.0,0,LOW,sensor
2026-03-10 23:52:29,23.0,0,LOW,sensor
2026-03-10 23:52:31,23.0,0,LOW,sensor
2026-03-10 23:52:32,23.0,0,LOW,sensor
2026-03-10 23:52:34,23.0,0,LOW,sensor
2026-03-10 23:52:36,23.0,0,LOW,sensor
2026-03-10 23:52:38,23.0,0,LOW,sensor
2026-03-10 23:52:40,23.0,0,LOW,sensor
2026-03-10 23:52:42,22.0,0,LOW,sensor
2026-03-10 23:52:44,23.0,0,LOW,sensor
2026-03-10 23:52:46,23.0,0,LOW,sensor
2026-03-10 23:52:48,23.0,0,LOW,sensor
2026-03-10 23:52:50,22.0,0,LOW,sensor
2026-03-10 23:52:53,22.0,0,LOW,sensor
2026-03-10 23:52:55,23.0,0,LOW,sensor
2026-03-10 23:52:57,23.0,0,LOW,sensor
2026-03-10 23:52:59,23.0,0,LOW,sensor
2026-03-10 23:53:01,23.0,0,LOW,sensor
2026-03-10 23:53:02,23.0,0,LOW,sensor
2026-03-10 23:53:04,22.0,0,LOW,sensor
2026-03-10 23:53:06,23.0,0,LOW,sensor
2026-03-10 23:53:08,23.0,0,LOW,sensor
2026-03-10 23:53:10,23.0,0,LOW,sensor
2026-03-10 23:53:12,23.0,0,LOW,sensor
2026-03-10 23:53:14,22.0,0,LOW,sensor
2026-03-10 23:53:17,23.0,0,LOW,sensor
2026-03-10 23:53:19,23.0,0,LOW,sensor
2026-03-10 23:53:21,23.0,0,LOW,sensor
2026-03-10 23:53:23,23.0,0,LOW,sensor
2026-03-10 23:53:25,23.0,0,LOW,sensor
2026-03-10 23:53:27,23.0,0,LOW,sensor
2026-03-10 23:53:29,23.0,0,LOW,sensor
2026-03-10 23:53:31,23.0,0,LOW,sensor
2026-03-10 23:53:33,23.0,0,LOW,sensor
2026-03-10 23:53:34,23.0,0,LOW,sensor
2026-03-10 23:53:36,23.0,0,LOW,sensor
2026-03-10 23:53:38,23.0,0,LOW,sensor
2026-03-10 23:53:40,22.0,0,LOW,sensor
2026-03-10 23:53:42,23.0,0,LOW,sensor
2026-03-10 23:53:45,23.0,0,LOW,sensor
2026-03-10 23:53:47,22.0,0,LOW,sensor
2026-03-10 23:53:49,23.0,0,LOW,sensor
2026-03-10 23:53:51,23.0,0,LOW,sensor
2026-03-10 23:53:53,23.0,0,LOW,sensor
2026-03-10 23:53:55,23.0,0,LOW,sensor
2026-03-10 23:53:57,23.0,0,LOW,sensor
2026-03-10 23:53:59,22.0,0,LOW,sensor
2026-03-10 23:54:01,22.0,0,LOW,sensor
2026-03-10 23:54:03,23.0,0,LOW,sensor
2026-03-10 23:54:04,22.0,0,LOW,sensor
2026-03-10 23:54:06,23.0,0,LOW,sensor
2026-03-10 23:54:08,23.0,0,LOW,sensor
2026-03-10 23:54:10,23.0,0,LOW,sensor
2026-03-10 23:54:13,23.0,0,LOW,sensor
2026-03-10 23:54:15,23.0,0,LOW,sensor
2026-03-10 23:54:17,23.0,0,LOW,sensor
2026-03-10 23:54:19,23.0,0,LOW,sensor
2026-03-10 23:54:21,23.0,0,LOW,sensor
2026-03-10 23:54:23,23.0,0,LOW,sensor
2026-03-10 23:54:25,22.0,0,LOW,sensor
2026-03-10 23:54:27,23.0,0,LOW,sensor
2026-03-10 23:54:29,22.0,0,LOW,sensor
2026-03-10 23:54:31,23.0,0,LOW,sensor
2026-03-10 23:54:32,23.0,0,LOW,sensor
2026-03-10 23:54:34,23.0,0,LOW,sensor
2026-03-10 23:54:37,23.0,0,LOW,sensor
2026-03-10 23:54:39,23.0,0,LOW,sensor
